date,btc_close,btc_volume,btc_return_pct,btc_volatility_30d,btc_sma_50,btc_sma_200,fear_greed_value,fear_greed_classification,coinbase_reviews_count,coinbase_avg_rating,coinbase_sentiment_score,is_weekend
2014-09-17,457.3340148925781,21056800,0.0,,,,,,0,,,0
2014-09-18,424.44000244140625,34483200,-7.1925576012311865,,,,,,0,,,0
2014-09-19,394.7959899902344,37919700,-6.9842645086838235,,,,,,0,,,0
2014-09-20,408.90399169921875,36863600,3.5734916429453367,,,,,,0,,,1
2014-09-21,398.8210144042969,26580100,-2.465854454739269,,,,,,0,,,1
2014-09-22,402.1520080566406,24127600,0.8352101649706567,,,,,,0,,,0
2014-09-23,435.7909851074219,45099500,8.364741783421215,,,,,,0,,,0
2014-09-24,423.2049865722656,30627700,-2.8880814347395978,,,,,,0,,,0
2014-09-25,411.5740051269531,26814400,-2.7483091679796234,,,,,,0,,,0
2014-09-26,404.42498779296875,21460800,-1.7369943788794973,,,,,,0,,,0
2014-09-27,399.5199890136719,15029300,-1.2128327693262664,,,,,,0,,,1
2014-09-28,377.1809997558594,23613300,-5.591457216687113,,,,,,0,,,1
2014-09-29,375.4670104980469,32497700,-0.454420890480145,,,,,,0,,,0
2014-09-30,386.9440002441406,34707300,3.0567238732558177,,,,,,0,,,0
2014-10-01,383.614990234375,26229400,-0.8603337970520819,,,,,,0,,,0
2014-10-02,375.0719909667969,21777700,-2.22697222086099,,,,,,0,,,0
2014-10-03,359.5119934082031,30901200,-4.148536263261304,,,,,,0,,,0
2014-10-04,328.8659973144531,47236500,-8.524332054467354,,,,,,0,,,1
2014-10-05,320.510009765625,83308096,-2.5408487399317115,,,,,,0,,,1
2014-10-06,330.0790100097656,79011800,2.985554258083245,,,,,,0,,,0
2014-10-07,336.18701171875,49199900,1.8504665621736027,,,,,,0,,,0
2014-10-08,352.94000244140625,54736300,4.983235561959076,,,,,,0,,,0
2014-10-09,365.0260009765625,83641104,3.424377642532228,,,,,,0,,,0
2014-10-10,361.56201171875,43665700,-0.9489705523839986,,,,,,0,,,0
2014-10-11,362.29901123046875,13345200,0.2038376510340001,,,,,,0,,,1
2014-10-12,378.54901123046875,17552800,4.485245473017008,,,,,,0,,,1
2014-10-13,390.41400146484375,35221400,3.134333965318792,,,,,,0,,,0
2014-10-14,400.8699951171875,38491500,2.6781810112118443,,,,,,0,,,0
2014-10-15,394.77301025390625,25267100,-1.5209381938149025,,,,,,0,,,0
2014-10-16,382.5559997558594,26990000,-3.0946924386216934,,,,,,0,,,0
2014-10-17,383.75799560546875,13600700,0.31420128043384565,3.9148067794868817,,,,,0,,,0
2014-10-18,391.4419860839844,11416800,2.002301076852442,3.7289750349828688,,,,,0,,,1
2014-10-19,389.5459899902344,5914570,-0.4843619645193642,3.5033134773463455,,,,,0,,,1
2014-10-20,382.8450012207031,16419000,-1.720204787552615,3.450810949644172,,,,,0,,,0
2014-10-21,386.4750061035156,14188900,0.9481656731152865,3.4284240752556054,,,,,0,,,0
2014-10-22,383.1579895019531,11641300,-0.858274545359361,3.4273244319042666,,,,,0,,,0
2014-10-23,358.4169921875,26456900,-6.457126822962156,3.226830677505309,,,,,0,,,0
2014-10-24,358.3450012207031,15585700,-0.02008581299606238,3.1990197731331924,,,,,0,,,0
2014-10-25,347.27099609375,18127500,-3.090319409850706,3.20789524527026,,,,,0,,,1
2014-10-26,354.7040100097656,11272500,2.140407347467921,3.2349252494823912,,,,,0,,,1
2014-10-27,352.989013671875,13033000,-0.48350069057392364,3.231227220836698,,,,,0,,,0
2014-10-28,357.6180114746094,7845880,1.3113716357861849,3.088518953148448,,,,,0,,,0
2014-10-29,335.59100341796875,18192700,-6.1593676352636795,3.2789126336835075,,,,,0,,,0
2014-10-30,345.30499267578125,30177900,2.894591678226255,3.2732827129810724,,,,,0,,,0
2014-10-31,338.3210144042969,12545400,-2.0225535163465924,3.2866740701185724,,,,,0,,,0
2014-11-01,325.7489929199219,16677200,-3.7160037210550945,3.326764296267894,,,,,0,,,1
2014-11-02,325.8919982910156,8603620,0.043900479879277476,3.2517070177492533,,,,,0,,,1
2014-11-03,327.5539855957031,12948500,0.5099810100901436,2.8555648768300665,,,,,0,,,0
2014-11-04,330.49200439453125,15655500,0.8969571209719529,2.8177162337634245,,,,,0,,,0
2014-11-05,339.4859924316406,19817200,2.721393533736638,2.808919578589347,372.76684020996095,,,,0,,,0
2014-11-06,349.2900085449219,18797000,2.887900040604885,2.837047858279793,370.6059600830078,,,,0,,,0
2014-11-07,342.4150085449219,16834200,-1.9682784596788183,2.711190674016211,368.9654602050781,,,,0,,,0
2014-11-08,345.4880065917969,8535470,0.8974484091493373,2.6372936227638304,367.9793005371094,,,,0,,,1
2014-11-09,363.2640075683594,24205600,5.14518612438124,2.803055722037216,367.0665008544922,,,,0,,,1
2014-11-10,366.92401123046875,30450100,1.0075326995947043,2.8083728187804335,366.4285607910156,,,,0,,,0
2014-11-11,367.69500732421875,15838900,0.21012418652148757,2.6828315448742757,365.7394207763672,,,,0,,,0
2014-11-12,423.5610046386719,45783200,15.19356972535466,3.834470115927043,365.4948211669922,,,,0,,,0
2014-11-13,420.7349853515625,58945000,-0.667204784236497,3.812717658423712,365.44542114257814,,,,0,,,0
2014-11-14,397.8179931640625,29589200,-5.446894835320326,3.94009157526283,365.1703009033203,,,,0,,,0
2014-11-15,376.13299560546875,15727500,-5.450984603818743,4.0284231488509095,364.6044610595703,,,,0,,,1
2014-11-16,387.8819885253906,11905600,3.123627295980591,4.067975101089645,364.3717010498047,,,,0,,,1
2014-11-17,387.4079895019531,41518800,-0.12220186486088247,4.05241321273704,364.57624084472656,,,,0,,,0
2014-11-18,375.197998046875,32222500,-3.1517139000605376,4.09341766672571,364.57086059570315,,,,0,,,0
2014-11-19,380.55499267578125,18931800,1.427778041672001,4.089386790662804,364.4430804443359,,,,0,,,0
2014-11-20,357.8399963378906,25233200,-5.968912975802942,4.230058147383298,363.9275805664063,,,,0,,,0
2014-11-21,350.8479919433594,29850100,-1.9539471456759827,4.240900445041349,363.4431005859375,,,,0,,,0
2014-11-22,352.9200134277344,15273000,0.5905752724699953,4.07479708251304,363.31126098632814,,,,0,,,1
2014-11-23,367.572998046875,15151600,4.151927933138033,4.143778176594803,364.08540100097656,,,,0,,,1
2014-11-24,376.9010009765625,30930100,2.537728010287066,4.118637356384978,365.2132208251953,,,,0,,,0
2014-11-25,375.3479919433594,25442200,-0.4120469378375846,4.106780404850563,366.1186004638672,,,,0,,,0
2014-11-26,368.3699951171875,18601700,-1.859073972939984,4.12310239914778,366.76226013183594,,,,0,,,0
2014-11-27,369.6700134277344,8748030,0.3529110209242958,4.118078430962564,367.0968603515625,,,,0,,,0
2014-11-28,376.4469909667969,22946500,1.8332505458648285,3.9481910235061344,367.32528015136717,,,,0,,,0
2014-11-29,375.4909973144531,15375600,-0.25395173166042895,3.9229053035360653,367.60385986328123,,,,0,,,1
2014-11-30,378.0469970703125,9194440,0.6807086652250272,3.897462979724258,367.91881958007815,,,,0,,,1
2014-12-01,379.2449951171875,11763000,0.3168913008591234,3.8178612001491583,367.9327392578125,,,,0,,,0
2014-12-02,381.31500244140625,12364100,0.5458232411423403,3.816549434947562,367.7507592773438,,,,0,,,0
2014-12-03,375.010009765625,13340100,-1.653486654186942,3.8385397012192968,367.2335595703125,,,,0,,,0
2014-12-04,369.60400390625,14529600,-1.4415630832770754,3.8543416531258328,366.73017944335936,,,,0,,,0
2014-12-05,376.85400390625,15181800,1.9615588368569137,3.841324448403348,366.6161395263672,,,,0,,,0
2014-12-06,374.7850036621094,7009320,-0.5490190425720742,3.8162651513898296,366.4366796875,,,,0,,,1
2014-12-07,375.0950012207031,6491650,0.08271343718790902,3.7924782225683877,366.1097399902344,,,,0,,,1
2014-12-08,361.90899658203125,18898700,-3.5153773299456237,3.8563920797749156,365.5570001220703,,,,0,,,0
2014-12-09,352.218994140625,32915500,-2.6774693453109233,3.775781980598196,364.94447998046877,,,,0,,,0
2014-12-10,346.364990234375,16427700,-1.6620352688625162,3.7817711891227153,364.14227966308596,,,,0,,,0
2014-12-11,350.5060119628906,32431300,1.1955659045429279,3.789063102023571,363.4892401123047,,,,0,,,0
2014-12-12,352.5419921875,16989800,0.5808688453609046,2.463589608641532,363.3717401123047,,,,0,,,0
2014-12-13,347.3760070800781,11675900,-1.4653531272593279,2.4688664114891816,363.15236022949216,,,,0,,,1
2014-12-14,351.6319885253906,12415200,1.2251800235389965,2.3134437867789437,363.239580078125,,,,0,,,1
2014-12-15,345.3450012207031,17264200,-1.7879452125651896,2.1258714948090507,363.0523999023437,,,,0,,,0
2014-12-16,327.06201171875,30864900,-5.294123105105797,2.217131391115182,362.53385986328124,,,,0,,,0
2014-12-17,319.7760009765625,37567900,-2.227715381526163,2.236597145034168,361.77701965332034,,,,0,,,0
2014-12-18,311.39599609375,39173000,-2.6205859280311383,2.217831929910178,361.2931195068359,,,,0,,,0
2014-12-19,317.8429870605469,23823100,2.070351272228921,2.2410255470203952,360.74387939453123,,,,0,,,0
2014-12-20,329.95599365234375,20856700,3.8110032578725583,2.1381297307463867,360.5765789794922,,,,0,,,1
2014-12-21,320.8429870605469,15207600,-2.761885453548918,2.1652757284704247,360.4784588623047,,,,0,,,1
2014-12-22,331.885986328125,22315100,3.4418702333968154,2.2648591849570243,360.59833862304686,,,,0,,,0
2014-12-23,334.5719909667969,16574200,0.809315472578076,2.1221348605414527,360.73869873046874,,,,0,,,0
2014-12-24,322.53399658203125,15092300,-3.5980281403652503,2.135719541839719,360.57953857421876,,,,0,,,0
2014-12-25,319.00799560546875,9883640,-1.093218393697526,2.1384184889318187,360.1699786376953,,,,0,,,0
2014-12-26,327.92401123046875,16410500,2.7949191706237997,2.2055659868037485,359.74265869140623,,,,0,,,0
2014-12-27,315.8630065917969,15185200,-3.6779876512901266,2.281890899990967,359.21161865234376,,,,0,,,1
2014-12-28,317.239013671875,11676600,0.43563413611660273,2.2466568745216313,358.6466387939453,,,,0,,,1
2014-12-29,312.6700134277344,12302500,-1.4402390775512863,2.2518051984460112,357.6347589111328,,,,0,,,0
2014-12-30,310.73699951171875,12528300,-0.6182281104684106,2.2391051706010896,356.5110186767578,,,,0,,,0
2014-12-31,320.1929931640625,13942900,3.0430858466170996,2.3321256741420107,355.5609783935547,,,,0,,,0
2015-01-01,314.2489929199219,8036550,-1.856380486469611,2.334931031611671,353.3747381591797,,,,0,,,0
2015-01-02,315.0320129394531,7860650,0.24917184690256278,2.3316247539846007,351.2606787109375,,,,0,,,0
2015-01-03,281.0820007324219,33054400,-10.776686435849992,2.9855380727280125,348.9259588623047,,,,0,,,1
2015-01-04,264.19500732421875,55629100,-6.00785299812876,3.078555012002363,346.6871990966797,,,,0,,,1
2015-01-05,274.4739990234375,43962800,3.890683553533014,3.211280731152579,344.4190393066406,,,,0,,,0
2015-01-06,286.1889953613281,23245700,4.268162514326268,3.3471628312979775,342.3946594238281,,,,0,,,0
2015-01-07,294.3370056152344,24866800,2.8470732229305185,3.373408564849888,340.77743957519533,,,,0,,,0
2015-01-08,283.3489990234375,19982500,-3.733137995621494,3.4008957306215506,338.83331970214846,,,,0,,,0
2015-01-09,290.4079895019531,18718600,2.4912706601556422,3.4431941192240467,337.4846795654297,,,,0,,,0
2015-01-10,274.7959899902344,15264300,-5.375884988044987,3.5375769572126483,335.96363952636716,,,,0,,,1
2015-01-11,265.6600036621094,18200800,-3.324643248414827,3.5588661795061327,334.2184393310547,,,,0,,,1
2015-01-12,267.7959899902344,18880300,0.804030075540374,3.570009895455387,332.2228991699219,,,,0,,,0
2015-01-13,225.86099243164062,72843904,-15.659307504986531,4.459722243012976,329.20209899902346,,,,0,,,0
2015-01-14,178.10299682617188,97638704,-21.144862196566873,5.739839532823949,325.2571990966797,,,,0,,,0
2015-01-15,209.843994140625,81773504,17.82170871915887,6.746790317447901,322.08667907714846,,,,0,,,0
2015-01-16,208.0970001220703,38421000,-0.832520380537527,6.744540697587975,318.8552188110352,,,,0,,,0
2015-01-17,199.25999450683594,23469700,-4.246580013191236,6.762929748314604,315.3114788818359,,,,0,,,1
2015-01-18,210.33900451660156,30085100,5.560077444138223,6.851366307832312,312.0084390258789,,,,0,,,1
2015-01-19,214.86099243164062,18658300,2.1498570488300173,6.816687521733649,308.74471893310545,,,,0,,,0
2015-01-20,211.31500244140625,24051100,-1.6503647079460282,6.810837587010062,305.38611907958983,,,,0,,,0
2015-01-21,226.89700317382812,29924600,7.37382606648691,6.938831640629512,302.2977590942383,,,,0,,,0
2015-01-22,233.406005859375,33544600,2.8687036825075563,6.967645119864659,299.46567901611326,,,,0,,,0
2015-01-23,232.87899780273438,24621700,-0.22579027249116645,6.950598176919666,296.73117889404296,,,,0,,,0
2015-01-24,247.8470001220703,24782500,6.427373211222309,7.075483351260132,294.1510388183594,,,,0,,,1
2015-01-25,253.71800231933594,33582700,2.368800991891784,7.068889232121836,291.7296987915039,,,,0,,,1
2015-01-26,273.4729919433594,106794000,7.786199419605744,7.20526126931255,289.697258605957,,,,0,,,0
2015-01-27,263.4750061035156,44399000,-3.6559317133278313,7.231161174161519,287.7285787963867,,,,0,,,0
2015-01-28,233.9149932861328,44352200,-11.219285371519872,7.497360477134098,285.36249877929686,,,,0,,,0
2015-01-29,233.51300048828125,32213400,-0.1718542245643162,7.497928662765614,283.105458984375,,,,0,,,0
2015-01-30,226.4250030517578,26605200,-3.035375941254781,7.476385721046063,280.6238388061523,,,,0,,,0
2015-01-31,217.46400451660156,23348200,-3.9576011546339163,7.495791458496522,277.9222790527344,,,,0,,,1
2015-02-01,226.9720001220703,29128500,4.372215818707081,7.555847520689496,275.5141989135742,,,,0,,,1
2015-02-02,238.22900390625,30612100,4.959644263664864,7.383593275375693,273.2461392211914,,,,0,,,0
2015-02-03,227.26800537109375,40783700,-4.601034448126951,7.350320582762724,270.88459930419924,,,,0,,,0
2015-02-04,226.85299682617188,26594300,-0.1826075536872085,7.309118966939106,268.88041900634767,,,,0,,,0
2015-02-05,217.11099243164062,22516400,-4.294412915336599,7.289155640985251,266.8271188354492,,,,0,,,0
2015-02-06,222.26600646972656,24435300,2.374368050345965,7.281844117182727,265.0445190429688,,,,0,,,0
2015-02-07,227.75399780273438,21604200,2.469109613374587,7.279779643747651,263.2427392578125,,,,0,,,1
2015-02-08,223.41200256347656,17145200,-1.9064408445723768,7.262593087032676,261.11185943603516,,,,0,,,1
2015-02-09,220.11000061035156,27791300,-1.477987715627238,7.208965764524969,259.0971997070312,,,,0,,,0
2015-02-10,219.83900451660156,21115100,-0.12311848303054873,7.188996083736366,256.8562600708008,,,,0,,,0
2015-02-11,219.18499755859375,17201900,-0.29749359511789253,7.185614160001617,254.54852020263672,,,,0,,,0
2015-02-12,221.76400756835938,15206200,1.1766361924821833,6.585560534178869,252.53312042236328,,,,0,,,0
2015-02-13,235.427001953125,42744400,6.161051351199975,5.3018838326898825,250.86150054931642,,,,0,,,0
2015-02-14,257.3210144042969,49732500,9.299703207167,4.547886265895393,249.44944061279296,,,,0,,,1
2015-02-15,234.8249969482422,56552400,-8.742394206758973,4.863096506406399,247.82868041992188,,,,0,,,1
2015-02-16,233.84300231933594,28153700,-0.4181814720187971,4.783316032311682,246.1607601928711,,,,0,,,0
2015-02-17,243.61000061035156,27363100,4.176733190278581,4.740791788695159,244.77955993652344,,,,0,,,0
2015-02-18,236.3260040283203,25200800,-2.990023629482208,4.775603181891108,243.29134002685547,,,,0,,,0
2015-02-19,240.2830047607422,18270500,1.6743822791281504,4.76425327176406,241.69314025878907,,,,0,,,0
2015-02-20,243.7790069580078,23876700,1.4549519225243168,4.590879643073171,240.2837405395508,,,,0,,,0
2015-02-21,244.53399658203125,12284200,0.3097024774383117,4.566026695320723,238.87378021240235,,,,0,,,1
2015-02-22,235.9770050048828,19527000,-3.499305494022753,4.616795550772325,237.97168029785155,,,,0,,,1
2015-02-23,238.89199829101562,16400000,1.2352870086102197,4.468207822655803,237.4656201171875,,,,0,,,0
2015-02-24,238.73500061035156,14200400,-0.06571910394118641,4.445279066062711,236.7508401489258,,,,0,,,0
2015-02-25,237.47000122070312,11496200,-0.5298759655745222,4.187985385403253,235.77646026611328,,,,0,,,0
2015-02-26,236.42599487304688,13619400,-0.43963715091994704,4.142242102420892,234.61824005126954,,,,0,,,0
2015-02-27,253.8280029296875,44013900,7.360446158209011,3.8266329013514326,234.02782012939454,,,,0,,,0
2015-02-28,254.26300048828125,13949300,0.17137492852363767,3.8255533212102657,233.3049203491211,,,,0,,,1
2015-03-01,260.2019958496094,25213700,2.335768613570588,3.7869268352614545,233.01304046630858,,,,0,,,1
2015-03-02,275.6700134277344,40465700,5.944619113169725,3.8134292124003784,233.2132406616211,,,,0,,,0
2015-03-03,281.7019958496094,50461300,2.188116997881684,3.764672190685481,233.4913607788086,,,,0,,,0
2015-03-04,273.0920104980469,41383000,-3.0564161697168357,3.742991918034552,234.43598114013673,,,,0,,,0
2015-03-05,276.1780090332031,41302400,1.1300215372570532,3.616536988154664,236.39748138427734,,,,0,,,0
2015-03-06,272.7229919433594,28918900,-1.2510109338315867,3.630908958717508,237.65506134033203,,,,0,,,0
2015-03-07,276.260986328125,17825900,1.2972849702017175,3.508249417012669,239.01834106445312,,,,0,,,1
2015-03-08,274.35400390625,22067900,-0.6902829267430466,3.5074142692324863,240.52022125244142,,,,0,,,1
2015-03-09,289.60699462890625,59178200,5.55960201254011,3.603319330892642,242.1055810546875,,,,0,,,0
2015-03-10,291.760009765625,67770800,0.7434264975117566,3.56528547496436,243.64356140136718,,,,0,,,0
2015-03-11,296.3789978027344,33963900,1.583146381445455,3.536956904768292,245.34484130859374,,,,0,,,0
2015-03-12,294.35400390625,32585200,-0.6832447344437664,3.5448688313172942,246.69398132324218,,,,0,,,0
2015-03-13,285.3370056152344,31421500,-3.063317696159995,3.616050338690968,247.73260131835937,,,,0,,,0
2015-03-14,281.885009765625,22612300,-1.2097960592830526,3.63698469052542,248.7127215576172,,,,0,,,1
2015-03-15,286.39300537109375,11970100,1.5992321156832467,3.5007901042253344,249.48364166259765,,,,0,,,1
2015-03-16,290.5929870605469,21516100,1.4665098695448187,3.108494937506925,250.22114135742189,,,,0,,,0
2015-03-17,285.5050048828125,21497200,-1.750896409855296,2.6188398751006723,250.46178161621094,,,,0,,,0
2015-03-18,256.29901123046875,57008000,-10.229590778743635,3.2885137393486104,250.31826171875,,,,0,,,0
2015-03-19,260.9280090332031,52732000,1.8060927275961758,3.221411398615932,250.8585220336914,,,,0,,,0
2015-03-20,261.7489929199219,18456700,0.3146399996537985,3.161684308310289,251.42324188232422,,,,0,,,0
2015-03-21,260.0249938964844,17130100,-0.6586459050732407,3.1576979066195237,252.09524169921875,,,,0,,,1
2015-03-22,267.9599914550781,18438100,3.051628783713256,3.1909005576493583,253.10516143798827,,,,0,,,1
2015-03-23,266.739990234375,22811900,-0.4552923046751367,3.1944177404148304,253.90052124023438,,,,0,,,0
2015-03-24,245.59500122070312,40073700,-7.927191192851335,3.4684723388105647,254.04784118652344,,,,0,,,0
2015-03-25,246.19700622558594,35866900,0.24512103336411517,3.462914251976583,254.42642120361327,,,,0,,,0
2015-03-26,248.53199768066406,25730000,0.948423984058766,3.46558845861227,254.8600012207031,,,,0,,,0
2015-03-27,247.0290069580078,17274900,-0.6047473712368467,3.4661541498154556,255.45836151123046,,,,0,,,0
2015-03-28,252.79800415039062,16040900,2.3353521367486474,3.485720743954577,256.0690014648437,,,,0,,,1
2015-03-29,242.71299743652344,21699400,-3.9893537719022376,3.3022140184514215,256.36818145751954,,,,0,,,1
2015-03-30,247.5260009765625,23009600,1.9830019780040065,3.3237472239465515,256.85046142578125,,,,0,,,0
2015-03-31,244.2239990234375,22672000,-1.3340020604290626,3.3009534323677028,257.33274139404296,,,,0,,,0
2015-04-01,247.27200317382812,22877200,1.2480362956050595,3.1072905534256874,257.8814013671875,,,,0,,,0
2015-04-02,253.0050048828125,26272600,2.318500127551504,3.110999096353009,258.55780151367185,,,,0,,,0
2015-04-03,254.32200622558594,23146600,0.5205435929551916,3.070355496504834,259.2089614868164,,,,0,,,0
2015-04-04,253.69700622558594,12493500,-0.2457514429347607,3.060218922654228,259.5743615722656,310.84317024230955,,,0,,,1
2015-04-05,260.5979919433594,19649200,2.7201683695223133,3.1004132115606113,259.63990112304685,309.8594901275635,,,0,,,1
2015-04-06,255.49200439453125,20034200,-1.9593349552508799,3.1066862672467552,260.05324127197264,309.0147501373291,,,0,,,0
2015-04-07,253.17999267578125,18467400,-0.9049252731916368,3.108072752461847,260.4399810791016,308.3066701507568,,,0,,,0
2015-04-08,245.02200317382812,30086400,-3.222209391719244,2.9548216752142697,260.4682211303711,307.4872602081299,,,0,,,0
2015-04-09,243.67599487304688,21643500,-0.5493418074075329,2.945295660809303,260.61522094726564,306.7115351104736,,,0,,,0
2015-04-10,236.07200622558594,28882000,-3.1205325134396444,2.952742117025248,260.5310009765625,305.88113510131836,,,0,,,0
2015-04-11,236.552001953125,16365200,0.2033259831241363,2.9574695165688696,260.38646087646487,304.8849401855469,,,0,,,1
2015-04-12,236.1529998779297,12387900,-0.16867414855967766,2.9241357277381583,260.2188409423828,303.9496802520752,,,0,,,1
2015-04-13,224.58700561523438,31181800,-4.897669844835306,3.0269882686371665,259.99104095458983,303.0147452545166,,,0,,,0
2015-04-14,219.15899658203125,31719000,-2.4168847250684022,3.010164968879753,259.5963809204102,302.08841529846194,,,0,,,0
2015-04-15,223.83299255371094,22562000,2.132696373215137,3.0301764867003116,259.2983407592773,301.2099803161621,,,0,,,0
2015-04-16,228.572998046875,24805400,2.117652737018494,3.0712427783578296,259.12040069580075,300.46694030761716,,,0,,,0
2015-04-17,222.8820037841797,20429800,-2.48979289387814,2.517539747323669,258.8495208740234,299.70401527404783,,,0,,,0
2015-04-18,223.3560028076172,12939000,0.21266814520228827,2.4852664401818663,258.24008087158205,298.8860752868652,,,0,,,1
2015-04-19,222.60000610351562,15021500,-0.33847163031150984,2.480864022309393,257.60682098388673,298.08100036621096,,,0,,,1
2015-04-20,224.62600708007812,18364700,0.910153154093063,2.4940821367165795,256.8953012084961,297.32877044677736,,,0,,,0
2015-04-21,235.2689971923828,24978000,4.738093442808933,2.592914209050945,256.08728088378905,296.70755546569825,,,0,,,0
2015-04-22,234.17599487304688,23847900,-0.4645755847049293,2.5929216285468035,255.1367608642578,296.2341054534912,,,0,,,0
2015-04-23,236.46200561523438,17036000,0.9761934580129861,2.1779999395889043,254.40416076660156,295.81386543273925,,,0,,,0
2015-04-24,231.26800537109375,21448700,-2.1965474878836044,2.209921397422797,253.50596069335938,295.3198104095459,,,0,,,0
2015-04-25,226.38999938964844,13957200,-2.1092437640122474,2.2263135582062534,252.57930084228516,294.77082534790037,,,0,,,1
2015-04-26,219.42999267578125,28943700,-3.074343713340466,2.28341149231201,251.44268096923827,294.10327529907227,,,0,,,1
2015-04-27,229.28599548339844,38574000,4.491638853663882,2.402309930268194,250.54132080078125,293.42457527160644,,,0,,,0
2015-04-28,225.85499572753906,21469200,-1.4963843511793584,2.31158559667098,249.2662808227539,292.74604019165037,,,0,,,0
2015-04-29,225.80799865722656,18936500,-0.020808514844272707,2.2745716317386777,247.94724060058593,292.06358512878415,,,0,,,0
2015-04-30,236.14500427246094,33818600,4.577785409154522,2.4308832249490555,246.74256072998048,291.35156509399417,,,0,,,0
2015-05-01,232.07899475097656,18815300,-1.7218274568252423,2.4352520803608146,245.497060546875,290.5598900604248,,,0,,,0
2015-05-02,234.92999267578125,12535500,1.2284601318028887,2.4045869817951364,244.48892028808595,289.73019004821776,,,0,,,1
2015-05-03,240.35800170898438,18494100,2.3104793778690125,2.4454279487857007,243.65838012695312,288.95811500549314,,,0,,,1
2015-05-04,239.01800537109375,21223400,-0.5575001990210549,2.4464702821189106,242.71088012695313,288.24042503356935,,,0,,,0
2015-05-05,236.12100219726562,23929100,-1.2120439082948242,2.391012966640228,241.6214404296875,287.5022400665283,,,0,,,0
2015-05-06,229.78199768066406,29587200,-2.6846423899665184,2.4119378118198687,240.50698028564454,286.6939401245117,,,0,,,0
2015-05-07,237.33399963378906,29064400,3.2865942629762834,2.497079577095654,240.12768005371095,285.9328801727295,,,0,,,0
2015-05-08,243.86300659179688,27445500,2.750978354589817,2.4846779148722877,239.7863800048828,285.23797019958494,,,0,,,0
2015-05-09,241.83200073242188,19790500,-0.8328470512031005,2.487431677501472,239.3880401611328,284.5147551727295,,,0,,,1
2015-05-10,240.29600524902344,15019100,-0.6351498059588678,2.420243439974682,238.9934603881836,283.80044525146485,,,0,,,1
2015-05-11,242.1580047607422,20892300,0.774877430770915,2.423435654093139,238.47742065429688,283.21915031433105,,,0,,,0
2015-05-12,241.11199951171875,19282600,-0.4319515475265434,2.4249422095740107,237.96486083984374,282.6329853057861,,,0,,,0
2015-05-13,236.3769989013672,27180100,-1.9638179020291524,2.2708033251190805,237.78050079345704,282.0785153198242,,,0,,,0
2015-05-14,236.9290008544922,24413700,0.23352608574040978,2.2165774328879086,237.59514068603517,281.4896402740479,,,0,,,0
2015-05-15,237.60499572753906,16329400,0.2853153774375006,2.1889283238151624,237.37660064697266,280.9127201843262,,,0,,,0
2015-05-16,236.1529998779297,11089700,-0.611096515527132,2.1639998876045916,237.1590805053711,280.3053951263428,,,0,,,1
2015-05-17,236.802001953125,11134300,0.2748227105015877,2.1066420041694665,236.8391604614258,279.81145011901856,,,0,,,1
2015-05-18,233.1280059814453,16780300,-1.551505452393498,2.1314274814944243,236.64746063232423,279.25056518554686,,,0,,,0
2015-05-19,231.94700622558594,14241900,-0.5065885374378243,2.133015999918225,236.33588073730468,278.71869514465334,,,0,,,0
2015-05-20,234.01800537109375,15499400,0.8928759974998757,2.13280850246167,236.1317608642578,278.2600402069092,,,0,,,0
2015-05-21,235.343994140625,15108900,0.5666182682946053,1.9522750487634137,235.89320068359376,277.80730018615725,,,0,,,0
2015-05-22,240.34800720214844,27003000,2.126254838070518,1.987124799766168,235.64006072998046,277.37127029418946,,,0,,,0
2015-05-23,238.8719940185547,14605000,-0.614115007973548,1.9843114250836869,235.33106048583986,276.91317024230955,,,0,,,1
2015-05-24,240.9530029296875,11508000,0.8711816216392387,1.943021154091712,235.07618041992188,276.4205052947998,,,0,,,1
2015-05-25,237.11000061035156,14423900,-1.5949177941797066,1.9245356266504345,234.60642059326173,275.85960525512695,,,0,,,0
2015-05-26,237.11599731445312,16425000,0.0025290810535816277,1.824973330234955,234.23890045166016,275.3331101989746,,,0,,,0
2015-05-27,237.2830047607422,18837000,0.07043280427325715,1.6420363653391354,233.92096069335938,274.7920851898193,,,0,,,0
2015-05-28,237.4080047607422,13829600,0.052679710511105426,1.6133238473174696,233.76868072509765,274.1628051757813,,,0,,,0
2015-05-29,237.0959930419922,14805000,-0.13142426223767822,1.613922274059123,233.63708068847657,273.51366508483886,,,0,,,0
2015-05-30,233.34500122070312,14098600,-1.5820561845702352,1.4139453740601784,233.58254058837892,272.8419150543213,,,0,,,1
2015-05-31,230.19000244140625,14730800,-1.3520747231747232,1.4002357362771822,233.45530059814453,271.87506004333494,,,0,,,1
2015-06-01,222.92599487304688,26090500,-3.155657279341828,1.4914863424522689,233.19076049804687,270.8860150909424,,,0,,,0
2015-06-02,225.80299377441406,20459000,1.2905623245084596,1.444007398456648,233.21508026123047,270.02594009399417,,,0,,,0
2015-06-03,225.87399291992188,17752400,0.03144296021988513,1.4429535380185383,233.3493801879883,269.2746450805664,,,0,,,0
2015-06-04,224.32400512695312,14728100,-0.6862179097875454,1.4331238734808909,233.35920043945313,268.45685516357423,,,0,,,0
2015-06-05,224.95199584960938,18056500,0.27994806989151133,1.3530663926379058,233.2867803955078,267.6445751953125,,,0,,,0
2015-06-06,225.61900329589844,11131500,0.2965110150589645,1.199289172864421,233.3415203857422,266.89668022155763,,,0,,,1
2015-06-07,222.88099670410156,13318400,-1.2135531811591216,1.0797491522217026,233.33202026367186,266.1083102416992,,,0,,,1
2015-06-08,228.48899841308594,23378400,2.516141704278896,1.189626089443448,233.44980010986328,265.4615552520752,,,0,,,0
2015-06-09,229.04800415039062,28353100,0.2446532398439949,1.18891781627539,233.53824005126953,264.8525553131104,,,0,,,0
2015-06-10,228.80299377441406,15904800,-0.10696900716746782,1.1760219251011248,233.40891998291016,264.2319702148437,,,0,,,0
2015-06-11,229.7050018310547,14416000,0.3942291321283875,1.1796400161578795,233.3195001220703,263.54263023376467,,,0,,,0
2015-06-12,229.98199462890625,14017700,0.12058631533644615,1.1297377653045002,233.18989990234374,262.80803520202636,,,0,,,0
2015-06-13,232.40199279785156,13305300,1.0522554919354388,1.1474526884126068,233.2125796508789,262.09330520629885,,,0,,,1
2015-06-14,233.54299926757812,12165900,0.49096242936221834,1.1501848101336023,233.3556396484375,261.41917022705076,,,0,,,1
2015-06-15,236.822998046875,19912100,1.4044517667339163,1.17494306583003,233.70349975585938,260.7549351501465,,,0,,,0
2015-06-16,250.89500427246094,41612000,5.941993109470145,1.5975472096307821,234.13567993164062,260.1271752166748,,,0,,,0
2015-06-17,249.28399658203125,43858400,-0.6421043316909625,1.5714828079029923,234.60425994873046,259.4961402130127,,,0,,,0
2015-06-18,249.0070037841797,30980200,-0.11111535503660619,1.5666958084134461,235.06824005126953,258.850940246582,,,0,,,0
2015-06-19,244.6060028076172,23965300,-1.7674205583297353,1.6038159476077447,235.23746002197265,258.1777452850342,,,0,,,0
2015-06-20,245.21200561523438,20608100,0.24774649872096877,1.6020829635131915,235.50012023925783,257.4972303009033,,,0,,,1
2015-06-21,243.94400024414062,10600900,-0.5171057460715778,1.5617838557427275,235.680400390625,256.8419002532959,,,0,,,1
2015-06-22,246.99000549316406,17692500,1.248649380995226,1.5710145987387962,235.8130404663086,256.2288302612305,,,0,,,0
2015-06-23,244.29600524902344,15108700,-1.0907324929045337,1.5796160134772739,235.9186004638672,255.56604026794435,,,0,,,0
2015-06-24,240.51499938964844,17344900,-1.547714976149872,1.5779356043305532,236.00648040771483,254.89469024658203,,,0,,,0
2015-06-25,242.7989959716797,16133100,0.9496275025787648,1.58621145535423,236.26682037353515,254.2332102203369,,,0,,,0
2015-06-26,243.593994140625,13983500,0.32743058337771913,1.5867906590153422,236.39202026367187,253.64163520812988,,,0,,,0
2015-06-27,250.99000549316406,20488600,3.03620431145335,1.6748074014537115,236.5345602416992,253.13549026489258,,,0,,,1
2015-06-28,249.01100158691406,15137600,-0.7884791676710412,1.6835505018411987,236.67814025878906,252.64872032165528,,,0,,,1
2015-06-29,257.0639953613281,34742900,3.2339911582594416,1.738737099154845,237.01350006103516,252.18151023864746,,,0,,,0
2015-06-30,263.0719909667969,44533800,2.3371595065360795,1.7455607796127492,237.43177978515624,251.73416023254396,,,0,,,0
2015-07-01,258.6210021972656,27029800,-1.6919280358101751,1.6593225161647793,237.78195983886718,251.2903852081299,,,0,,,0
2015-07-02,255.41200256347656,21551900,-1.240811692215693,1.6824293024242603,238.16265991210938,250.80928527832032,,,0,,,0
2015-07-03,256.33599853515625,19033800,0.36176685606230663,1.680845027990483,238.55079986572267,250.36424026489257,,,0,,,0
2015-07-04,260.885986328125,15620400,1.7750092920892246,1.6842432685021134,239.01641967773438,250.03336013793944,,,0,,,1
2015-07-05,271.9129943847656,44156100,4.226753691082363,1.8141414338838817,239.7316195678711,249.79404510498046,,,0,,,1
2015-07-06,269.0299987792969,49154800,-1.0602640054006462,1.8399754868167721,240.37617950439454,249.58221511840821,,,0,,,0
2015-07-07,266.2070007324219,28857600,-1.0493246328231565,1.8346167762117191,241.03775939941406,249.3240351867676,,,0,,,0
2015-07-08,270.7850036621094,36980200,1.7197154534223102,1.8117001007133433,241.81451934814453,249.0281802368164,,,0,,,0
2015-07-09,269.2279968261719,40301200,-0.5749974388834178,1.8231277526119454,242.51871917724608,248.77010528564452,,,0,,,0
2015-07-10,284.8940124511719,100390000,5.818865723357458,2.0550856310497037,243.50971954345704,248.53514541625975,,,0,,,0
2015-07-11,293.114990234375,41109900,2.8856267327177054,2.090106843989568,244.56505920410157,248.32786041259766,,,0,,,1
2015-07-12,310.86700439453125,56405000,6.056331048085162,2.291263835555088,246.0049594116211,248.26952545166014,,,0,,,1
2015-07-13,292.0539855957031,62053900,-6.051790165209015,2.6312353799539823,247.0269790649414,248.13475540161133,,,0,,,0
2015-07-14,287.4639892578125,28727200,-1.5716259884378525,2.666238817543173,248.03405883789063,247.93245529174806,,,0,,,0
2015-07-15,285.8290100097656,27486600,-0.5687596739571199,2.67332722354677,249.00831909179686,247.78228530883788,,,0,,,0
2015-07-16,278.0889892578125,49482600,-2.7079199384585473,2.5478627262833236,249.82443878173828,247.58653518676758,,,0,,,0
2015-07-17,279.47198486328125,27591400,0.49732123848549303,2.540664200230594,250.66571838378906,247.4205450439453,,,0,,,0
2015-07-18,274.9010009765625,25187100,-1.6355785675458256,2.5666157910632412,251.42181854248048,247.24136505126953,,,0,,,1
2015-07-19,273.614013671875,15332500,-0.46816392087172254,2.5402731898106725,252.2271987915039,247.0084701538086,,,0,,,1
2015-07-20,278.9809875488281,22711400,1.961512791296327,2.5558314121703667,253.20301849365234,246.83213012695313,,,0,,,0
2015-07-21,275.8330078125,22930700,-1.1283850430048203,2.5663244344097675,254.26115875244142,246.63613510131836,,,0,,,0
2015-07-22,277.22198486328125,19389800,0.5035572289903145,2.561850000174542,255.28953857421874,246.61683502197266,,,0,,,0
2015-07-23,276.04901123046875,18531300,-0.4231171035699033,2.551177375445385,256.2930389404297,246.67610504150392,,,0,,,0
2015-07-24,288.27801513671875,37199400,4.43001184888876,2.6230537525481536,257.572119140625,246.7451251220703,,,0,,,0
2015-07-25,288.6969909667969,20662200,0.14533742015652162,2.6238759108055194,258.8470190429687,246.75766510009765,,,0,,,1
2015-07-26,292.6860046386719,16032300,1.3817302558355227,2.6269937730329693,260.18835906982423,246.74941009521484,,,0,,,1
2015-07-27,293.6239929199219,30592000,0.32047595935034145,2.5883307639908724,261.6032189941406,246.80078506469727,,,0,,,0
2015-07-28,294.427001953125,25453600,0.2734820902126067,2.576537609970365,262.9219790649414,246.8208801269531,,,0,,,0
2015-07-29,289.5899963378906,24672600,-1.642853944491296,2.5578695128465982,264.13281890869143,246.8948501586914,,,0,,,0
2015-07-30,287.72198486328125,21635800,-0.6450538686529117,2.539047331867226,265.31119873046873,247.00516006469726,,,0,,,0
2015-07-31,284.6499938964844,23629100,-1.0676942077459284,2.5244226001715715,266.4100985717773,247.08943008422852,,,0,,,0
2015-08-01,281.60101318359375,18995000,-1.0711332437264742,2.520921515257104,267.4424789428711,247.36813018798827,,,0,,,1
2015-08-02,282.614013671875,17722200,0.35972899274365755,2.5209213920294866,268.44671936035155,247.89068527221679,,,0,,,1
2015-08-03,281.22698974609375,21474100,-0.4907838460521785,2.510872581338821,269.40039916992185,248.24760025024415,,,0,,,0
2015-08-04,285.2179870605469,21908700,1.4191373730012113,2.408979399540326,270.3682989501953,248.63320518493651,,,0,,,0
2015-08-05,281.8819885253906,20128000,-1.1696311896514655,2.411014180247251,270.98803863525393,249.0463151550293,,,0,,,0
2015-08-06,278.5769958496094,18792100,-1.1724738757061592,2.4132893804537963,271.57389862060546,249.38750511169434,,,0,,,0
2015-08-07,279.5849914550781,42484800,0.36183734496617603,2.396076771274772,272.1854583740234,249.71112510681152,,,0,,,0
2015-08-08,260.99700927734375,58533000,-6.648419173359299,2.695880248212061,272.51327850341795,249.95953514099122,,,0,,,1
2015-08-09,265.0830078125,23789600,1.5655346191397745,2.478689650620794,272.91069854736327,250.15046516418457,,,0,,,1
2015-08-10,264.4700012207031,20979400,-0.23125080587227398,2.408795088324228,273.3212185668945,250.30578514099122,,,0,,,0
2015-08-11,270.385986328125,25433900,2.236921042127915,2.147225026995842,273.78913818359376,250.49332008361816,,,0,,,0
2015-08-12,266.3760070800781,26815400,-1.4830573516412149,1.8811063773481635,274.23073822021485,250.5859651184082,,,0,,,0
2015-08-13,264.0799865722656,27685500,-0.8619471899818154,1.868842471630232,274.7020379638672,250.63777503967285,,,0,,,0
2015-08-14,265.67999267578125,27091200,0.6058793490122394,1.8745621664302574,275.1596578979492,250.59881004333496,,,0,,,0
2015-08-15,261.5509948730469,19321100,-1.554124479284047,1.8332702425122462,275.5187979125977,250.5891899871826,,,0,,,1
2015-08-16,258.5069885253906,29717000,-1.163829007468986,1.8369491627935135,275.6691375732422,250.71214996337892,,,0,,,1
2015-08-17,257.97601318359375,21617900,-0.20540076878606817,1.8180253311268544,275.84843780517576,250.83446502685547,,,0,,,0
2015-08-18,211.07899475097656,42147200,-18.178829052312707,3.7541921156575633,274.9287377929688,250.75773498535156,,,0,,,0
2015-08-19,226.6840057373047,60869200,7.3929720030827095,4.013277960159976,274.2009780883789,250.8038349914551,,,0,,,0
2015-08-20,235.35000610351562,32275000,3.822943016215108,4.092037317790376,273.7355581665039,250.8457250213623,,,0,,,0
2015-08-21,232.56900024414062,23173800,-1.1816468184631446,4.090209111452982,273.2786981201172,250.81742500305177,,,0,,,0
2015-08-22,230.38999938964844,23205900,-0.936926611975275,4.09096975936389,272.75977813720704,250.83303497314452,,,0,,,1
2015-08-23,228.16900634765625,18406600,-0.9640145179374393,3.9833511598098794,272.10543853759765,250.83961502075195,,,0,,,1
2015-08-24,210.4949951171875,59220700,-7.746017530329796,4.181715562500843,270.8770785522461,250.8065350341797,,,0,,,0
2015-08-25,221.60899353027344,61089200,5.279934758970639,4.315287696061845,269.9286584472656,250.8032499694824,,,0,,,0
2015-08-26,225.83099365234375,31808000,1.9051573922217901,4.339435202271004,269.1211383056641,250.79363494873047,,,0,,,0
2015-08-27,224.7689971923828,21905400,-0.4702616070475396,4.335372745068391,268.20081817626954,250.800419921875,,,0,,,0
2015-08-28,231.39599609375,31336600,2.9483598646369513,4.38526373717837,267.4441781616211,250.856849899292,,,0,,,0
2015-08-29,229.77999877929688,17142500,-0.6983687452389642,4.385274645481684,266.3418978881836,250.90655487060548,,,0,,,1
2015-08-30,228.76100158691406,19412600,-0.4434664452068193,4.3846885125631925,265.05481811523435,250.95443489074708,,,0,,,1
2015-08-31,230.05599975585938,20710700,0.5660921922713724,4.389140801919166,263.43859802246095,250.99589485168457,,,0,,,0
2015-09-01,228.12100219726562,20575200,-0.8410984980383951,4.385832624516666,262.15993835449217,250.95936485290528,,,0,,,0
2015-09-02,229.28399658203125,18760400,0.5098146920115454,4.390582237230792,260.99633850097655,250.81917976379395,,,0,,,0
2015-09-03,227.18299865722656,17482000,-0.9163299471941166,4.374628456014228,259.82341827392577,250.78096977233886,,,0,,,0
2015-09-04,230.29800415039062,20962400,1.3711437526467307,4.388907432654045,258.86759857177736,250.76324478149414,,,0,,,0
2015-09-05,235.0189971923828,20671400,2.0499496117687865,4.413046507364876,257.97853881835937,250.7202897644043,,,0,,,1
2015-09-06,239.83999633789062,25473700,2.051323170935593,4.434670619903767,257.2773187255859,250.73785972595215,,,0,,,1
2015-09-07,239.8470001220703,21192200,0.0029201902462583362,4.275289142171597,256.60197845458987,250.7356797027588,,,0,,,0
2015-09-08,243.60699462890625,26879200,1.567663762699678,4.275319231430994,255.8944985961914,250.7348196411133,,,0,,,0
2015-09-09,238.16799926757812,23635700,-2.232692607867648,4.291642215186605,255.14119842529297,250.70298965454103,,,0,,,0
2015-09-10,238.4770050048828,21215500,0.1297427606794077,4.266669591483315,254.366298828125,250.71548965454102,,,0,,,0
2015-09-11,240.10699462890625,19224700,0.6834997042964641,4.264683200415834,253.64745849609375,250.72156463623048,,,0,,,0
2015-09-12,235.22900390625,17962600,-2.031590429173191,4.275800206619865,252.58647827148437,250.70403465270996,,,0,,,1
2015-09-13,230.51199340820312,18478800,-2.0052843908342277,4.2835203529920385,251.4227783203125,250.66924461364746,,,0,,,1
2015-09-14,230.6439971923828,20997800,0.05726547336126764,4.278341362023272,250.18193817138672,250.64033462524415,,,0,,,0
2015-09-15,230.3040008544922,19177800,-0.1474117436522926,4.275473185710667,248.91553833007814,250.52271461486816,,,0,,,0
2015-09-16,229.09100341796875,20144200,-0.5266940357192551,4.275659774824486,247.608818359375,250.3968546295166,,,0,,,0
2015-09-17,229.80999755859375,18935400,0.3138465194607587,2.6225765893579274,246.41321838378906,250.2448946380615,,,0,,,0
2015-09-18,232.97500610351562,20242200,1.3772283967388832,2.2690424886618334,245.31827880859376,250.03141960144043,,,0,,,0
2015-09-19,231.4929962158203,12712600,-0.6361239827747167,2.1613695522418137,244.25513885498046,249.7803746032715,,,0,,,1
2015-09-20,231.21200561523438,14444700,-0.12138190147401584,2.1505664280668335,243.2473587036133,249.57097457885743,,,0,,,1
2015-09-21,227.0850067138672,19678800,-1.784941439518084,2.168845231128102,242.13677856445312,249.32550956726075,,,0,,,0
2015-09-22,230.6179962158203,25009300,1.555800426051368,2.1799922795439977,241.12459869384764,249.11498458862306,,,0,,,0
2015-09-23,230.2830047607422,17254100,-0.1452581587625179,1.608354285170071,240.02589904785157,248.88509468078612,,,0,,,0
2015-09-24,234.5290069580078,25097800,1.843819174444561,1.3428207267771137,239.0788394165039,248.68596969604494,,,0,,,0
2015-09-25,235.1439971923828,22363600,0.2622235272096374,1.3037191429667827,238.21017944335938,248.4136547088623,,,0,,,0
2015-09-26,234.33999633789062,13724100,-0.34191851124925066,1.3018466116831122,237.30527954101564,248.12655464172363,,,0,,,1
2015-09-27,232.7570037841797,14179900,-0.6755110431206357,1.1968703072200488,236.74047943115235,247.80844467163087,,,0,,,1
2015-09-28,239.14199829101562,24713000,2.7432018813733805,1.2865732042162432,236.22165924072266,247.53238464355468,,,0,,,0
2015-09-29,236.68699645996094,22691300,-1.026587487182895,1.3000450865146418,235.6659991455078,247.28913459777831,,,0,,,0
2015-09-30,236.05999755859375,19743500,-0.2649063576558808,1.299103879606558,234.9794793701172,247.06000953674317,,,0,,,0
2015-10-01,237.5489959716797,20488800,0.6307711719417242,1.2903326023597597,234.4029391479492,246.8157894897461,,,0,,,0
2015-10-02,237.29299926757812,19677900,-0.10776585396811145,1.289206558624027,233.86719940185546,246.54928955078125,,,0,,,0
2015-10-03,238.72999572753906,16482700,0.605578952769914,1.2768015274202211,233.32819946289064,246.3154145050049,,,0,,,1
2015-10-04,238.25900268554688,12999000,-0.19729110309611997,1.2580339980673596,232.86235961914062,246.22521446228026,,,0,,,1
2015-10-05,240.38299560546875,23335900,0.8914638674640596,1.2137833106741727,232.49987976074217,246.1224893951416,,,0,,,0
2015-10-06,246.06300354003906,27535100,2.362899222660775,1.2324020710530388,232.2616195678711,246.0440594482422,,,0,,,0
2015-10-07,242.968994140625,22999200,-1.2574053615949654,1.2568095811847524,232.89941955566405,245.9587794494629,,,0,,,0
2015-10-08,242.3040008544922,18515300,-0.2736947109176935,1.2247269151826015,233.21181945800782,245.83049949645996,,,0,,,0
2015-10-09,243.93099975585938,17353100,0.6714700936136131,1.1558744459002817,233.3834393310547,245.71645454406737,,,0,,,0
2015-10-10,244.9409942626953,15912700,0.4140492630484882,1.157408508945983,233.6308792114258,245.71318450927734,,,0,,,1
2015-10-11,247.0500030517578,16827300,0.8610272834936872,1.1609660896600114,233.96407928466797,245.7174494934082,,,0,,,1
2015-10-12,245.30799865722656,17388300,-0.7051221910595595,1.100613832178128,234.30685913085938,245.70132949829102,,,0,,,0
2015-10-13,249.50799560546875,28198500,1.712132083434792,1.058543695237752,235.087119140625,245.7137244415283,,,0,,,0
2015-10-14,251.98899841308594,27462600,0.9943580371429173,1.0658600556978637,235.69471923828124,245.7096794128418,,,0,,,0
2015-10-15,254.32000732421875,25223500,0.9250439208903893,1.0682864848584777,236.26449951171875,245.76771446228028,,,0,,,0
2015-10-16,262.8689880371094,35901500,3.3615053738151213,1.1889735448352552,237.02649932861328,245.844429397583,,,0,,,0
2015-10-17,270.6400146484375,43199600,2.9562356021361813,1.27224980353084,237.81137969970703,245.976509475708,,,0,,,1
2015-10-18,261.64300537109375,22434300,-3.324345547730956,1.4452110746251898,238.44863983154298,246.04836448669434,,,0,,,1
2015-10-19,263.43701171875,25258800,0.6856695232925425,1.4327025394681296,239.14216003417968,246.10052452087402,,,0,,,0
2015-10-20,269.4630126953125,30889800,2.2874541953110006,1.467143273291017,239.93030029296875,246.17622955322267,,,0,,,0
2015-10-21,266.2720031738281,25637300,-1.1842105859227958,1.4383889505817247,240.6933203125,246.23910453796387,,,0,,,0
2015-10-22,274.02301025390625,37808600,2.910935805375714,1.4916169295077888,241.5881005859375,246.3062296295166,,,0,,,0
2015-10-23,276.4960021972656,29442500,0.9024760150864397,1.4861317032635284,242.5743606567383,246.41124961853026,,,0,,,0
2015-10-24,281.65399169921875,25942400,1.8654842966854712,1.4867509828206038,243.60148040771483,246.55361961364747,,,0,,,1
2015-10-25,283.67999267578125,45717100,0.719322656973409,1.485269340725194,244.57470031738282,246.74690956115722,,,0,,,1
2015-10-26,285.29998779296875,32108800,0.5710642833521851,1.4738062346067102,245.4839001464844,246.95502952575683,,,0,,,0
2015-10-27,293.7879943847656,46331800,2.975116352951379,1.5092912608009372,246.56272003173828,247.24360946655273,,,0,,,0
2015-10-28,304.6180114746094,50808100,3.686337528027095,1.5603336691928105,247.78294036865233,247.58393951416016,,,0,,,0
2015-10-29,313.8550109863281,64495900,3.0323221752396767,1.5704890778760414,249.29668060302734,247.97244956970215,,,0,,,0
2015-10-30,328.0150146484375,78305000,4.51163854851635,1.6806112828910207,251.08744079589843,248.48958961486815,,,0,,,0
2015-10-31,314.1659851074219,48598100,-4.222071832857665,1.942138866191857,252.56862060546874,248.9646245574951,,,0,,,1
2015-11-01,325.4309997558594,37001100,3.58568883406829,1.9889872798237151,254.37266052246093,249.47261459350585,,,0,,,1
2015-11-02,361.1889953613281,101918000,10.987888563872117,2.6853752283616665,256.98620056152345,250.13569458007814,,,0,,,0
2015-11-03,403.4169921875,206162000,11.691385221725149,3.2547852131807806,260.4416604614258,251.03836952209474,,,0,,,0
2015-11-04,411.56298828125,263900000,2.0192496229717305,3.2502020782733156,264.06684020996096,251.9794044494629,,,0,,,0
2015-11-05,386.35400390625,151824992,-6.1251825583919945,3.5594274091090967,267.21210021972655,252.79817443847656,,,0,,,0
2015-11-06,374.4700012207031,122687000,-3.075936204981211,3.6242141332601614,270.10530029296876,253.54739440917967,,,0,,,0
2015-11-07,386.48199462890625,56625100,3.207731826059823,3.620737242119565,273.1754400634766,254.3034593963623,,,0,,,1
2015-11-08,373.3680114746094,51817600,-3.393167944832387,3.7321750475672273,276.0129403686523,254.99941947937012,,,0,,,1
2015-11-09,380.2569885253906,68224400,1.8450903235050609,3.7270315076154024,278.9938400268555,255.7183943939209,,,0,,,0
2015-11-10,336.8190002441406,95797904,-11.423324118170564,4.415654265922463,281.18851989746094,256.2461493682861,,,0,,,0
2015-11-11,311.0840148925781,107070000,-7.64059786796728,4.688326564061093,282.7978402709961,256.6696194458008,,,0,,,0
2015-11-12,338.1520080566406,78477800,8.701184203697988,4.8989138736651565,284.95522033691407,257.2632295227051,,,0,,,0
2015-11-13,336.75299072265625,52003000,-0.413724390407888,4.907041263396775,286.99970001220703,257.8005644989014,,,0,,,0
2015-11-14,332.906005859375,38612000,-1.1423758568634534,4.923890455299494,288.9549401855469,258.33581954956054,,,0,,,1
2015-11-15,320.1659851074219,44213100,-3.826912259833104,4.980527469231164,290.6714599609375,258.80760948181154,,,0,,,1
2015-11-16,330.7510070800781,47980100,3.3061044786206084,4.986207785204056,292.63134002685547,259.2806394958496,,,0,,,0
2015-11-17,335.093994140625,51001600,1.313068431412323,4.925753600364833,294.55037994384764,259.79571449279786,,,0,,,0
2015-11-18,334.5899963378906,43783800,-0.15040490475721757,4.92963660982421,296.50843994140627,260.2940145111084,,,0,,,0
2015-11-19,326.14898681640625,45011100,-2.5227919584780656,4.9616622245523745,298.3102197265625,260.7229694366455,,,0,,,0
2015-11-20,322.0220031738281,53152900,-1.2653676109382728,4.962779147244781,299.99967987060546,261.13798942565916,,,0,,,0
2015-11-21,326.927001953125,28200500,1.5231874626433939,4.948431162391302,301.79235992431643,261.5920194244385,,,0,,,1
2015-11-22,324.5360107421875,23439400,-0.7313532368550923,4.955204040728845,303.5084802246094,262.06578948974607,,,0,,,1
2015-11-23,323.0459899902344,27478900,-0.4591233954424845,4.953775397384328,305.20421997070315,262.4943494415283,,,0,,,0
2015-11-24,320.0459899902344,29362600,-0.9286603434051854,4.961264464798344,306.79747985839845,262.8752643585205,,,0,,,0
2015-11-25,328.20599365234375,41666900,2.5496347141729103,4.975081939436957,308.44033966064455,263.3071343231201,,,0,,,0
2015-11-26,352.6839904785156,106105000,7.458119991586898,5.1146498967773155,310.6346395874023,263.86907424926756,,,0,,,0
2015-11-27,358.0419921875,55179100,1.5192075210770817,5.086779977627783,312.9493994140625,264.4484941864014,,,0,,,0
2015-11-28,357.3810119628906,36816600,-0.18460969356444146,5.069017018884722,315.2183996582031,265.02983924865725,,,0,,,1
2015-11-29,371.29400634765625,40409300,3.8930424166492505,5.053610787087905,317.74545989990236,265.70442428588865,,,0,,,1
2015-11-30,377.3210144042969,71701600,1.6232441013328103,4.975902512335003,320.35088012695314,266.4063843536377,,,0,,,0
2015-12-01,362.4880065917969,60452200,-3.9311374787640463,5.016306453840284,322.69448028564454,267.03079940795897,,,0,,,0
2015-12-02,359.18701171875,54160500,-0.9106494043992441,4.610909886241471,324.8880606079102,267.64596946716307,,,0,,,0
2015-12-03,361.0459899902344,50714900,0.5175516404640979,4.059270528338311,327.06920043945314,268.2671894073486,,,0,,,0
2015-12-04,363.1830139160156,35784100,0.5918979811516678,4.039608639530212,329.24646057128905,268.9174644470215,,,0,,,0
2015-12-05,388.9490051269531,66282200,7.09449236987052,4.106780158791036,331.76806091308595,269.7024744415283,,,0,,,1
2015-12-06,388.7829895019531,77762000,-0.04268313398714252,4.062875459692209,334.13092041015625,270.4762993621826,,,0,,,1
2015-12-07,395.5360107421875,63455800,1.7369641734802377,4.0341763206291334,336.8087805175781,271.27725944519045,,,0,,,0
2015-12-08,415.56298828125,57801400,5.063250120130314,4.07282408375694,339.85130004882814,272.15333435058596,,,0,,,0
2015-12-09,417.56298828125,90917200,0.48127481426387675,4.06418751272404,342.81329956054685,273.04678932189944,,,0,,,0
2015-12-10,415.47900390625,52138900,-0.49908263746698545,3.4048500630287917,345.7974395751953,273.91941932678225,,,0,,,0
2015-12-11,451.93798828125,110944000,8.775168909191544,3.3268601935141007,349.35573913574217,274.9935592651367,,,0,,,0
2015-12-12,434.99700927734375,131969000,-3.748518478903251,3.1438524469552056,352.52575927734375,275.9829643249512,,,0,,,1
2015-12-13,433.7550048828125,55050600,-0.2855202146319513,3.142106345209709,355.5677795410156,276.96532432556154,,,0,,,1
2015-12-14,444.1820068359375,130496000,2.4038920210135872,3.1295399457275934,358.77781982421874,277.9991943359375,,,0,,,0
2015-12-15,465.3210144042969,83121104,4.759086870479035,3.063652216503555,362.3782403564453,279.14031944274905,,,0,,,0
2015-12-16,454.9339904785156,107944000,-2.2322275599520713,3.1050792441679924,365.6011602783203,280.24826438903807,,,0,,,0
2015-12-17,456.0780029296875,47978400,0.25146778985860596,3.108775804376861,368.6303601074219,281.3777043914795,,,0,,,0
2015-12-18,463.6159973144531,60220100,1.6527862199764431,3.1016236906713837,371.6255798339844,282.5811544036865,,,0,,,0
2015-12-19,462.3219909667969,47892700,-0.27911166895705497,3.0366675477499325,374.31171936035156,283.7637493896484,,,0,,,1
2015-12-20,442.68499755859375,75409400,-4.2474711979715085,3.1666276513825973,376.882099609375,284.8478044128418,,,0,,,1
2015-12-21,438.6390075683594,77639696,-0.9139659153908575,3.186959719507962,379.146259765625,285.9193794250488,,,0,,,0
2015-12-22,436.5719909667969,50840400,-0.4712341050152391,3.1823457183530546,380.6539196777344,286.97747940063476,,,0,,,0
2015-12-23,442.4010009765625,47161400,1.3351772743957158,3.17001255892147,381.4335998535156,288.0613893890381,,,0,,,0
2015-12-24,454.9849853515625,57157200,2.8444746614998406,3.161545297454613,382.3020397949219,289.2219093322754,,,0,,,0
2015-12-25,455.65301513671875,39078500,0.14682457809900296,3.157311057758173,383.6880200195312,290.3577294158936,,,0,,,0
2015-12-26,417.27398681640625,116166000,-8.422862802476327,3.3857011204430907,384.5440997314453,291.29885932922366,,,0,,,1
2015-12-27,422.822998046875,53591200,1.329824385364864,3.3841377975663876,385.2709197998047,292.26895935058593,,,0,,,1
2015-12-28,422.27899169921875,49638600,-0.12866053884702522,3.3836995868051054,386.2491394042969,293.23182929992674,,,0,,,0
2015-12-29,432.9830017089844,51596500,2.534819448794612,3.3471873855249856,387.30365966796876,294.24683433532715,,,0,,,0
2015-12-30,426.6199951171875,46889400,-1.4695742250116273,3.3611538608577267,389.0996795654297,295.21792434692384,,,0,,,0
2015-12-31,430.5669860839844,45996600,0.9251772096881439,3.257497269139664,391.4893389892578,296.2030442810059,,,0,,,0
2016-01-01,434.3340148925781,36278900,0.8748995929425352,3.244731836048462,393.41297912597656,297.1905993652344,,,0,,,0
2016-01-02,433.43798828125,30096600,-0.20629897281927434,3.248716045541576,395.34667907714845,298.1033142852783,,,0,,,1
2016-01-03,430.010986328125,39633800,-0.790655652199379,3.259530180745464,397.2887786865234,299.0069492340088,,,0,,,1
2016-01-04,433.09100341796875,38477500,0.7162647438718084,3.021709834566077,399.5472790527344,299.92736923217774,,,0,,,0
2016-01-05,431.9599914550781,34522600,-0.26114880105212457,3.0230841721090878,401.5714587402344,300.86413917541506,,,0,,,0
2016-01-06,429.1050109863281,34042500,-0.6609363193875617,3.0180981027949434,403.4516790771484,301.7836042022705,,,0,,,0
2016-01-07,458.0480041503906,87562200,6.744967414278147,3.12310553555654,405.92083923339845,302.8541242218018,,,0,,,0
2016-01-08,453.2300109863281,56993000,-1.051853325504415,3.1337803898754077,408.4624597167969,303.88532424926757,,,0,,,0
2016-01-09,447.6109924316406,32278000,-1.2397719520954253,3.1433661987546744,410.97423950195315,304.90189918518064,,,0,,,1
2016-01-10,447.9909973144531,35995900,0.08489623562373261,2.7048843867160413,413.3955194091797,305.9392791748047,,,0,,,1
2016-01-11,448.4280090332031,40450000,0.09754921892843882,2.6102629236590067,415.873359375,306.9674242401123,,,0,,,0
2016-01-12,435.69000244140625,115607000,-2.8405912064368155,2.665545370763318,418.1262396240234,307.92790428161624,,,0,,,0
2016-01-13,432.3710021972656,173888000,-0.7617802165628018,2.631571923864019,420.37273986816405,308.8348092651367,,,0,,,0
2016-01-14,430.3059997558594,43945500,-0.4775996611502853,2.4698776061016123,422.41473999023435,309.74128425598144,,,0,,,0
2016-01-15,364.33099365234375,153351008,-15.332113923800161,3.691737051885567,422.6476800537109,310.2776192474365,,,0,,,0
2016-01-16,387.5360107421875,120352000,6.369213021713627,3.9069282115257096,423.2375604248047,310.8999393463135,,,0,,,1
2016-01-17,382.29901123046875,45319600,-1.351358161965166,3.8892805787258657,423.73592041015627,311.5183293914795,,,0,,,1
2016-01-18,387.1679992675781,54403900,1.273607279662592,3.903500214380841,424.0534002685547,312.177109375,,,0,,,0
2016-01-19,380.14898681640625,46819800,-1.8129113109683792,3.848069673024476,424.1099597167969,312.7961743164062,,,0,,,0
2016-01-20,420.2300109863281,121720000,10.543504141779824,4.336060827299947,425.2647998046875,313.59289443969726,,,0,,,0
2016-01-21,410.2619934082031,68338000,-2.3720384830985597,4.3562898392420655,426.2862994384766,314.28463943481444,,,0,,,0
2016-01-22,382.49200439453125,91546600,-6.768842705359068,4.511942769133365,426.7152197265625,314.8519494628906,,,0,,,0
2016-01-23,387.4909973144531,56247400,1.3069535735354965,4.482665926017949,427.2013793945313,315.45836944580077,,,0,,,1
2016-01-24,402.97100830078125,54824800,3.99493435811773,4.554323528178164,427.4818194580078,316.11929946899414,,,0,,,1
2016-01-25,391.72601318359375,59062400,-2.790522118354022,4.318107820681269,427.5406799316406,316.73178955078123,,,0,,,0
2016-01-26,392.15301513671875,58147000,0.10900525845978226,4.309743889006234,427.47302001953125,317.268084564209,,,0,,,0
2016-01-27,394.97198486328125,47424400,0.7188443331437089,4.31271968451916,427.0611999511719,317.77736953735354,,,0,,,0
2016-01-28,380.28900146484375,59247900,-3.7174746465929664,4.330546754853486,426.31572021484374,318.1244795227051,,,0,,,0
2016-01-29,379.4739990234375,86125296,-0.21431133644858047,4.325299311032742,425.5956201171875,318.56157958984375,,,0,,,0
2016-01-30,378.2550048828125,30284400,-0.3212325860960319,4.3191431324147604,424.12196044921876,319.0155346679687,,,0,,,1
2016-01-31,368.7669982910156,37894300,-2.5083624722259446,4.330538888633759,422.7973602294922,319.430224609375,,,0,,,1
2016-02-01,373.0559997558594,51656700,1.1630654274163321,4.340409011344188,421.5833801269531,319.9050596618652,,,0,,,0
2016-02-02,374.447998046875,40378700,0.37313387049842106,4.3420439754487345,420.1886999511719,320.3799397277832,,,0,,,0
2016-02-03,369.9490051269531,45933400,-1.2015000596581338,4.339673897150151,418.281259765625,320.85517974853514,,,0,,,0
2016-02-04,389.593994140625,69285504,5.310188361482537,4.464567958800431,416.9744598388672,321.4350796508789,,,0,,,0
2016-02-05,386.54901123046875,43825000,-0.7815785037633693,4.465010356518784,415.5838800048828,321.9729197692871,,,0,,,0
2016-02-06,376.5220031738281,49249300,-2.5939810387103357,4.282439436097731,413.8420001220703,322.47636474609374,,,0,,,1
2016-02-07,376.6199951171875,37076300,0.026025555620479146,4.282690134601267,412.1279602050781,322.9733547973633,,,0,,,1
2016-02-08,373.4469909667969,47671100,-0.8424948732218329,4.2810139239751575,410.7432000732422,323.4603446960449,,,0,,,0
2016-02-09,376.02899169921875,55318500,0.6913968501225387,4.28535290598789,409.4909997558594,323.89909957885743,,,0,,,0
2016-02-10,381.64898681640625,85130896,1.4945643131907493,4.299528893766324,408.39253967285157,324.36385955810545,,,0,,,0
2016-02-11,379.65399169921875,74375600,-0.5227303585499055,4.275733820994828,407.13759948730467,324.7986994934082,,,0,,,0
2016-02-12,384.26300048828125,67042800,1.2140024574571084,4.284643360561036,405.72315979003906,325.25189453125,,,0,,,0
2016-02-13,391.8599853515625,61911700,1.9770274144603528,4.3045394591774,404.4472991943359,325.7390594482422,,,0,,,1
2016-02-14,407.2300109863281,74469800,3.922325884072131,3.289084206207102,404.24641967773437,326.3272595214844,,,0,,,1
2016-02-15,400.18499755859375,74070496,-1.7299838513058163,3.111794367181538,403.79365966796877,326.88957458496094,,,0,,,0
2016-02-16,407.4880065917969,73093104,1.8249082493738022,3.1128804352327846,403.49783996582033,327.5037646484375,,,0,,,0
2016-02-17,416.3219909667969,83193600,2.1679127316867275,3.127182498099174,403.16461975097656,328.1773695373535,,,0,,,0
2016-02-18,422.37298583984375,76752600,1.4534410875089776,3.108294312521402,403.0796795654297,328.87616439819334,,,0,,,0
2016-02-19,420.7850036621094,55711300,-0.3759667949825962,2.448550085091636,402.8840399169922,329.57395446777343,,,0,,,0
2016-02-20,437.16400146484375,93992096,3.892486105775461,2.502845484348359,402.9406396484375,330.33368453979494,,,0,,,1
2016-02-21,438.7980041503906,89820704,0.3737733848330871,2.1239387919029804,403.0478399658203,331.1182646179199,,,0,,,1
2016-02-22,437.74798583984375,85385200,-0.23929423119869453,2.1219511793989536,403.2025799560547,331.91411956787107,,,0,,,0
2016-02-23,420.7359924316406,85244896,-3.886252811778146,2.152876582736049,402.95547973632813,332.61987457275393,,,0,,,0
2016-02-24,424.9549865722656,67743696,1.002765205857803,2.0835095235094574,402.81537963867186,333.43966445922854,,,0,,,0
2016-02-25,424.54400634765625,70798000,-0.09671147241367972,2.0844731014090145,402.72415954589843,334.2369694519043,,,0,,,0
2016-02-26,432.1520080566406,61486000,1.7920407767467728,2.101302210274857,402.20623962402345,335.075379486084,,,0,,,0
2016-02-27,432.5190124511719,41893600,0.08492483841082699,1.9591413963893716,401.7920196533203,335.8860446166992,,,0,,,1
2016-02-28,433.5039978027344,53033400,0.22773226683849845,1.955645065893721,401.5098797607422,336.7216845703125,,,0,,,1
2016-02-29,437.6969909667969,60694700,0.9672328710496725,1.951971888700022,401.3039996337891,337.58976959228517,,,0,,,0
2016-03-01,435.12298583984375,74895800,-0.5880792374806099,1.8798691600456334,401.0378991699219,338.43698455810545,,,0,,,0
2016-03-02,423.989013671875,74955296,-2.558810389315269,1.9604662459335613,400.80387939453124,339.2491746520996,,,0,,,0
2016-03-03,421.6510009765625,100484000,-0.5514323767648155,1.9688994333524654,400.5894793701172,340.0648947143555,,,0,,,0
2016-03-04,410.9389953613281,90856096,-2.540490972492626,2.021290358011702,400.20213928222654,340.82970962524416,,,0,,,0
2016-03-05,400.57000732421875,135384992,-2.5232426598970514,1.8607618029991808,400.9269195556641,341.77716468811036,,,0,,,1
2016-03-06,407.7070007324219,91212496,1.7817093835551523,1.8772177225089008,401.33033935546877,342.6822796630859,,,0,,,1
2016-03-07,414.3210144042969,85762400,1.6222467752560865,1.8181268554397692,401.9707794189453,343.57713470458987,,,0,,,0
2016-03-08,413.97198486328125,70311696,-0.08424133193375427,1.8188850929595164,402.50685913085937,344.48414962768555,,,0,,,0
2016-03-09,414.8599853515625,70012304,0.21450738715436124,1.8055443552250257,403.2010791015625,345.4064995574951,,,0,,,0
2016-03-10,417.1310119628906,81022896,0.5474200191670997,1.8048433664489378,403.13909912109375,346.3513095855713,,,0,,,0
2016-03-11,421.69000244140625,73969696,1.0929397114499917,1.7976289294661052,403.36765930175784,347.4072846221924,,,0,,,0
2016-03-12,411.6239929199219,92712896,-2.387063829639413,1.8599399539976365,403.95029907226564,348.35735961914065,,,0,,,1
2016-03-13,414.06500244140625,74322800,0.593019251421345,1.8527042546217294,404.4817791748047,349.29852966308596,,,0,,,1
2016-03-14,416.43798828125,95259400,0.573095003405788,1.8255237775259292,404.75111877441407,350.2568746185303,,,0,,,0
2016-03-15,416.8299865722656,66781700,0.09413125172212933,1.686219857783423,405.2531982421875,351.1840445709229,,,0,,,0
2016-03-16,417.010986328125,65185800,0.04342292102057499,1.650877446836501,405.75035766601565,352.120199508667,,,0,,,0
2016-03-17,420.6210021972656,83528600,0.8656884320788816,1.6264396818884255,406.2633380126953,353.0794995117187,,,0,,,0
2016-03-18,409.5480041503906,104940000,-2.632535700554939,1.653784434035346,406.84851806640626,353.9769595336914,,,0,,,0
2016-03-19,410.4440002441406,58423000,0.21877681850965836,1.6305007906243452,407.4679180908203,354.8885745239258,,,0,,,1
2016-03-20,413.7550048828125,45947900,0.8066885218695807,1.63744395415373,408.1779180908203,355.81092956542966,,,0,,,1
2016-03-21,413.3070068359375,61655400,-0.10827616381386962,1.459064224364896,409.06871826171874,356.74154960632325,,,0,,,0
2016-03-22,418.0889892578125,66813300,1.1570049243740943,1.4761568743639577,409.9693780517578,357.6805045318604,,,0,,,0
2016-03-23,418.0409851074219,61444200,-0.01148180211008043,1.4762696072587975,410.84123779296874,358.59561447143557,,,0,,,0
2016-03-24,416.3940124511719,68346704,-0.39397396784595085,1.297806278186273,411.77013793945315,359.47838455200196,,,0,,,0
2016-03-25,417.177001953125,52560000,0.1880405285714648,1.2839790717436317,412.3217980957031,360.36503456115724,,,0,,,0
2016-03-26,417.94500732421875,44650400,0.18409580765432754,1.2846767338079135,412.9497180175781,361.2367246246338,,,0,,,1
2016-03-27,426.7650146484375,71229400,2.11032723675455,1.3015672573987083,413.9545782470703,362.17970970153806,,,0,,,1
2016-03-28,424.2309875488281,68522800,-0.5937757343340011,1.3053299082512781,414.90679809570315,363.1084796142578,,,0,,,0
2016-03-29,416.5159912109375,75411504,-1.818583876313995,1.3429071662625514,415.76817810058594,363.99052459716796,,,0,,,0
2016-03-30,414.8160095214844,66034100,-0.40814319865865034,1.3277465421368089,416.5439184570312,364.88845962524414,,,0,,,0
2016-03-31,416.72900390625,60215200,0.46116696097924237,1.3301774656242171,417.24551879882813,365.81954467773437,,,0,,,0
2016-04-01,417.9599914550781,51235700,0.2953928181838483,1.250546105100343,418.01163879394534,366.7561246490479,,,0,,,0
2016-04-02,420.87298583984375,45681200,0.6969553173317822,1.253711582205345,418.74383850097655,367.7089695739746,,,0,,,1
2016-04-03,420.90399169921875,38053700,0.007367034810545903,1.15823811076593,419.3247186279297,368.66803451538084,,,0,,,1
2016-04-04,421.4440002441406,50634300,0.1282973209025151,1.048167454899747,419.60899841308594,369.6262045288086,,,0,,,0
2016-04-05,424.0299987792969,60718000,0.6136043065408936,1.0073167068850244,420.0858984375,370.5814794921875,,,0,,,0
2016-04-06,423.4129943847656,59091000,-0.14550960929827772,0.9683191291122859,420.4043981933594,371.5410794830322,,,0,,,0
2016-04-07,422.7449951171875,57858600,-0.15776541495821084,0.9688340650381353,420.53285827636716,372.498744430542,,,0,,,0
2016-04-08,420.3489990234375,63454700,-0.5667710135955129,0.975418833098824,420.49237854003906,373.46506439208986,,,0,,,0
2016-04-09,419.4110107421875,49792700,-0.22314512070426007,0.9719659838958365,420.46489868164065,374.4090294647217,,,0,,,1
2016-04-10,421.5639953613281,73478600,0.5133352639766775,0.9555826362333288,420.1528985595703,375.3654344177246,,,0,,,1
2016-04-11,422.4830017089844,50747500,0.21799924988104014,0.8425390686501684,419.8265985107422,376.3052043914795,,,0,,,0
2016-04-12,425.19000244140625,70728800,0.640736011028098,0.843565286847003,419.57543884277345,377.2554344177246,,,0,,,0
2016-04-13,423.7340087890625,69060400,-0.34243365177533125,0.8421150653791477,419.63539916992187,378.2024044799805,,,0,,,0
2016-04-14,424.2820129394531,45281000,0.12932739384234893,0.8421868173100149,419.62193969726565,379.16002952575684,,,0,,,0
2016-04-15,429.7130126953125,54801500,1.2800447792337577,0.8709900977952454,419.72531982421873,380.1128845977783,,,0,,,0
2016-04-16,430.5719909667969,39392800,0.19989580164132548,0.8593101592668682,419.6937194824219,381.0823095703125,,,0,,,1
2016-04-17,427.39898681640625,52125900,-0.7369276722496543,0.709488671354534,419.59131896972656,382.03900451660155,,,0,,,1
2016-04-18,428.59100341796875,55670900,0.27890019357359463,0.7097898621914046,419.49305908203127,382.994214553833,,,0,,,0
2016-04-19,435.5090026855469,52810500,1.6141261044697153,0.7498550558091067,419.44929931640627,383.98529457092286,,,0,,,0
2016-04-20,441.3890075683594,72890096,1.3501454267428992,0.7777049083830284,419.5746197509766,384.99858963012696,,,0,,,0
2016-04-21,449.42498779296875,68204704,1.8206117703021496,0.8138076535712042,420.0833392333984,386.0544195556641,,,0,,,0
2016-04-22,445.73699951171875,58804400,-0.8206015200358463,0.8356935302460001,420.56505920410154,387.0811895751953,,,0,,,0
2016-04-23,450.2820129394531,50485400,1.0196625886370603,0.8398746185440066,421.35191955566404,388.10228462219237,,,0,,,1
2016-04-24,458.55499267578125,68198400,1.8372885211030088,0.8873301889466435,422.5116192626953,389.1802146148682,,,0,,,1
2016-04-25,461.4259948730469,87091800,0.6260976858004863,0.8886725543849187,423.5859991455078,390.27582458496096,,,0,,,0
2016-04-26,466.0889892578125,78971904,1.0105617014595225,0.8338748055150926,424.6213586425781,391.38661453247073,,,0,,,0
2016-04-27,444.68701171875,93564896,-4.591822169655291,1.2140572761803543,425.2356591796875,392.385344619751,,,0,,,0
2016-04-28,449.010986328125,74064704,0.9723635940394271,1.1627176518718423,425.91867919921873,393.3951495361328,,,0,,,0
2016-04-29,455.09698486328125,49258500,1.3554230788261235,1.172451576319054,426.67799865722657,394.4440944671631,,,0,,,0
2016-04-30,448.3179931640625,69322600,-1.4895707782496714,1.2173652643775938,427.2105584716797,395.43814445495605,,,0,,,1
2016-05-01,451.875,40660100,0.7934115717358248,1.2213788198958995,428.01557861328126,396.4375744628906,,,0,,,1
2016-05-02,444.66900634765625,92127000,-1.5946873919432947,1.2645087057562614,428.6276586914062,397.38931945800783,,,0,,,0
2016-05-03,450.3039855957031,59366400,1.267230044731571,1.2790256301816354,429.3049786376953,398.3264944458008,,,0,,,0
2016-05-04,446.72198486328125,50407300,-0.7954628089030247,1.2926879806108729,429.90281860351564,399.206904296875,,,0,,,0
2016-05-05,447.97601318359375,50440800,0.2807178430442203,1.2904645707377775,430.522119140625,400.1385693359375,,,0,,,0
2016-05-06,459.6029968261719,72796800,2.5954478142589776,1.3608942180078634,431.3017590332031,401.1193992614746,,,0,,,0
2016-05-07,458.5360107421875,38364500,-0.23215385699234536,1.3617921119603469,432.2815191650391,402.064764251709,,,0,,,1
2016-05-08,458.5480041503906,40315000,0.002615586981646878,1.3535215763403743,433.24359924316406,403.0261442565918,,,0,,,1
2016-05-09,460.4830017089844,55493100,0.4219836398980714,1.3500552033478113,434.1781591796875,403.9584442138672,,,0,,,0
2016-05-10,450.8949890136719,58956100,-2.0821643056809114,1.418710952044245,434.9299188232422,404.8304391479492,,,0,,,0
2016-05-11,452.7279968261719,50605200,0.406526543244512,1.4190537966084182,435.62269897460936,405.685809173584,,,0,,,0
2016-05-12,454.7659912109375,59849300,0.4501586822668102,1.4176265136441146,436.35719909667966,406.54123916625974,,,0,,,0
2016-05-13,455.6700134277344,60845000,0.1987884393882755,1.4134726221894183,437.1427191162109,407.3930892944336,,,0,,,0
2016-05-14,455.6709899902344,37209000,0.00021431353198764214,1.4140562940145285,437.9125988769531,408.20250427246094,,,0,,,1
2016-05-15,457.5679931640625,28514000,0.4163098409817101,1.4010510472322113,438.70505859375,408.9672541809082,,,0,,,1
2016-05-16,454.1629943847656,59171500,-0.7441514332660049,1.4120575064363767,439.2530181884766,409.6687940979004,,,0,,,0
2016-05-17,453.7829895019531,64100300,-0.08367147643265627,1.4023104718655364,439.84405822753905,410.29763397216794,,,0,,,0
2016-05-18,454.6189880371094,86850096,0.18422870722276663,1.402255377865882,440.6061181640625,410.9998989868164,,,0,,,0
2016-05-19,438.7149963378906,96027400,-3.4983122389776966,1.5300939960181013,441.08409790039065,411.5663189697266,,,0,,,0
2016-05-20,442.6759948730469,81987904,0.9028637197771028,1.5189851814576179,441.60303771972656,411.9737539672852,,,0,,,0
2016-05-21,443.18798828125,42762300,0.1156587242436613,1.4807455627529704,442.10759765625,412.17260894775393,,,0,,,1
2016-05-22,439.322998046875,39657600,-0.8720882191243562,1.4817160116430053,442.47659790039063,412.31140899658203,,,0,,,1
2016-05-23,444.1549987792969,50582500,1.0998742961110253,1.4837604732200718,442.9416180419922,412.6004139709473,,,0,,,0
2016-05-24,445.9809875488281,65783100,0.41111521305619014,1.444023526866217,443.43235778808594,412.9579689025879,,,0,,,0
2016-05-25,449.5989990234375,65231000,0.8112479176510368,1.4475474558869332,443.94373779296876,413.27355392456053,,,0,,,0
2016-05-26,453.3840026855469,65203800,0.8418621194288045,1.443501953144467,444.54315795898435,413.6736338806152,,,0,,,0
2016-05-27,473.4639892578125,164780992,4.428913780222743,1.4108233145866607,445.5575378417969,414.13966888427734,,,0,,,0
2016-05-28,530.0399780273438,181199008,11.949375254117633,2.5646387665538284,447.751357421875,415.10577377319333,,,0,,,1
2016-05-29,526.2329711914062,148736992,-0.7182489988974194,2.5710873208251,449.8877966308594,416.1815185546875,,,0,,,1
2016-05-30,533.864013671875,87958704,1.4501262555236538,2.5479455740459036,452.1337969970703,417.1600785827637,,,0,,,0
2016-05-31,531.385986328125,138450000,-0.4641682676279957,2.5552197116170214,454.3118566894531,418.133243560791,,,0,,,0
2016-06-01,536.9199829101562,86061800,1.041426895780817,2.523279251818329,456.5464562988281,419.15331344604493,,,0,,,0
2016-06-02,537.9719848632812,60378200,0.1959327249142495,2.521962840200467,458.8312158203125,420.2423434448242,,,0,,,0
2016-06-03,569.1939697265625,122020000,5.8036451231221475,2.6769324713080027,461.72945495605467,421.43455825805665,,,0,,,0
2016-06-04,572.7269897460938,94925296,0.6207058063578019,2.675185529975191,464.5897344970703,422.62272323608397,,,0,,,1
2016-06-05,574.9769897460938,68874096,0.3928573369656352,2.6559316261243815,467.47783447265624,423.824658203125,,,0,,,1
2016-06-06,585.5369873046875,72138896,1.8365948110822705,2.655556258461761,470.6405944824219,425.1215982055664,,,0,,,0
2016-06-07,576.5969848632812,107770000,-1.5268040508522596,2.68689424795203,473.6007141113281,426.3944731140137,,,0,,,0
2016-06-08,581.64501953125,80265800,0.8754875243001337,2.6859715052078044,476.5234344482422,427.6680632019043,,,0,,,0
2016-06-09,574.6300048828125,71301000,-1.2060645948779758,2.6580050437122154,479.18825439453127,428.9185331726074,,,0,,,0
2016-06-10,577.469970703125,66991900,0.494225118107372,2.6575554898532716,481.74915405273435,430.1906530761719,,,0,,,0
2016-06-11,606.7269897460938,82357000,5.066413930986835,2.765250264760624,484.96895385742187,431.62405807495117,,,0,,,1
2016-06-12,672.7839965820312,277084992,10.887435032943138,3.296003311901971,489.41899353027344,433.3469480895996,,,0,,,1
2016-06-13,704.3759765625,243295008,4.695709193584663,3.3405334371070414,494.3354132080078,435.1054080200195,,,0,,,0
2016-06-14,685.5590209960938,186694000,-2.6714363056839163,3.422081066444279,498.81807373046877,436.7429931640625,,,0,,,0
2016-06-15,694.468994140625,99223800,1.2996653638348121,3.39796218792973,503.385673828125,438.42843307495116,,,0,,,0
2016-06-16,766.3079833984375,271633984,10.34444876069811,3.747971504595064,509.81809326171873,440.40350296020506,,,0,,,0
2016-06-17,748.9089965820312,363320992,-2.270495309111209,3.8113193642868155,515.8160534667969,442.2614428710938,,,0,,,0
2016-06-18,756.2269897460938,252718000,0.9771538594757656,3.684504825249595,521.8386535644531,444.2301377868652,,,0,,,1
2016-06-19,763.781005859375,136184992,0.9989085573125944,3.683655748533609,528.1479138183594,446.2531077575684,,,0,,,1
2016-06-20,737.2260131835938,174511008,-3.4767809715171794,3.800110267194864,533.8549340820313,448.13400787353515,,,0,,,0
2016-06-21,666.6519775390625,309944000,-9.572917176344397,4.3074428627585775,538.2945935058593,449.6513526916504,,,0,,,0
2016-06-22,596.1160278320312,266392992,-10.580625586293745,4.838789425278432,541.210834350586,450.68718780517577,,,0,,,0
2016-06-23,623.9769897460938,253462000,4.673748165334168,4.880334660345047,544.7559344482422,451.8631578063965,,,0,,,0
2016-06-24,665.2990112304688,224316992,6.62236302995558,4.977096979206167,549.1023944091797,453.2119728088379,,,0,,,0
2016-06-25,665.1229858398438,126656000,-0.026458086913350165,4.983178266615155,553.2127941894531,454.4597727966309,,,0,,,1
2016-06-26,629.3670043945312,109225000,-5.375845100310849,5.098192623557377,556.6294140625,455.51879287719726,,,0,,,1
2016-06-27,655.2750244140625,122134000,4.116520224071096,4.7078594088812675,560.5639544677734,456.7177729797363,,,0,,,0
2016-06-28,647.0009765625,138384992,-1.2626832312067848,4.715024568220208,564.2943139648437,457.6930879211426,,,0,,,0
2016-06-29,639.8900146484375,142456000,-1.0990650975278071,4.725836771644572,568.074214477539,458.71755294799806,,,0,,,0
2016-06-30,673.3369750976562,138980000,5.226985838745257,4.790708014204438,572.4863940429688,459.91546279907226,,,0,,,0
2016-07-01,676.2960205078125,134431008,0.43945981278201707,4.791370429729505,576.9169946289062,461.07603286743165,,,0,,,0
2016-07-02,703.7020263671875,112354000,4.052368345860824,4.823914740773412,581.8776348876953,462.26793792724607,,,0,,,1
2016-07-03,658.6640014648438,129512000,-6.400155636164562,4.919512759188768,585.9374951171875,463.2865879821777,,,0,,,1
2016-07-04,683.6619873046875,92008400,3.7952561221273884,4.953883066705493,590.459375,464.42450790405275,,,0,,,0
2016-07-05,670.6270141601562,130476000,-1.906640033610929,4.976710457002242,594.7886553955078,465.4595629882813,,,0,,,0
2016-07-06,677.3309936523438,134960992,0.9996584316817492,4.972081584304846,599.2596154785156,466.534608001709,,,0,,,0
2016-07-07,640.56201171875,258091008,-5.428510178653701,5.0796681874669325,602.9784759521484,467.52399307250977,,,0,,,0
2016-07-08,666.5230102539062,141970000,4.052847040600782,5.121233148368323,607.5346362304688,468.6634130859375,,,0,,,0
2016-07-09,650.9600219726562,180536000,-2.334951388298123,5.138942611847648,611.700316772461,469.7353532409668,,,0,,,1
2016-07-10,649.3599853515625,102532000,-0.24579644941098433,5.140968208337741,615.8237567138672,470.7701481628418,,,0,,,1
2016-07-11,647.6589965820312,107910000,-0.26194850435854455,5.070030392652821,619.9904766845704,471.73351821899416,,,0,,,0
2016-07-12,664.551025390625,138172992,2.6081670906665577,4.687106345590601,624.3983972167969,472.7780082702637,,,0,,,0
2016-07-13,654.468017578125,131449000,-1.5172661582416813,4.612163606162311,628.5681378173828,473.96397842407225,,,0,,,0
2016-07-14,658.0780029296875,98511400,0.5515907965864209,4.5886613159278244,632.7377178955078,475.1402534484863,,,0,,,0
2016-07-15,663.2550048828125,81673104,0.7866851543552045,4.584476454727996,636.9351379394532,476.3451335144043,,,0,,,0
2016-07-16,660.7670288085938,50330200,-0.37511606484723625,4.14282158829878,640.6811987304687,477.48405364990236,,,0,,,1
2016-07-17,679.458984375,74407904,2.828826916516869,4.168293066437626,643.6695788574219,478.7482485961914,,,0,,,1
2016-07-18,673.1060180664062,69465000,-0.935003650652666,4.16369124737959,646.6070397949219,479.9609437561035,,,0,,,0
2016-07-19,672.864013671875,61203300,-0.03595338446481522,4.156826868647796,649.3870397949219,481.15359375,,,0,,,0
2016-07-20,665.6849975585938,94636400,-1.0669341750207062,4.117136010625774,652.0730200195312,482.31482879638673,,,0,,,0
2016-07-21,665.0120239257812,60491800,-0.10109490754345307,3.7222377400475817,654.6348608398438,483.489833984375,,,0,,,0
2016-07-22,650.6190185546875,134169000,-2.1643225766245777,3.168595243120861,656.8878015136719,484.5774740600586,,,0,,,0
2016-07-23,655.5560302734375,69532200,0.7588176149103898,3.0628327622283704,658.6150427246093,485.6954542541504,,,0,,,1
2016-07-24,661.2849731445312,118184000,0.8739059068229693,2.817855392042246,660.3862023925781,486.8563540649414,,,0,,,1
2016-07-25,654.0969848632812,78176496,-1.0869728745036777,2.8250810400109403,661.9686022949219,487.8365989685059,,,0,,,0
2016-07-26,651.7839965820312,225135008,-0.35361549353930544,2.639264432629392,663.2935424804688,488.82936889648437,,,0,,,0
2016-07-27,654.3519897460938,147460992,0.3939945100722264,2.531687912806837,664.848642578125,489.86307388305664,,,0,,,0
2016-07-28,655.0349731445312,86428400,0.1043755362771126,2.51996078184381,666.3164416503906,490.898293762207,,,0,,,0
2016-07-29,656.9920043945312,60703500,0.2987674445236399,2.5104663992187817,667.963681640625,491.94111373901364,,,0,,,0
2016-07-30,655.0469970703125,38456100,-0.29604733561579,2.3180708614529935,669.5152221679688,493.0378987121582,,,0,,,1
2016-07-31,624.6810302734375,110818000,-4.635692848404204,2.460747174691805,669.8743029785156,493.99944885253905,,,0,,,1
2016-08-01,606.27197265625,121887000,-2.946953200920699,2.3704173966884388,668.5440625,494.879278717041,,,0,,,0
2016-08-02,547.4650268554688,330932992,-9.699763217344737,2.7077126766198782,665.4058435058594,495.79494888305663,,,0,,,0
2016-08-03,566.35498046875,207982000,3.450440244883124,2.6891771321501414,663.0217626953125,496.6890437316895,,,0,,,0
2016-08-04,578.2890014648438,125292000,2.1071627173149254,2.7210451533212683,660.6981628417968,497.66899368286136,,,0,,,0
2016-08-05,575.0430297851562,66127900,-0.5613061413004994,2.707145144183123,656.8728637695312,498.6083688354492,,,0,,,0
2016-08-06,587.7780151367188,80797296,2.2146143317866906,2.584970670860554,653.650244140625,499.6465139770508,,,0,,,1
2016-08-07,592.6900024414062,82398400,0.8356874837424755,2.4640893822849304,650.3795043945313,500.50881393432616,,,0,,,1
2016-08-08,591.0540161132812,61194100,-0.2760273197432106,2.43570037791401,646.9249645996093,501.41277404785154,,,0,,,0
2016-08-09,587.801025390625,92228096,-0.5503711393499366,2.436137776704386,643.93646484375,502.439319152832,,,0,,,0
2016-08-10,592.10302734375,102905000,0.7318806479226669,2.4434434415625543,642.4454858398437,503.4623793029785,,,0,,,0
2016-08-11,589.1199951171875,74514400,-0.5038029006446343,2.3823986612196526,642.3055651855469,504.39312423706053,,,0,,,0
2016-08-12,587.5590209960938,69218000,-0.2649670922785896,2.3725965482987705,641.5772058105468,505.37228927612307,,,0,,,0
2016-08-13,585.5880126953125,43563000,-0.3354570741573859,2.366743719487639,639.9829858398438,506.339464263916,,,0,,,1
2016-08-14,570.4730224609375,60851100,-2.581164557109794,2.39022759923572,638.0899865722656,507.2169694519043,,,0,,,1
2016-08-15,567.239990234375,57262300,-0.5667283288201208,2.390214677654738,636.8474462890625,508.15172439575196,,,0,,,0
2016-08-16,577.4390258789062,58405200,1.7980106868553447,2.3480640001611053,635.2907263183594,509.1415495300293,,,0,,,0
2016-08-17,573.2160034179688,54443000,-0.7313365172209707,2.3470964776031797,633.8150268554688,510.1163545227051,,,0,,,0
2016-08-18,574.3179931640625,59896600,0.19224685625014448,2.349042567337258,632.5035864257812,511.1441094970703,,,0,,,0
2016-08-19,575.6300048828125,50631600,0.22844691170509357,2.35014372370227,630.5494470214844,512.1569795227051,,,0,,,0
2016-08-20,581.697021484375,45301400,1.0539785192048123,2.365562661214199,628.6574670410156,513.1932246398926,,,0,,,1
2016-08-21,581.3079833984375,38299400,-0.0668798483693056,2.343029483584619,626.2095861816406,514.25001953125,,,0,,,1
2016-08-22,586.7529907226562,72844000,0.9366820136180065,2.346147513204951,624.7713659667969,515.2358145141602,,,0,,,0
2016-08-23,583.4149780273438,85349200,-0.5688957275192363,2.335141762016374,622.76642578125,516.2201443481446,,,0,,,0
2016-08-24,580.1820068359375,56328200,-0.5541460732354953,2.3316762681386405,620.9575256347656,517.238444366455,,,0,,,0
2016-08-25,577.760986328125,136130000,-0.4172863824260409,2.3316883467343614,618.9661254882812,518.2441493225098,,,0,,,0
2016-08-26,579.6510009765625,48856800,0.32712742693985497,2.3309610500180287,617.7479052734375,519.2751693725586,,,0,,,0
2016-08-27,569.947021484375,59698300,-1.6741072603754348,2.340919353813235,615.8163854980469,520.2447595214844,,,0,,,1
2016-08-28,573.9119873046875,86301600,0.6956726977862093,2.3463258876571635,614.2754248046875,521.2060745239257,,,0,,,1
2016-08-29,574.1069946289062,110398000,0.03397861144782688,2.3477098850230966,612.7703649902344,522.1783395385742,,,0,,,0
2016-08-30,577.5029907226562,70342400,0.5915266884956027,2.213488288816337,611.3672448730468,523.1445394897461,,,0,,,0
2016-08-31,575.4719848632812,75840896,-0.3516875050003643,2.153823748806087,609.5856640625,524.0625994873047,,,0,,,0
2016-09-01,572.302978515625,76923400,-0.5506795171634882,1.1847605321121157,607.94236328125,524.8879643249512,,,0,,,0
2016-09-02,575.5369873046875,79910800,0.5650868352023108,1.0125996414890708,606.29154296875,525.7647242736816,,,0,,,0
2016-09-03,598.2119750976562,159014000,3.939796797275985,1.1816207643937862,604.9906823730469,526.7183441162109,,,0,,,1
2016-09-04,608.6339721679688,97942896,1.7421913141426382,1.210337797762701,603.9480212402344,527.6799040222168,,,0,,,1
2016-09-05,606.5900268554688,82446800,-0.33582504525986323,1.1518515245628427,602.4906420898437,528.6009892272949,,,0,,,0
2016-09-06,610.4359741210938,78529104,0.634027447757779,1.148061340778226,601.2372412109376,529.5492440795898,,,0,,,0
2016-09-07,614.5440063476562,75032400,0.6729669286737572,1.1502808703976988,600.0708410644531,530.4361441040039,,,0,,,0
2016-09-08,626.3159790039062,86713000,1.9155621948398593,1.1870361161597225,599.2834606933594,531.3737339782715,,,0,,,0
2016-09-09,622.8610229492188,64550200,-0.5516314720538151,1.1910198632550726,598.4404406738281,532.2992991638183,,,0,,,0
2016-09-10,623.5089721679688,45016800,0.10402789625236775,1.1842114995136679,597.8982397460937,533.3131640625,,,0,,,1
2016-09-11,606.718994140625,73610800,-2.692820597106127,1.2946141448668174,596.9214990234375,534.2219841003418,,,0,,,1
2016-09-12,608.2429809570312,72812304,0.25118495236247096,1.2920020004863482,595.8606591796874,535.1404789733887,,,0,,,0
2016-09-13,609.2410278320312,86920600,0.1640868709129384,1.185877269780425,594.9635400390625,536.0259240722656,,,0,,,0
2016-09-14,610.6840209960938,47877700,0.23685095030407943,1.17638798045336,594.1415405273438,536.9167491149902,,,0,,,0
2016-09-15,607.155029296875,59464600,-0.5778752313614799,1.1484264235942125,593.1976013183594,537.7850042724609,,,0,,,0
2016-09-16,606.9730224609375,64963400,-0.029976995520941685,1.1364425926820352,592.2363623046875,538.6313844299316,,,0,,,0
2016-09-17,605.9840087890625,37140300,-0.16294194886373736,1.1383437378634658,591.2162023925781,539.4856895446777,,,0,,,1
2016-09-18,609.8740234375,48679400,0.6419335480833732,1.141383558465767,590.3127429199219,540.4151145935059,,,0,,,1
2016-09-19,609.2269897460938,54796400,-0.10609300716880599,1.1310251700472964,590.003662109375,541.3529945373535,,,0,,,0
2016-09-20,608.31201171875,72710896,-0.15018671902981007,1.1317044815398936,590.044462890625,542.3398596191406,,,0,,,0
2016-09-21,597.1489868164062,82776200,-1.8350821103800485,1.1781007735150006,591.0381420898437,543.3227545166015,,,0,,,0
2016-09-22,596.2979736328125,67085300,-0.14251270660791127,1.1727466479505166,591.637001953125,544.2657093811035,,,0,,,0
2016-09-23,602.8419799804688,51067000,1.0974389712895327,1.1807168471524478,592.1280615234375,545.2083142089843,,,0,,,0
2016-09-24,602.625,35359500,-0.03599284516910828,1.1766175311485192,592.6797009277344,546.151579284668,,,0,,,1
2016-09-25,600.8259887695312,33977800,-0.29852914009023124,1.17886108060783,592.9406604003906,547.0814093017578,,,0,,,1
2016-09-26,608.0430297851562,59153800,1.2011865582587822,1.1437952715387463,593.2477209472656,548.0359693908691,,,0,,,0
2016-09-27,606.166015625,49422400,-0.30869758688286675,1.1441574293670502,593.5499609375,548.9583494567871,,,0,,,0
2016-09-28,604.72802734375,48722600,-0.23722680654858497,1.1464911889269003,593.8885009765625,549.9238696289062,,,0,,,0
2016-09-29,605.6929931640625,55658600,0.15957021614345646,1.14384979295435,594.1603002929687,550.8820095825196,,,0,,,0
2016-09-30,609.7349853515625,56122400,0.6673334895926697,1.14309899099242,594.5726000976563,551.8484945678711,,,0,,,0
2016-10-01,613.9829711914062,56357000,0.6966938000768419,1.1375533689047335,595.1010791015625,552.8342594909668,,,0,,,1
2016-10-02,610.8920288085938,39249800,-0.5034247736243724,1.1437610765494568,595.6071594238281,553.8036647033691,,,0,,,1
2016-10-03,612.1329956054688,46798300,0.20314011942423882,0.9006678023164139,596.4403588867187,554.7612246704101,,,0,,,0
2016-10-04,610.2039794921875,49801600,-0.3151302293994518,0.8464875141858496,597.299638671875,555.7645045471191,,,0,,,0
2016-10-05,612.510986328125,68077504,0.3780714176687905,0.8464048126846329,598.0010778808594,556.7748394775391,,,0,,,0
2016-10-06,613.02099609375,56812100,0.0832654069900629,0.8389231481965811,598.797177734375,557.7711694335937,,,0,,,0
2016-10-07,617.1209716796875,64071400,0.6688148712789665,0.8388116194343579,599.6532373046875,558.7902392578125,,,0,,,0
2016-10-08,619.1079711914062,42345900,0.3219789316688537,0.7613404540504143,600.5227966308594,559.7953341674805,,,0,,,1
2016-10-09,616.7520141601562,39243400,-0.3805405746458379,0.7579762287394282,601.223896484375,560.7888893127441,,,0,,,1
2016-10-10,618.9940185546875,67481104,0.3635179688199708,0.761033428258606,601.9776171875,561.8018893432617,,,0,,,0
2016-10-11,641.072021484375,103590000,3.5667554560928183,0.8555753113853569,603.0639978027343,562.921364440918,,,0,,,0
2016-10-12,636.1920166015625,92370200,-0.7612256843642973,0.8727606716524642,604.1195385742187,564.0125994873047,,,0,,,0
2016-10-13,636.7860107421875,61620700,0.09336711639325035,0.8728266138064446,605.2516186523437,565.0627044677734,,,0,,,0
2016-10-14,640.3779907226562,58144600,0.5640795997202019,0.8759735457551847,606.5039587402343,566.1434394836426,,,0,,,0
2016-10-15,638.64599609375,39035400,-0.2704644216381835,0.8687879971654141,607.6838586425781,567.2540895080566,,,0,,,1
2016-10-16,641.6309814453125,40298100,0.4673927919097709,0.8695400840755028,609.1175378417969,568.3881643676758,,,0,,,1
2016-10-17,639.1929931640625,58063600,-0.37996735690011274,0.8734619730844201,610.4231579589843,569.5004843139649,,,0,,,0
2016-10-18,637.9600219726562,65546700,-0.1928949792304402,0.8715884936694683,611.7002185058594,570.6004844665528,,,0,,,0
2016-10-19,630.52001953125,69381696,-1.1662176602227792,0.9033999715005546,612.7605590820312,571.6487196350098,,,0,,,0
2016-10-20,630.8569946289062,56957300,0.05344399657709609,0.9020757270873075,613.8682592773438,572.6984846496582,,,0,,,0
2016-10-21,632.8280029296875,55951000,0.31243345442188986,0.8228795938647588,615.078759765625,573.755404663086,,,0,,,0
2016-10-22,657.2940063476562,78556496,3.8661379244760097,1.057805397630701,616.7139001464843,574.9217247009277,,,0,,,1
2016-10-23,657.0709838867188,54474600,-0.03393039625855243,1.049655297295023,617.8910803222657,576.0900146484375,,,0,,,1
2016-10-24,653.760986328125,62218200,-0.5037503770162544,1.0581469252658875,618.7936206054687,577.2450946044922,,,0,,,0
2016-10-25,657.5880126953125,90378800,0.5853861651613945,1.0538614024486532,619.8135803222656,578.4312896728516,,,0,,,0
2016-10-26,678.3040161132812,88877104,3.1503012551975074,1.1651204741811154,621.1709411621093,579.7257546997071,,,0,,,0
2016-10-27,688.31298828125,96105296,1.475587926682298,1.1746973572215715,622.6463208007813,581.0594996643066,,,0,,,0
2016-10-28,689.6510009765625,81145504,0.19439015652655822,1.1688585359255994,623.9130212402343,582.3953396606445,,,0,,,0
2016-10-29,714.47900390625,134760992,3.6000822002042243,1.3011393302183225,625.745380859375,583.8417846679688,,,0,,,1
2016-10-30,701.864013671875,100665000,-1.765620846155791,1.368316063927543,627.3124816894531,585.2324346923829,,,0,,,1
2016-10-31,700.9719848632812,97064400,-0.12709425062655821,1.3720587014392691,629.1975415039062,586.615884552002,,,0,,,0
2016-11-01,729.7930297851562,130527000,4.111582993933238,1.5127880474364945,631.6285424804687,588.1162846374511,,,0,,,0
2016-11-02,740.8289794921875,84865200,1.5122026734456728,1.5196481134359592,634.2603015136718,589.6675695800782,,,0,,,0
2016-11-03,688.7000122070312,172808000,-7.036572370709482,2.064511355350148,635.8206213378907,590.9740747070313,,,0,,,0
2016-11-04,703.2349853515625,99907696,2.1104941029334467,2.0872568435275767,637.7422204589843,592.3472946166992,,,0,,,0
2016-11-05,703.4180297851562,53752300,0.02602891457430534,2.087660722435289,639.6711206054688,593.6868397521972,,,0,,,1
2016-11-06,711.52197265625,59902200,1.1520806302859343,2.0910228477477677,641.7818798828125,595.0375045776367,,,0,,,1
2016-11-07,703.1309814453125,65047100,-1.1793017690813201,2.1132018810489512,643.6470190429687,596.3060345458985,,,0,,,0
2016-11-08,709.8480224609375,79660800,0.9553043732787758,2.1092351687728663,645.6594396972656,597.6265896606445,,,0,,,0
2016-11-09,723.2730102539062,132429000,1.8912481782264123,2.12442757878033,647.9586596679687,598.9915446472168,,,0,,,0
2016-11-10,715.5339965820312,68807800,-1.0699989578151436,2.064634972628472,650.3263598632813,600.276439666748,,,0,,,0
2016-11-11,716.4110107421875,63119700,0.12256778354984288,2.053951880551404,652.7286206054688,601.5513647460938,,,0,,,0
2016-11-12,705.0540161132812,64622500,-1.585262434358825,2.085699669709798,654.772861328125,602.746189880371,,,0,,,1
2016-11-13,702.031005859375,80318096,-0.4287629294803641,2.0902434814907442,656.7609814453125,604.0329098510742,,,0,,,1
2016-11-14,705.02099609375,62993000,0.42590572345375666,2.087230148589649,658.8448815917968,605.3129598999024,,,0,,,0
2016-11-15,711.6190185546875,72038496,0.9358618392210527,2.0898783135103844,660.9164013671875,606.5955700683594,,,0,,,0
2016-11-16,744.197998046875,141294000,4.5781490717260676,2.2207173784860204,663.677041015625,608.0749700927735,,,0,,,0
2016-11-17,740.9769897460938,108579000,-0.4328160394457825,2.223848943385268,666.4020202636718,609.5204800415039,,,0,,,0
2016-11-18,751.5850219726562,87363104,1.4316277527319121,2.206259934493306,669.3198608398437,611.0550601196289,,,0,,,0
2016-11-19,751.6160278320312,110608000,0.004125396125331804,2.2067079828711638,672.1574816894531,612.5616203308106,,,0,,,1
2016-11-20,731.0260009765625,154116000,-2.7394342447511155,2.289650983211126,674.4983422851562,613.983140411377,,,0,,,1
2016-11-21,739.2479858398438,60802400,1.1247185260575776,2.2040935452116552,677.0654614257812,615.4395002746583,,,0,,,0
2016-11-22,751.3469848632812,129906000,1.636663102935887,2.2134136986118444,679.8497412109375,616.8982202148437,,,0,,,0
2016-11-23,744.593994140625,76543800,-0.898784564083277,2.220581255354937,682.5375415039063,618.328510131836,,,0,,,0
2016-11-24,740.2890014648438,85919296,-0.5781664517385599,2.2284395348653656,685.0931018066407,619.7372151184082,,,0,,,0
2016-11-25,741.6489868164062,67807600,0.18371005767632287,2.168105009183942,687.6656616210937,621.1430450439453,,,0,,,0
2016-11-26,735.3820190429688,54962700,-0.845004562109497,2.1668885120221324,690.0308825683594,622.5654801940918,,,0,,,1
2016-11-27,732.0349731445312,52601800,-0.4551438316092282,2.170639587813178,692.2894226074219,623.9620150756836,,,0,,,1
2016-11-28,735.81298828125,61888600,0.5160976285722985,2.0761096959490137,694.6706420898438,625.3672500610352,,,0,,,0
2016-11-29,735.60400390625,68511104,-0.028401832847246844,2.0457298223200775,697.002841796875,626.7669200134277,,,0,,,0
2016-11-30,745.6909790039062,84070800,1.371250706098892,2.0563096294227523,699.0952209472656,628.217019958496,,,0,,,0
2016-12-01,756.7739868164062,80461904,1.48627355359785,1.9377400394820838,701.5068603515625,629.7130499267578,,,0,,,0
2016-12-02,777.9439697265625,127605000,2.7973983354282694,1.9828155570284727,704.33001953125,631.3319548034668,,,0,,,0
2016-12-03,771.155029296875,69547296,-0.8726772998926546,1.459196760253909,706.9455603027344,632.9188150024414,,,0,,,1
2016-12-04,773.8720092773438,60557900,0.3523260404520778,1.4224693258821244,709.6500805664062,634.5150801086426,,,0,,,1
2016-12-05,758.7000122070312,106363000,-1.9605305384388316,1.4820624732851568,711.9914611816406,636.1150051879882,,,0,,,0
2016-12-06,764.2239990234375,116218000,0.7280857687529396,1.4752982516378277,714.4920812988281,637.7227452087402,,,0,,,0
2016-12-07,768.1320190429688,96426096,0.5113710148497264,1.4509508345001496,717.0955212402343,639.3474653625489,,,0,,,0
2016-12-08,770.8099975585938,80111904,0.34863518890431155,1.4457970343613362,719.9013208007813,641.0049003601074,,,0,,,0
2016-12-09,772.7940063476562,68705296,0.25739271614879655,1.4136209490814866,722.7400610351563,642.6480953979492,,,0,,,0
2016-12-10,774.6500244140625,53843100,0.24016983195536135,1.3921304589416745,725.5765014648438,644.2914405822754,,,0,,,1
2016-12-11,769.7310180664062,57313400,-0.6349972494194334,1.4018137797599743,727.8252416992187,645.8921006774902,,,0,,,1
2016-12-12,780.0869750976562,76571000,1.3453994691891902,1.3713660157795213,730.2855615234375,647.5256155395508,,,0,,,0
2016-12-13,780.5560302734375,81645600,0.06012857421731077,1.3647221413845803,732.8214624023437,649.0610757446289,,,0,,,0
2016-12-14,781.4810180664062,75979000,0.11850370211665684,1.3653872377350345,735.2993225097656,650.3182809448242,,,0,,,0
2016-12-15,778.0880126953125,81580096,-0.4341763002112309,1.368119799889641,737.2950024414063,651.5775561523437,,,0,,,0
2016-12-16,784.906982421875,83608200,0.8763751163498146,1.1127160267269158,739.2268823242188,652.8327709960937,,,0,,,0
2016-12-17,790.8289794921875,78989800,0.7544839328655017,1.111146570207789,741.2504418945313,654.129985961914,,,0,,,1
2016-12-18,790.530029296875,60524400,-0.037802129545694285,1.088192802924559,742.7714624023438,655.3980361938477,,,0,,,1
2016-12-19,792.7139892578125,74886400,0.2762652751951755,1.0878598238671893,744.5884619140625,656.6717462158203,,,0,,,0
2016-12-20,800.8759765625,99629296,1.0296257433692224,0.9472248352639451,746.5865417480469,657.83015625,,,0,,,0
2016-12-21,834.281005859375,155576000,4.1710614719965955,1.1738642095041252,748.6763012695312,659.1379263305664,,,0,,,0
2016-12-22,864.5399780273438,200027008,3.626952064766198,1.295492635562785,751.1505212402344,660.5857412719727,,,0,,,0
2016-12-23,921.9840087890625,275564000,6.644462051690336,1.690959272416199,755.816201171875,662.2679763793946,,,0,,,0
2016-12-24,898.822021484375,137727008,-2.5121897000262017,1.7771558129113778,759.7279418945312,663.8791015625,,,0,,,1
2016-12-25,896.1829833984375,143664992,-0.2936107508335395,1.7837270980818623,763.5832409667969,665.451791381836,,,0,,,1
2016-12-26,907.6099853515625,123771000,1.2750746404258217,1.7644325608815659,767.5050012207031,667.1166912841796,,,0,,,0
2016-12-27,933.197998046875,167308000,2.819274039322184,1.7904078869459739,772.1063415527344,668.8953314208984,,,0,,,0
2016-12-28,975.9210205078125,236630000,4.578130530750624,1.9152703095311898,777.4278015136719,670.741301574707,,,0,,,0
2016-12-29,973.4970092773438,199320000,-0.24838190586441433,1.9196135411268203,782.4322814941406,672.2448666381836,,,0,,,0
2016-12-30,961.2379760742188,187474000,-1.2592779521968134,1.9596439799328431,787.3463610839843,673.5291766357421,,,0,,,0
2016-12-31,963.7429809570312,99135104,0.26060194719346175,1.9590887383256317,792.2930004882812,674.9200964355468,,,0,,,1
2017-01-01,998.3250122070312,147775008,3.588304343929827,1.9915674571760142,798.1584204101563,676.4393765258789,,,0,,,1
2017-01-02,1021.75,222184992,2.346429019261209,1.9820466657306792,804.5528002929688,677.7165866088867,,,0,,,0
2017-01-03,1043.8399658203125,185168000,2.161973655034255,1.9904052992210342,811.3291796875,679.1912414550782,,,0,,,0
2017-01-04,1154.72998046875,344945984,10.623277348965399,2.5792206462396523,820.1913989257813,681.1837564086914,,,0,,,0
2017-01-05,1013.3800048828125,510199008,-12.240954853233998,3.5911423114108283,825.5750390625,682.4317514038086,,,0,,,0
2017-01-06,902.2009887695312,351876000,-10.971108130965934,4.205332573875965,828.7995190429688,683.2566262817382,,,0,,,0
2017-01-07,908.5850219726562,279550016,0.707606540293404,4.205027825922017,831.9395190429688,684.4662915039063,,,0,,,1
2017-01-08,911.198974609375,158715008,0.2876948852891692,4.204936978836903,835.1311779785157,686.0417062377929,,,0,,,1
2017-01-09,902.8280029296875,141876992,-0.9186765912764683,4.21403670246659,838.5672180175782,687.4359613037109,,,0,,,0
2017-01-10,907.6790161132812,115808000,0.5373131059129843,4.207620019156815,841.9358386230468,688.647861328125,,,0,,,0
2017-01-11,777.7570190429688,310928992,-14.313649953773721,5.011469650630253,842.4640393066406,689.2110314941406,,,0,,,0
2017-01-12,804.833984375,222326000,3.481417032449219,5.048916105485715,843.6688391113281,690.088366394043,,,0,,,0
2017-01-13,823.9840087890625,168968000,2.3793757204392474,5.064027244620647,845.3427392578125,690.931911315918,,,0,,,0
2017-01-14,818.4119873046875,93063296,-0.676229323013644,5.065440725923758,846.8779992675782,691.788966369629,,,0,,,1
2017-01-15,821.7979736328125,71013600,0.4137263848341455,5.064324746083771,848.606318359375,692.6985061645507,,,0,,,1
2017-01-16,831.5339965820312,82755200,1.1847221898321436,5.066314619910309,850.596298828125,693.4894912719726,,,0,,,0
2017-01-17,907.93798828125,155095008,9.188318458808965,5.318989500229899,854.038798828125,694.6477011108399,,,0,,,0
2017-01-18,886.6179809570312,225676992,-2.348178796282996,5.346094305678317,857.0590783691406,695.5622808837891,,,0,,,0
2017-01-19,899.072998046875,105625000,1.40477831009016,5.347772182228968,860.12671875,696.7643258666992,,,0,,,0
2017-01-20,895.0260009765625,86728400,-0.45012997599795934,5.305664792018293,862.8917590332031,697.8211459350586,,,0,,,0
2017-01-21,921.7890014648438,111158000,2.9901925149750097,5.293470147776373,865.7686596679688,699.0769558715821,,,0,,,1
2017-01-22,924.6729736328125,116573000,0.31286684516584895,5.158548306031712,868.8390185546875,700.3136657714844,,,0,,,1
2017-01-23,921.0120239257812,73588600,-0.39591832046829145,5.135396016438823,871.7818188476563,701.7159158325195,,,0,,,0
2017-01-24,892.68701171875,111349000,-3.075422629804214,5.169879870788414,874.4615588378906,702.8467358398437,,,0,,,0
2017-01-25,901.5419921875,120831000,0.9919468248676511,5.167959360879002,877.2079187011718,704.099645690918,,,0,,,0
2017-01-26,917.5859985351562,131958000,1.7796183080420969,5.152642123785342,880.1969982910156,705.4407757568359,,,0,,,0
2017-01-27,919.75,125594000,0.23583636501629535,5.082361116872574,883.1757983398437,706.8012307739258,,,0,,,0
2017-01-28,921.5900268554688,68979600,0.2000572824646607,5.0824699219012235,886.15171875,708.08642578125,,,0,,,1
2017-01-29,919.4959716796875,60851700,-0.22722198751718992,5.077509981886482,889.0486376953126,709.4115655517578,,,0,,,1
2017-01-30,920.3820190429688,78227296,0.09636228875071762,5.07728771506698,892.0616577148437,710.7230856323242,,,0,,,0
2017-01-31,970.4030151367188,164582000,5.434808053482265,5.133463884750887,895.867978515625,712.2588256835937,,,0,,,0
2017-02-01,989.0230102539062,150110000,1.9187899075688852,5.127423047736486,900.0373181152344,713.9001055908203,,,0,,,0
2017-02-02,1011.7999877929688,145820992,2.302977514468041,5.129514847768676,904.6436975097656,715.5618106079102,,,0,,,0
2017-02-03,1029.9100341796875,201278000,1.789884028979083,4.7390435748739925,909.6801379394532,717.3458306884766,,,0,,,0
2017-02-04,1042.9000244140625,155064000,1.2612742670015331,4.1694818200713035,914.8399987792968,719.1960107421875,,,0,,,1
2017-02-05,1027.3399658203125,114208000,-1.4919990631405144,3.6176210691103265,919.5702185058594,721.0042855834961,,,0,,,1
2017-02-06,1038.1500244140625,111762000,1.0522377161797936,3.6188497963931545,924.5226184082031,722.8699755859375,,,0,,,0
2017-02-07,1061.3499755859375,146007008,2.2347397414905545,3.63213156777598,929.8953381347657,724.9236303710937,,,0,,,0
2017-02-08,1063.0699462890625,201855008,0.16205500001782447,3.6221368062847277,935.1392175292968,726.9611999511719,,,0,,,0
2017-02-09,994.3829956054688,407220000,-6.461188271135343,3.8456197380501176,938.3412573242188,728.6266900634765,,,0,,,0
2017-02-10,988.6740112304688,190452000,-0.5741232905460025,2.6756333474528886,940.8239379882813,730.2995751953125,,,0,,,0
2017-02-11,1004.4500122070312,102261000,1.5956726683781453,2.633184839052256,942.4732580566406,732.0629052734375,,,0,,,1
2017-02-12,999.1810302734375,67530000,-0.5245638777002459,2.6255117973277984,944.4804382324219,733.7870504760742,,,0,,,1
2017-02-13,990.6420288085938,100607000,-0.8546000380438512,2.6288830145525073,946.369619140625,735.4650857543945,,,0,,,0
2017-02-14,1004.5499877929688,137946000,1.403933871158447,2.6317485561081893,948.3084191894532,737.2028756713867,,,0,,,0
2017-02-15,1007.47998046875,89759400,0.29167216279784025,2.631181094214387,949.7940588378906,738.9650405883789,,,0,,,0
2017-02-16,1027.43994140625,122277000,1.9811769290158265,2.103083317807451,950.8244372558594,740.9788351440429,,,0,,,0
2017-02-17,1046.2099609375,136474000,1.826872673993929,2.050058734445977,952.2786962890625,743.1785250854492,,,0,,,0
2017-02-18,1054.4200439453125,99073504,0.7847452532812271,2.0445097500048695,954.1423376464844,745.7133001708985,,,0,,,1
2017-02-19,1047.8699951171875,77423296,-0.6211991953051998,2.047640450688762,955.8248779296875,748.1208752441406,,,0,,,1
2017-02-20,1079.97998046875,109478000,3.0643100290290715,2.0507318399737997,957.4579772949219,750.6293301391602,,,0,,,0
2017-02-21,1115.300048828125,186868992,3.270437322740438,2.109202918901682,959.3289782714844,753.330615234375,,,0,,,0
2017-02-22,1117.43994140625,136100000,0.19186698506590272,2.1018844663476863,960.8009777832032,755.9789248657227,,,0,,,0
2017-02-23,1166.719970703125,189454000,4.410083036306922,2.086420512711167,961.0407775878906,758.8490747070313,,,0,,,0
2017-02-24,1173.6800537109375,330759008,0.5965512875911516,2.087183047696339,964.2467785644532,761.7622048950195,,,0,,,0
2017-02-25,1143.8399658203125,139960992,-2.5424380176076733,2.1721227754131274,969.0795581054688,764.542399597168,,,0,,,1
2017-02-26,1165.199951171875,116486000,1.8673928162882492,2.1789531010909022,974.2118566894532,767.4078842163086,,,0,,,1
2017-02-27,1179.969970703125,131570000,1.2675952755057507,2.177285824167417,979.5872766113281,770.3621340942383,,,0,,,0
2017-02-28,1179.969970703125,184956000,0.0,2.17380075746705,985.1301159667969,773.3241888427734,,,0,,,0
2017-03-01,1222.5,229056992,3.604331495955959,2.225169693985766,991.4265356445312,776.5087487792969,,,0,,,0
2017-03-02,1251.010009765625,368275008,2.3321071382924385,2.0779598611108576,1000.8915954589844,779.9114337158203,,,0,,,0
2017-03-03,1274.989990234375,315739008,1.9168496080413044,2.0779261652985554,1010.2947155761718,783.4501837158203,,,0,,,0
2017-03-04,1255.1500244140625,183270000,-1.5560879671428163,2.1055063075384113,1018.9180358886719,786.8387387084961,,,0,,,1
2017-03-05,1267.1199951171875,134127000,0.953668523307627,2.09668106922768,1027.8921960449218,790.3082586669922,,,0,,,1
2017-03-06,1272.8299560546875,153656992,0.4506251151827012,2.0946178075048727,1036.9128356933593,793.8008184814453,,,0,,,0
2017-03-07,1223.5400390625,291256000,-3.872466762564919,2.221297447176169,1044.7529565429688,797.0403686523438,,,0,,,0
2017-03-08,1150.0,332603008,-6.010431756597667,2.5260031201853166,1049.5941967773438,799.8818835449218,,,0,,,0
2017-03-09,1188.489990234375,212283008,3.3469556725543415,2.562173074411813,1055.6316369628905,802.9177935791016,,,0,,,0
2017-03-10,1116.719970703125,563795968,-6.038756751926588,2.820010141208098,1059.9845764160157,805.5676284790039,,,0,,,0
2017-03-11,1175.8299560546875,283320000,5.2931788543501,2.6749518572598414,1065.6006555175782,808.5297033691406,,,0,,,1
2017-03-12,1221.3800048828125,227176000,3.8738636138307747,2.730597242141751,1071.5924755859376,811.735693359375,,,0,,,1
2017-03-13,1231.9200439453125,380276992,0.8629614878549852,2.7259846315854506,1077.7374169921875,815.006488647461,,,0,,,0
2017-03-14,1240.0,245306000,0.6558831552744948,2.7159161043729783,1084.117176513672,818.3082336425781,,,0,,,0
2017-03-15,1249.6099853515625,297804992,0.7749988186743995,2.6987857722804476,1091.2556359863281,821.706548461914,,,0,,,0
2017-03-16,1187.81005859375,638568000,-4.945537206188844,2.8928189230541377,1096.9809973144531,824.7760388183593,,,0,,,0
2017-03-17,1100.22998046875,706598976,-7.373239306348878,3.238873276662704,1100.633876953125,827.4066537475586,,,0,,,0
2017-03-18,973.8179931640625,621302016,-11.489596679671465,3.8754987151062785,1101.7152368164063,829.3882287597656,,,0,,,1
2017-03-19,1036.739990234375,406648000,6.46137137658247,4.043813074642912,1104.0182360839844,831.6945687866211,,,0,,,1
2017-03-20,1054.22998046875,286529984,1.6870179986421707,4.052803781114841,1106.7129162597657,834.1042037963867,,,0,,,0
2017-03-21,1120.5400390625,337391008,6.289904463186113,4.205069097977072,1110.7160766601562,836.8292190551758,,,0,,,0
2017-03-22,1049.1400146484375,380840992,-6.371929777163454,4.34271785953307,1112.2908166503905,839.0838592529296,,,0,,,0
2017-03-23,1038.5899658203125,248540000,-1.005590167262882,4.301548473954432,1113.2821557617187,841.2336392211914,,,0,,,0
2017-03-24,937.52001953125,491038016,-9.731457997404602,4.642710496537034,1111.7965563964844,842.8882891845703,,,0,,,0
2017-03-25,972.7789916992188,435803008,3.7608767208616944,4.620609013937102,1110.653935546875,844.7000042724609,,,0,,,1
2017-03-26,966.7249755859375,303668000,-0.6223423989354715,4.616008813295093,1109.1304345703124,846.4609091186524,,,0,,,1
2017-03-27,1045.77001953125,372535008,8.176580303762492,4.863762241224219,1109.4990356445312,848.5581793212891,,,0,,,0
2017-03-28,1047.1500244140625,326332000,0.13196064689549036,4.848852146627518,1109.6790356445313,850.6796243286133,,,0,,,0
2017-03-29,1039.969970703125,298457984,-0.6856757430679705,4.841028987420016,1109.251435546875,852.761929321289,,,0,,,0
2017-03-30,1026.4300537109375,352968992,-1.3019526884062937,4.844041533292783,1108.5186376953125,854.8604846191406,,,0,,,0
2017-03-31,1071.7900390625,447287008,4.4191988716200115,4.869185663431648,1110.0667785644532,857.178219909668,,,0,,,0
2017-04-01,1080.5,289633984,0.8126555220758114,4.8485001299689685,1111.9032983398438,859.5345147705078,,,0,,,1
2017-04-02,1102.1700439453125,514187008,2.005557051856788,4.849970478458583,1113.8576989746093,861.9919448852539,,,0,,,1
2017-04-03,1143.81005859375,580444032,3.778002757122989,4.902414395380078,1116.7502795410155,864.6752200317383,,,0,,,0
2017-04-04,1133.25,436310016,-0.9232353321610876,4.899285150878979,1119.6024389648437,867.3066049194335,,,0,,,0
2017-04-05,1124.780029296875,414784000,-0.7474053124310598,4.89823441419682,1122.0070397949219,869.9005850219727,,,0,,,0
2017-04-06,1182.6800537109375,511222016,5.147675359266213,4.94753079029717,1125.5110412597655,872.7646151733398,,,0,,,0
2017-04-07,1176.9000244140625,317022016,-0.4887229879914523,4.816909163444391,1128.500242919922,875.6029803466797,,,0,,,0
2017-04-08,1175.949951171875,209312000,-0.08072675864378986,4.779998737543076,1131.0950427246094,878.4411700439454,,,0,,,1
2017-04-09,1187.8699951171875,242343008,1.0136523185730661,4.640202539257077,1133.7640417480468,881.3947750854492,,,0,,,1
2017-04-10,1187.1300048828125,215883008,-0.062295557377223254,4.544004107577166,1136.5492419433594,884.3489352416992,,,0,,,0
2017-04-11,1205.010009765625,216182000,1.5061539013646152,4.49712924468692,1139.049842529297,887.359775390625,,,0,,,0
2017-04-12,1200.3699951171875,288702016,-0.38506025766043006,4.495170968808007,1140.7512414550781,890.3485003662109,,,0,,,0
2017-04-13,1169.280029296875,351968992,-2.590031902395007,4.518182404580348,1141.7880432128907,893.1907705688477,,,0,,,0
2017-04-14,1167.5400390625,254827008,-0.1488086848982828,4.515198130569199,1141.804444580078,895.9882556152344,,,0,,,0
2017-04-15,1172.52001953125,203559008,0.42653616168477626,4.423030275356921,1141.7812438964843,898.8200256347657,,,0,,,1
2017-04-16,1182.93994140625,183231008,0.8886775237463063,4.196041733650586,1142.563243408203,901.7110852050781,,,0,,,1
2017-04-17,1193.9100341796875,253206000,0.9273583881525216,3.553215388888104,1143.1374450683593,904.6521704101563,,,0,,,0
2017-04-18,1211.6700439453125,270524000,1.4875500881293524,3.3894568798802,1143.771446533203,907.661845703125,,,0,,,0
2017-04-19,1210.2900390625,288060992,-0.11389279529591123,3.38506709963782,1144.3778479003906,910.6433810424804,,,0,,,0
2017-04-20,1229.0799560546875,315108000,1.5525135616866192,3.2125855941369306,1144.5094470214844,913.7343206787109,,,0,,,0
2017-04-21,1222.050048828125,272167008,-0.5719650045492797,2.9579710517734576,1143.9302478027344,916.7839059448243,,,0,,,0
2017-04-22,1231.7099609375,249320000,0.790467797831873,2.9434881472457137,1143.0646472167969,919.8914358520508,,,0,,,1
2017-04-23,1207.2099609375,258951008,-1.9891046412705893,2.266958512914535,1142.1058459472656,922.8649307250977,,,0,,,1
2017-04-24,1250.1500244140625,235806000,3.556967293677382,2.258282518937557,1141.7664465332032,926.0505758666992,,,0,,,0
2017-04-25,1265.489990234375,242556000,1.2270499956597014,2.2414984118035366,1141.619647216797,929.2924209594727,,,0,,,0
2017-04-26,1281.0799560546875,329631008,1.231931184017121,1.7773556989127868,1142.7704455566407,932.602280883789,,,0,,,0
2017-04-27,1317.72998046875,449196992,2.8608693970150645,1.8169974521362242,1146.1250451660155,936.107170715332,,,0,,,0
2017-04-28,1316.47998046875,527488992,-0.09486010173004322,1.803662771637173,1148.6848449707031,939.5946005249024,,,0,,,0
2017-04-29,1321.7900390625,422705984,0.4033527795735514,1.7613636063780405,1152.7862463378906,942.998190612793,,,0,,,1
2017-04-30,1347.8900146484375,413115008,1.9745931513033055,1.643706888643243,1156.2274475097656,946.5566806030273,,,0,,,1
2017-05-01,1421.5999755859375,713624000,5.46854417915732,1.853343781507113,1160.231846923828,950.4807504272461,,,0,,,0
2017-05-02,1452.8199462890625,477337984,2.1961150280870756,1.8574612191072726,1164.649844970703,954.5429602050781,,,0,,,0
2017-05-03,1490.0899658203125,583795968,2.5653570923533042,1.8060874050523272,1169.6516442871093,958.800180053711,,,0,,,0
2017-05-04,1537.6700439453125,933548992,3.1931010352657774,1.8190362078546847,1175.4128454589843,963.2803753662109,,,0,,,0
2017-05-05,1555.449951171875,946035968,1.1562888473097388,1.787530542001455,1182.765643310547,967.86166015625,,,0,,,0
2017-05-06,1578.800048828125,582529984,1.501179619354387,1.6189472682149804,1192.3370446777344,972.5658602905273,,,0,,,1
2017-05-07,1596.7099609375,1080029952,1.1344002758720828,1.5951142006586867,1204.794884033203,977.3968099975586,,,0,,,1
2017-05-08,1723.3499755859375,1340320000,7.931309865072889,2.016950935242686,1218.5270837402343,982.8592749023437,,,0,,,0
2017-05-09,1755.3599853515625,1167920000,1.8574294379609002,2.018684335821563,1232.5496838378906,988.4719348144531,,,0,,,0
2017-05-10,1787.1300048828125,915723008,1.8098862795306925,2.0030559069146148,1245.8814831542968,994.121114807129,,,0,,,0
2017-05-11,1848.5699462890625,799489984,3.4379111334029044,2.0376107720937053,1261.8700817871095,1000.0786096191406,,,0,,,0
2017-05-12,1724.239990234375,740984000,-6.725737173444557,2.5094129574219606,1275.5830822753906,1005.4310046386719,,,0,,,0
2017-05-13,1804.9100341796875,579635008,4.678585603060226,2.4770729611976248,1292.9308825683593,1011.1676147460937,,,0,,,1
2017-05-14,1808.9100341796875,437196000,0.22161769419259958,2.46954890885981,1309.6535034179688,1016.8206448364258,,,0,,,1
2017-05-15,1738.4300537109375,731529024,-3.896267870541803,2.653568682303688,1325.0876049804688,1022.0712301635742,,,0,,,0
2017-05-16,1734.449951171875,959044992,-0.22894809777168623,2.6681519575818515,1338.8612036132813,1027.2952249145508,,,0,,,0
2017-05-17,1839.0899658203125,1064729984,6.033037423636123,2.8018517863334442,1354.7000024414062,1032.918279724121,,,0,,,0
2017-05-18,1888.6500244140625,894321024,2.694814256769873,2.810496949298302,1371.673603515625,1038.852209777832,,,0,,,0
2017-05-19,1987.7099609375,1157289984,5.245012852721076,2.8721318440220154,1390.8992016601562,1045.285899658203,,,0,,,0
2017-05-20,2084.72998046875,961336000,4.8809947848473145,2.9296638178883376,1411.1580004882812,1052.060584411621,,,0,,,1
2017-05-21,2041.199951171875,1147859968,-2.0880416027349136,2.984869789351245,1430.3719995117187,1058.5624392700195,,,0,,,1
2017-05-22,2173.39990234375,1942220032,6.476580165308032,3.099032184078746,1451.7965966796876,1065.9859387207032,,,0,,,0
2017-05-23,2320.419921875,1378749952,6.764517628472633,3.126637415328855,1475.3287939453126,1074.0718634033203,,,0,,,0
2017-05-24,2443.639892578125,1725379968,5.310244475213688,3.168042139809465,1501.536591796875,1082.7729727172853,,,0,,,0
2017-05-25,2304.97998046875,2406700032,-5.674318565944015,3.4840066328507184,1525.1405908203126,1090.7402627563476,,,0,,,0
2017-05-26,2202.419921875,1763480064,-4.449498887747083,3.68042095771741,1545.5353881835938,1098.236707458496,,,0,,,0
2017-05-27,2038.8699951171875,1700480000,-7.4259193323395145,4.0475342955025555,1562.7747875976563,1104.8818173217774,,,0,,,1
2017-05-28,2155.800048828125,1147139968,5.73504215526095,4.105620079325915,1582.3717895507812,1112.0444525146484,,,0,,,1
2017-05-29,2255.610107421875,994625024,4.6298384049117125,4.130633137290586,1603.726591796875,1119.7448330688476,,,0,,,0
2017-05-30,2175.469970703125,1443970048,-3.552925058061074,4.247895535442205,1623.4933911132812,1127.0401278686522,,,0,,,0
2017-05-31,2286.409912109375,1544829952,5.099585050599131,4.2371169670009445,1645.1213891601562,1134.9469073486327,,,0,,,0
2017-06-01,2407.8798828125,1653180032,5.312694371196991,4.288014039400423,1669.2715869140625,1143.4761517333984,,,0,,,0
2017-06-02,2488.550048828125,1317030016,3.3502570701906764,4.295311537910506,1695.6569873046874,1152.3937969970702,,,0,,,0
2017-06-03,2515.35009765625,1514950016,1.0769342911445712,4.2892502974881515,1722.6131884765625,1161.4124523925782,,,0,,,1
2017-06-04,2511.81005859375,1355120000,-0.1407374291872321,4.301888513224138,1749.3989892578124,1170.2505126953124,,,0,,,1
2017-06-05,2686.81005859375,1369309952,6.967087316227039,4.407626995563167,1779.4763916015625,1179.979678039551,,,0,,,0
2017-06-06,2863.199951171875,2089609984,6.565030230326219,4.486665895266669,1812.8621899414063,1190.5377526855468,,,0,,,0
2017-06-07,2732.159912109375,1517709952,-4.576698843853599,4.503690067217433,1843.2719873046874,1200.4404721069336,,,0,,,0
2017-06-08,2805.6201171875,1281170048,2.688722748347838,4.507589737507423,1875.1785888671875,1210.8134426879883,,,0,,,0
2017-06-09,2823.81005859375,1348950016,0.6483394275232257,4.511369084110861,1907.0731909179688,1221.2362530517578,,,0,,,0
2017-06-10,2947.7099609375,2018889984,4.3876854240490815,4.527758476575189,1941.5863891601562,1232.2180679321289,,,0,,,1
2017-06-11,2958.110107421875,1752400000,0.3528212280786036,4.251317455418551,1976.1143920898437,1243.2856484985352,,,0,,,1
2017-06-12,2659.6298828125,2569530112,-10.090233756359856,4.745221298464368,2005.1627905273438,1252.8823529052734,,,0,,,0
2017-06-13,2717.02001953125,1781200000,2.1578241803352327,4.741658470161238,2034.5001904296876,1262.7592080688476,,,0,,,0
2017-06-14,2506.3701171875,1696560000,-7.752975717127475,4.94042623594245,2059.31779296875,1271.6141485595704,,,0,,,0
2017-06-15,2464.580078125,2026259968,-1.6673530687237204,4.963171283205903,2082.987795410156,1280.2768740844726,,,0,,,0
2017-06-16,2518.56005859375,1195190016,2.1902303336727824,4.885753275502329,2107.004396972656,1289.1906094360352,,,0,,,0
2017-06-17,2655.8798828125,1534509952,5.452314855474327,4.941044875257639,2133.7923950195313,1298.7919888305664,,,0,,,1
2017-06-18,2548.2900390625,1178659968,-4.051005636447136,4.974053385266047,2158.322395019531,1307.8049841308593,,,0,,,1
2017-06-19,2589.60009765625,1446840064,1.621089356412031,4.9205941451885264,2183.1565966796875,1316.9691146850587,,,0,,,0
2017-06-20,2721.7900390625,1854189952,5.104646911540134,4.947964691964016,2209.160397949219,1326.6883450317382,,,0,,,0
2017-06-21,2689.10009765625,1626579968,-1.2010456698382854,4.857130274359206,2233.8860009765626,1336.2780703735352,,,0,,,0
2017-06-22,2705.409912109375,1097939968,0.6065157064008231,4.725934669625004,2258.192399902344,1345.9357598876952,,,0,,,0
2017-06-23,2744.909912109375,961318976,1.4600375278880584,4.64584157192722,2282.337197265625,1355.866809387207,,,0,,,0
2017-06-24,2608.719970703125,982750016,-4.9615450330605775,4.614927678650817,2303.40259765625,1365.0892892456054,,,0,,,1
2017-06-25,2589.409912109375,1161100032,-0.7402120124278988,4.526086815018968,2323.614794921875,1374.1956787109375,,,0,,,1
2017-06-26,2478.449951171875,1663280000,-4.285144674027697,4.366557598567862,2341.2495947265625,1382.7338784790038,,,0,,,0
2017-06-27,2552.449951171875,1489789952,2.985737112222542,4.286358100924926,2357.8315942382815,1391.632158203125,,,0,,,0
2017-06-28,2574.7900390625,1183869952,0.8752409770216296,4.220595021901183,2374.2201953125,1400.6328582763672,,,0,,,0
2017-06-29,2539.320068359375,949979008,-1.3775869164089127,4.166378562665976,2389.2639965820313,1409.480803527832,,,0,,,0
2017-06-30,2480.840087890625,860273024,-2.302977919066862,4.109642848738717,2401.9093994140626,1417.9845690917969,,,0,,,0
2017-07-01,2434.550048828125,779913984,-1.8659017680522472,4.01902552940501,2416.1156005859375,1426.2545391845704,,,0,,,1
2017-07-02,2506.469970703125,803747008,2.954136100410776,4.008670390223551,2430.146799316406,1434.879483947754,,,0,,,1
2017-07-03,2564.06005859375,964112000,2.2976572057023192,4.025062626074209,2445.2497998046874,1443.8093441772462,,,0,,,0
2017-07-04,2601.639892578125,985516032,1.465637821486343,4.03183171153649,2462.5139965820313,1452.8930087280273,,,0,,,0
2017-07-05,2601.989990234375,941566016,0.013456806887401918,3.8237068509494145,2479.8647973632815,1461.9488137817382,,,0,,,0
2017-07-06,2608.56005859375,761956992,0.25250167694854664,3.6160425552090905,2495.25419921875,1471.0389639282228,,,0,,,0
2017-07-07,2518.659912109375,917411968,-3.4463514147663243,3.5750100307149038,2507.854396972656,1479.6686935424805,,,0,,,0
2017-07-08,2571.340087890625,733329984,2.0915954364450373,3.559959047221319,2519.5269995117187,1488.5210140991212,,,0,,,1
2017-07-09,2518.43994140625,527856000,-2.057298711030131,3.571259900715852,2528.2011987304686,1496.9418087768554,,,0,,,1
2017-07-10,2372.56005859375,1111200000,-5.792470188153198,3.5923352102788026,2534.8284008789065,1504.4819091796876,,,0,,,0
2017-07-11,2337.7900390625,1329760000,-1.4655064012102925,3.590048260591009,2538.1162036132814,1511.5609393310547,,,0,,,0
2017-07-12,2398.840087890625,1117410048,2.6114427646636518,3.171121273854577,2539.684606933594,1519.061029663086,,,0,,,0
2017-07-13,2357.89990234375,835769984,-1.7066658904668741,3.146474678337254,2537.9698071289063,1526.3696142578126,,,0,,,0
2017-07-14,2233.340087890625,882502976,-5.282659129393608,2.975725979352587,2536.5370092773437,1532.9982647705078,,,0,,,0
2017-07-15,1998.8599853515625,993608000,-10.499077315203142,3.5018505749054567,2532.465810546875,1538.3265747070313,,,0,,,1
2017-07-16,1929.8199462890625,1182870016,-3.453970741745427,3.4964382285350895,2530.2848095703125,1543.0960693359375,,,0,,,1
2017-07-17,2228.409912109375,1201760000,15.47242613977975,4.461895607178037,2531.7370068359373,1549.3706338500976,,,0,,,0
2017-07-18,2318.8798828125,1512450048,4.05984420601897,4.484309975064788,2533.00240234375,1556.158843383789,,,0,,,0
2017-07-19,2273.429931640625,1245100032,-1.9599959234089415,4.481304290536975,2534.9616015625,1562.7072781372071,,,0,,,0
2017-07-20,2817.60009765625,2249260032,23.93608698654388,6.2427285595588655,2545.5854052734376,1571.803653564453,,,0,,,0
2017-07-21,2667.760009765625,1489449984,-5.3180040707432426,6.321379251017014,2550.7830078125,1580.0337036132812,,,0,,,0
2017-07-22,2810.1201171875,1177129984,5.336316119169271,6.391691512024222,2557.2144091796877,1588.8651043701173,,,0,,,1
2017-07-23,2730.39990234375,1072840000,-2.836897054903753,6.413138130303735,2561.5154052734374,1596.7434539794922,,,0,,,1
2017-07-24,2754.860107421875,866473984,0.8958469804049018,6.340378173797216,2566.37640625,1605.4508544921875,,,0,,,0
2017-07-25,2576.47998046875,1460089984,-6.475106538896503,6.460077004105457,2564.1698046875,1613.8222494506836,,,0,,,0
2017-07-26,2529.449951171875,937404032,-1.8253597797534105,6.417038352040458,2557.4948046875,1621.9265740966796,,,0,,,0
2017-07-27,2671.780029296875,789104000,5.626918139220716,6.473694950086094,2556.28720703125,1630.7294793701171,,,0,,,0
2017-07-28,2809.010009765625,1380099968,5.136275403063939,6.532304371034539,2556.3550048828124,1640.2603894042968,,,0,,,0
2017-07-29,2726.449951171875,803745984,-2.9391158560036046,6.553825504397669,2554.407802734375,1649.3542440795898,,,0,,,1
2017-07-30,2757.179931640625,705942976,1.127105981004406,6.534380242847453,2550.5972021484376,1659.2513586425782,,,0,,,1
2017-07-31,2875.340087890625,860574976,4.285543895558908,6.552604989629061,2548.9418017578123,1669.6038891601563,,,0,,,0
2017-08-01,2718.260009765625,1324669952,-5.463008664141544,6.634669656850674,2550.114404296875,1679.0752691650391,,,0,,,0
2017-08-02,2710.669921875,1094950016,-0.27922597041331043,6.626862424530162,2549.98740234375,1688.5365588378907,,,0,,,0
2017-08-03,2804.72998046875,804796992,3.469993075685429,6.6482164023174155,2555.954599609375,1698.4512188720703,,,0,,,0
2017-08-04,2895.889892578125,1002120000,3.250220618176569,6.667116793416934,2564.5807958984374,1708.7729983520508,,,0,,,0
2017-08-05,3252.909912109375,1945699968,12.328508084725742,7.004048820769705,2579.26779296875,1720.4978579711915,,,0,,,1
2017-08-06,3213.93994140625,1105030016,-1.1980033802367007,6.967195872932125,2590.428994140625,1732.1344677734376,,,0,,,1
2017-08-07,3378.93994140625,1482279936,5.133885604838184,7.005129792773079,2607.0419921875,1744.5338024902344,,,0,,,0
2017-08-08,3419.93994140625,1752760064,1.2133983057105446,6.9791003633083175,2623.6487890625,1757.1583721923828,,,0,,,0
2017-08-09,3342.469970703125,1468960000,-2.2652436016542987,6.885515572345097,2636.0623876953123,1769.261777038574,,,0,,,0
2017-08-10,3381.280029296875,1515110016,1.1611191404536703,6.8649665435126765,2649.905986328125,1781.5448123168944,,,0,,,0
2017-08-11,3650.6201171875,2021190016,7.965625016471445,6.965032968066023,2668.8101904296873,1795.192852783203,,,0,,,0
2017-08-12,3884.7099609375,2219589888,6.412330952976464,6.988613068198104,2691.60619140625,1810.1529675292968,,,0,,,1
2017-08-13,4073.260009765625,3159089920,4.853645464502643,6.873433644217353,2720.8969921875,1826.0115576171875,,,0,,,1
2017-08-14,4325.1298828125,2463089920,6.183496080363593,6.470415523474625,2755.6113916015624,1843.0492770385742,,,0,,,0
2017-08-15,4181.93017578125,3258050048,-3.3108764571511906,6.465701525214559,2789.68099609375,1859.3601779174805,,,0,,,0
2017-08-16,4376.6298828125,2272039936,4.655737873358379,6.020914406964113,2826.1645947265624,1876.6353771972656,,,0,,,0
2017-08-17,4331.68994140625,2553359872,-1.0268161258673913,6.045260731896804,2861.3025927734375,1893.6963470458984,,,0,,,0
2017-08-18,4160.6201171875,2941710080,-3.9492629096904763,6.103874424547856,2893.72859375,1909.897537536621,,,0,,,0
2017-08-19,4193.7001953125,2975820032,0.7950756664456327,4.519149546905745,2927.9857958984376,1926.0140234375,,,0,,,1
2017-08-20,4087.659912109375,2109769984,-2.5285613721660716,4.40268626458442,2961.0479931640625,1941.5072079467773,,,0,,,1
2017-08-21,4001.739990234375,2800890112,-2.101934204958411,4.390043055693553,2990.9533935546874,1956.4569079589844,,,0,,,0
2017-08-22,4100.52001953125,3764239872,2.4684269727151875,4.325004248947017,3021.6825927734376,1971.8099578857423,,,0,,,0
2017-08-23,4151.52001953125,2369819904,1.243744689870585,4.323924135594956,3052.6801953125,1987.3530578613281,,,0,,,0
2017-08-24,4334.68017578125,2037750016,4.411881802046103,4.084800578189778,3087.3339990234376,2003.8897589111327,,,0,,,0
2017-08-25,4371.60009765625,1727970048,0.8517334700095969,4.031129901886614,3122.5947998046877,2020.5570092773437,,,0,,,0
2017-08-26,4352.39990234375,1511609984,-0.43920292075192435,3.9905617284757984,3159.269599609375,2037.012258911133,,,0,,,1
2017-08-27,4382.8798828125,1537459968,0.7003028479147133,3.9412951871220807,3195.5003955078123,2053.61130859375,,,0,,,1
2017-08-28,4382.66015625,1959330048,-0.00501329190794042,3.8612107388104455,3232.7847998046873,2070.5526943969726,,,0,,,0
2017-08-29,4579.02001953125,2486080000,4.48038077972408,3.893508867930432,3276.9139990234376,2088.5044244384767,,,0,,,0
2017-08-30,4565.2998046875,1937849984,-0.2996321218345477,3.881601355571798,3321.4641943359375,2106.308673400879,,,0,,,0
2017-08-31,4703.39013671875,1944930048,3.0247812397657503,3.64964446444542,3367.5551953125,2124.8297189331056,,,0,,,0
2017-09-01,4892.009765625,2599079936,4.0102909480912885,3.6450763488120983,3418.237392578125,2144.3365576171873,,,0,,,0
2017-09-02,4578.77001953125,2722139904,-6.403089141293461,3.9457239295670448,3465.1459912109376,2162.207657775879,,,0,,,1
2017-09-03,4582.9599609375,1933190016,0.09150801172317369,3.9456426455801368,3516.827990722656,2180.0850576782227,,,0,,,1
2017-09-04,4236.31005859375,2987330048,-7.563886774014906,3.749796160006925,3562.95779296875,2196.1294082641602,,,0,,,0
2017-09-05,4376.52978515625,2697969920,3.309949569863302,3.750983474645192,3605.9201904296874,2212.781007385254,,,0,,,0
2017-09-06,4597.1201171875,2172100096,5.040302313934197,3.7475525416073405,3651.4849951171873,2230.494507751465,,,0,,,0
2017-09-07,4599.8798828125,1844620032,0.06003248892021418,3.7522552367952398,3698.013994140625,2248.2545571899414,,,0,,,0
2017-09-08,4228.75,2700890112,-8.06825161237863,4.066086754041888,3726.2369921875,2263.9984072875977,,,0,,,0
2017-09-09,4226.06005859375,1386230016,-0.06361079293526473,4.069183789782737,3757.4029931640625,2279.552207336426,,,0,,,1
2017-09-10,4122.93994140625,1679090048,-2.4401006080782994,3.8787065217691783,3783.6593896484374,2294.5797073364256,,,0,,,1
2017-09-11,4161.27001953125,1557330048,0.9296783040678047,3.715261270393853,3812.2767919921876,2309.5524575805666,,,0,,,0
2017-09-12,4130.81005859375,1864530048,-0.7319871287980284,3.6177146294128297,3839.795791015625,2324.3381076049805,,,0,,,0
2017-09-13,3882.590087890625,2219409920,-6.008990178251539,3.596779101866334,3865.9179931640624,2338.0318582153322,,,0,,,0
2017-09-14,3154.949951171875,2716310016,-18.74110117851947,4.907336637395246,3878.4279931640626,2347.980608215332,,,0,,,0
2017-09-15,3637.52001953125,4148069888,15.295648927176453,5.645013017425438,3897.74279296875,2360.2683584594724,,,0,,,0
2017-09-16,3625.0400390625,1818400000,-0.3430903583139133,5.644005992060913,3914.0633935546875,2372.4937088012693,,,0,,,1
2017-09-17,3582.8798828125,1239149952,-1.1630259471810844,5.606942714973584,3931.1919921875,2384.295608215332,,,0,,,1
2017-09-18,4065.199951171875,1943209984,13.461798445242934,6.146316773175428,3957.352392578125,2398.3665579223634,,,0,,,0
2017-09-19,3924.969970703125,1563980032,-3.4495223396902253,6.162088201202506,3978.344990234375,2411.616457824707,,,0,,,0
2017-09-20,3905.949951171875,1213830016,-0.4845901923637541,6.1496568878782165,4002.0987890625,2424.8704574584963,,,0,,,0
2017-09-21,3631.0400390625,1411480064,-7.038234374377883,6.267523430123037,4020.50619140625,2436.6900576782227,,,0,,,0
2017-09-22,3630.699951171875,1194829952,-0.009366128904286786,6.261666549911408,4037.0255908203126,2448.4794076538087,,,0,,,0
2017-09-23,3792.39990234375,928113984,4.453685331933954,6.262744970035987,4054.955791015625,2461.323706970215,,,0,,,1
2017-09-24,3682.840087890625,768014976,-2.8889309480631398,6.277245055297504,4063.55439453125,2473.987907409668,,,0,,,1
2017-09-25,3926.070068359375,1374210048,6.604413296914613,6.405225014940949,4077.7969970703125,2487.675807800293,,,0,,,0
2017-09-26,3892.35009765625,1043740032,-0.858873380148717,6.4044861203119785,4088.0652001953126,2501.5539584350586,,,0,,,0
2017-09-27,4200.669921875,1686880000,7.92117400755914,6.57377451109102,4103.679799804688,2516.67815826416,,,0,,,0
2017-09-28,4174.72998046875,1712320000,-0.6175191550082948,6.52154272240563,4120.325,2531.44490814209,,,0,,,0
2017-09-29,4163.06982421875,1367049984,-0.2793032436720799,6.521522214657179,4135.960795898438,2546.100657043457,,,0,,,0
2017-09-30,4338.7099609375,1207449984,4.2190053046182285,6.544846232221267,4149.722592773437,2561.5942068481445,,,0,,,1
2017-10-01,4403.740234375,1208210048,1.4988389180881967,6.506959635052615,4160.103198242187,2577.364858093262,,,0,,,1
2017-10-02,4409.31982421875,1431730048,0.12670115735247123,6.3986208542472465,4166.82439453125,2593.4724069213867,,,0,,,0
2017-10-03,4317.47998046875,1288019968,-2.082857388696502,6.410735573573393,4166.671396484375,2609.5586569213865,,,0,,,0
2017-10-04,4229.35986328125,1116770048,-2.041008124788868,6.263557936775893,4167.619990234375,2625.8363662719726,,,0,,,0
2017-10-05,4328.41015625,1161769984,2.3419689071315863,6.2493930262555395,4166.655595703125,2642.294717102051,,,0,,,0
2017-10-06,4370.81005859375,1069939968,0.9795721942507329,6.183556185878514,4167.437998046875,2658.8776174926757,,,0,,,0
2017-10-07,4426.89013671875,906928000,1.2830591440306849,6.187863418981492,4172.7633984375,2675.409367980957,,,0,,,1
2017-10-08,4610.47998046875,1313869952,4.147151568709995,6.034550528904803,4181.098994140625,2693.2160678100586,,,0,,,1
2017-10-09,4772.02001953125,1968739968,3.5037575208400673,6.058826078068169,4194.786196289063,2711.8832180786135,,,0,,,0
2017-10-10,4781.990234375,1597139968,0.20893070026830607,6.0324450627546655,4210.391201171875,2731.1055691528322,,,0,,,0
2017-10-11,4826.47998046875,1222279936,0.9303604548152045,6.032446058804496,4224.910400390625,2750.3740740966796,,,0,,,0
2017-10-12,5446.91015625,2791610112,12.854713544693785,6.420724683176936,4250.818203125,2772.775,,,0,,,0
2017-10-13,5647.2099609375,3615480064,3.6773106025563607,6.291730830980191,4277.068798828125,2795.7821997070314,,,0,,,0
2017-10-14,5831.7900390625,1669030016,3.26851807178703,5.0084541389451145,4306.27259765625,2819.7053997802736,,,0,,,1
2017-10-15,5678.18994140625,1976039936,-2.633841352782007,4.42576632414946,4332.7883984375,2842.896499633789,,,0,,,1
2017-10-16,5725.58984375,2008070016,0.8347713414463831,4.413266367842904,4359.64259765625,2866.3922985839845,,,0,,,0
2017-10-17,5605.509765625,1821570048,-2.097252534707461,4.436855152283181,4384.09958984375,2889.060897216797,,,0,,,0
2017-10-18,5590.68994140625,2399269888,-0.2643795986161823,3.8382229220669135,4404.33298828125,2911.611846923828,,,0,,,0
2017-10-19,5708.52001953125,1780540032,2.1076124657229967,3.742135927534134,4427.197392578125,2934.6435968017577,,,0,,,0
2017-10-20,6011.4501953125,2354429952,5.306632450176196,3.7947212114409856,4453.35859375,2958.9817974853518,,,0,,,0
2017-10-21,6031.60009765625,2207099904,0.3351920366813088,3.444215514720611,4476.150400390625,2983.473547973633,,,0,,,1
2017-10-22,6008.419921875,2034630016,-0.384312212446869,3.451533781392479,4504.7433984375,3007.8917474365235,,,0,,,1
2017-10-23,5930.31982421875,2401840128,-1.2998441965067942,3.455881796450839,4531.690595703125,3031.6299462890624,,,0,,,0
2017-10-24,5526.64013671875,2735699968,-6.807047502757236,3.695418943824488,4557.497197265625,3053.378646850586,,,0,,,0
2017-10-25,5750.7998046875,1966989952,4.05598451180933,3.600347064269317,4584.98259765625,3076.2528961181642,,,0,,,0
2017-10-26,5904.830078125,1905040000,2.6784148060926993,3.583696044353409,4611.136796875,3099.837696533203,,,0,,,0
2017-10-27,5780.89990234375,1710130048,-2.098793261475229,3.4240353486536277,4634.757197265625,3122.806546020508,,,0,,,0
2017-10-28,5753.08984375,1403920000,-0.4810679835932641,3.421730573783606,4665.243994140625,3145.5469451904296,,,0,,,1
2017-10-29,6153.85009765625,2859040000,6.966000267519279,3.5712806953081775,4703.799794921875,3170.314345703125,,,0,,,1
2017-10-30,6130.52978515625,1772150016,-0.37895483526454443,3.543401260999397,4743.951591796875,3195.120594482422,,,0,,,0
2017-10-31,6468.39990234375,2311379968,5.51127111404921,3.629062621349081,4790.094189453125,3221.624893798828,,,0,,,0
2017-11-01,6767.31005859375,2870320128,4.621083432731066,3.6692967936593996,4842.824189453125,3249.5988439941407,,,0,,,0
2017-11-02,7078.5,4653770240,4.598428898807039,3.6469387690216344,4906.742387695313,3279.0766442871095,,,0,,,0
2017-11-03,7207.759765625,3369860096,1.826089787737506,3.5769389370361684,4987.798583984375,3309.145892944336,,,0,,,0
2017-11-04,7379.9501953125,2483800064,2.3889590564422525,3.577170700366764,5062.6471875,3339.987293701172,,,0,,,1
2017-11-05,7407.41015625,2380410112,0.37208870264384686,3.5840077462319138,5138.29458984375,3370.9728942871093,,,0,,,1
2017-11-06,7022.759765625,3111899904,-5.192778346429916,3.8064695767974257,5207.0921875,3399.941293334961,,,0,,,0
2017-11-07,7144.3798828125,2326340096,1.731799481206897,3.776567508680338,5268.675786132812,3429.5529425048826,,,0,,,0
2017-11-08,7459.68994140625,4602200064,4.413399955849262,3.796493683116039,5339.370185546875,3460.6928424072266,,,0,,,0
2017-11-09,7143.580078125,3226249984,-4.237573756606549,3.9356412467529642,5404.122788085938,3490.374692993164,,,0,,,0
2017-11-10,6618.14013671875,5208249856,-7.355414731266851,4.2494223343410145,5463.864790039062,3517.2146435546874,,,0,,,0
2017-11-11,6357.60009765625,4908680192,-3.936756153242693,3.7275377428627174,5518.40279296875,3542.675194091797,,,0,,,1
2017-11-12,5950.06982421875,8957349888,-6.410127519466624,3.8903181595677094,5561.55619140625,3566.0201434326173,,,0,,,1
2017-11-13,6559.490234375,6263249920,10.24223964020905,4.2671308773221535,5619.0891943359375,3592.2289447021485,,,0,,,0
2017-11-14,6635.75,3197110016,1.1625867697059977,4.227701205709527,5673.28279296875,3618.825294799805,,,0,,,0
2017-11-15,7315.5400390625,4200880128,10.244358799871911,4.579590494604543,5741.746591796875,3648.794044799805,,,0,,,0
2017-11-16,7871.68994140625,5123809792,7.602308228430132,4.699995118247216,5815.1669921875,3681.4130444335938,,,0,,,0
2017-11-17,7708.990234375,4651670016,-2.0668967939835303,4.731358641089723,5885.852197265625,3712.849995727539,,,0,,,0
2017-11-18,7790.14990234375,3667190016,1.052792460507379,4.728175235091611,5958.393798828125,3744.5366455078124,,,0,,,1
2017-11-19,8036.490234375,3149319936,3.1622027190662427,4.6791023365279045,6032.349404296875,3777.268646850586,,,0,,,1
2017-11-20,8200.6396484375,3488450048,2.04255103005504,4.680149426444937,6108.287392578125,3810.5834948730467,,,0,,,0
2017-11-21,8071.259765625,4277609984,-1.5776803805438666,4.698535599526764,6181.52619140625,3843.1625439453123,,,0,,,0
2017-11-22,8253.5498046875,3633530112,2.258507895370454,4.680893334334027,6260.247587890625,3876.536292724609,,,0,,,0
2017-11-23,8038.77001953125,4225179904,-2.6022716314653915,4.491595503206226,6336.435791015625,3908.746593017578,,,0,,,0
2017-11-24,8253.6904296875,5058610176,2.6735484363164197,4.4699484954187305,6414.941396484375,3941.398295288086,,,0,,,0
2017-11-25,8790.919921875,4342060032,6.508961012823455,4.564190388908938,6503.34359375,3976.5760949707033,,,0,,,1
2017-11-26,9330.5498046875,5475579904,6.138491620992981,4.591977929370161,6601.416787109375,4014.2931939697264,,,0,,,1
2017-11-27,9818.349609375,5653320192,5.227985648203037,4.616308780955737,6705.5741796875,4054.142092285156,,,0,,,0
2017-11-28,10058.7998046875,6348819968,2.4489879142509663,4.5179792456732875,6811.309775390625,4095.814891357422,,,0,,,0
2017-11-29,9888.6103515625,11568799744,-1.6919459222728528,4.545579232343216,6913.442177734375,4136.233392944336,,,0,,,0
2017-11-30,10233.599609375,8310689792,3.4887536827456156,4.501973212859915,7021.5845703125,4178.356840820313,,,0,,,0
2017-12-01,10975.599609375,6783119872,7.250625667631683,4.586856601996742,7132.158359375,4224.542688598633,,,0,,,0
2017-12-02,11074.599609375,5138500096,0.9020008338809893,4.556568344217476,7240.70615234375,4271.243436889648,,,0,,,1
2017-12-03,11323.2001953125,6608309760,2.244781705038368,4.557918567199776,7350.53435546875,4318.663988037109,,,0,,,1
2017-12-04,11657.2001953125,6132409856,2.949696148075409,4.562344318253667,7470.114560546875,4367.506738891601,,,0,,,0
2017-12-05,11916.7001953125,6895260160,2.226091991663215,4.5572026926882785,7593.936767578125,4417.151690063477,,,0,,,0
2017-12-06,14291.5,12656300032,19.928333899191664,5.465144420736473,7767.656572265625,4478.185540161133,,,0,,,0
2017-12-07,17899.69921875,17950699520,25.24716942763181,6.855591111982848,8013.8367578125,4557.478036499024,,,0,,,0
2017-12-08,16569.400390625,21135998976,-7.43196191102199,7.126099768192973,8231.054365234375,4629.45803894043,,,0,,,0
2017-12-09,15178.2001953125,13911300096,-8.396201205323306,7.308314387840689,8414.389365234376,4693.7469403076175,,,0,,,1
2017-12-10,15455.400390625,13433299968,1.826304777546084,7.056968274003949,8602.86537109375,4758.805742797852,,,0,,,1
2017-12-11,16936.80078125,12153900032,9.585001702858452,7.024401963289222,8821.43298828125,4831.964846801758,,,0,,,0
2017-12-12,17415.400390625,14603799552,2.8257970059188287,6.771041789366069,9051.134599609375,4908.029749145508,,,0,,,0
2017-12-13,16408.19921875,12976900096,-5.783393716386753,6.880545620906592,9268.76578125,4979.876395263672,,,0,,,0
2017-12-14,16564.0,13777399808,0.9495300439305021,6.882953330163202,9485.02978515625,5051.917395019531,,,0,,,0
2017-12-15,17706.900390625,14309999616,6.899905763251635,6.793229327595177,9721.07119140625,5129.173846435547,,,0,,,0
2017-12-16,19497.400390625,12740599808,10.111877067699492,6.864434022596976,9995.401201171875,5215.7834985351565,,,0,,,1
2017-12-17,19140.80078125,13314599936,-1.828959770177696,6.858177760711319,10263.155419921875,5300.05545288086,,,0,,,1
2017-12-18,19114.19921875,14839499776,-0.13897831550526707,6.875002062777425,10522.36240234375,5383.587049560547,,,0,,,0
2017-12-19,17776.69921875,16894499840,-6.99741582000456,7.125061176453333,10755.285791015625,5460.027795410157,,,0,,,0
2017-12-20,16624.599609375,22149699584,-6.480953495347553,7.32787868259891,10958.40978515625,5530.57404296875,,,0,,,0
2017-12-21,15802.900390625,16516599808,-4.942670729264509,7.41961258678854,11139.121591796875,5597.029494628906,,,0,,,0
2017-12-22,13831.7998046875,22197999616,-12.473030502089644,7.908438845262642,11274.187587890625,5652.754443359375,,,0,,,0
2017-12-23,14699.2001953125,13086000128,6.271059463505568,7.89544007030083,11424.016396484374,5711.934444580078,,,0,,,1
2017-12-24,13925.7998046875,11572299776,-5.261513418067699,8.015125121189516,11554.933388671874,5767.902644042969,,,0,,,1
2017-12-25,14026.599609375,10664699904,0.7238349401918809,7.973719158278981,11687.317177734374,5824.007541503906,,,0,,,0
2017-12-26,16099.7998046875,13454300160,14.780490304484273,8.283674768983198,11868.857978515625,5890.387490234375,,,0,,,0
2017-12-27,15838.5,12487600128,-1.6230003345223065,8.290289386299909,12042.740380859375,5954.841440429687,,,0,,,0
2017-12-28,14606.5,12336499712,-7.778514379518264,8.476010035961885,12185.67658203125,6013.083389892578,,,0,,,0
2017-12-29,14656.2001953125,13025500160,0.34026081068359026,8.457063239669825,12335.928984375,6073.066241455078,,,0,,,0
2017-12-30,12952.2001953125,14452599808,-11.626478741365665,8.78736967084283,12462.610185546875,6124.242142333985,,,0,,,1
2017-12-31,14156.400390625,12136299520,9.297263608914186,8.844180014402323,12618.58619140625,6182.492293701172,,,0,,,1
2018-01-01,13657.2001953125,10291200000,-3.526321533283927,8.8863785158339,12772.728798828124,6238.45539428711,,,0,,,0
2018-01-02,14982.099609375,16846600192,9.70110560814097,9.0237561656625,12941.180986328125,6300.773092041016,,,0,,,0
2018-01-03,15201.0,16871900160,1.4610795304552893,9.018534204682302,13112.485986328125,6363.498692626953,,,0,,,0
2018-01-04,15599.2001953125,21783199744,2.6195657872015055,9.020269307736086,13278.159189453125,6428.753243408203,,,0,,,0
2018-01-05,17429.5,23840899072,11.733292616101544,8.547632932943475,13469.315390625,6502.952742919922,,,0,,,0
2018-01-06,17527.0,18314600448,0.5593964256002781,7.21800914657611,13665.6755859375,6576.97879272461,,,0,,,1
2018-01-07,16477.599609375,15866000384,-5.987336056512804,7.170136534342496,13839.424580078125,6645.921290283203,,,0,,,1
2018-01-08,15170.099609375,18413899776,-7.935014996092593,7.1514785707391075,13982.096767578125,6708.244738769531,,,0,,,0
2018-01-09,14595.400390625,16659999744,-3.788368129071751,7.182028682144037,14109.991982421874,6767.49719116211,,,0,,,0
2018-01-10,14973.2998046875,18500800512,2.5891678470515656,6.9724871208120005,14248.032783203125,6829.320090332031,,,0,,,0
2018-01-11,13405.7998046875,16534099968,-10.468634305373904,7.1940175315507755,14351.077783203125,6883.402039794922,,,0,,,0
2018-01-12,13980.599609375,12065699840,4.287694975770973,7.17973332872763,14469.914375,6940.912788085938,,,0,,,0
2018-01-13,14360.2001953125,12763599872,2.715195317395036,7.197412321673075,14592.0445703125,6999.95153930664,,,0,,,1
2018-01-14,13772.0,11084099584,-4.096044534981502,7.101379637507503,14691.666171875,7055.937589111328,,,0,,,1
2018-01-15,13819.7998046875,12750799872,0.3470796157965417,6.8117227316385,14781.451171875,7112.339987792969,,,0,,,0
2018-01-16,11490.5,18853799936,-16.85480135462911,7.407420862283568,14814.8941796875,7157.388287353516,,,0,,,0
2018-01-17,11188.599609375,18830600192,-2.627391241677912,7.406532220815479,14837.49017578125,7201.15853515625,,,0,,,0
2018-01-18,11474.900390625,15020399616,2.558861620270214,7.367401835805883,14869.2159765625,7246.00068725586,,,0,,,0
2018-01-19,11607.400390625,10740400128,1.154694119247024,7.30972442719224,14896.6919921875,7291.217388916016,,,0,,,0
2018-01-20,12899.2001953125,11801700352,11.129105236439107,7.588980056526224,14935.16400390625,7342.705190429688,,,0,,,1
2018-01-21,11600.099609375,9935179776,-10.071171594108497,7.468858261737213,14945.67400390625,7387.695738525391,,,0,,,1
2018-01-22,10931.400390625,10537400320,-5.764598936801968,7.426152926860331,14937.8380078125,7429.309940185547,,,0,,,0
2018-01-23,10868.400390625,9660609536,-0.5763214020962026,7.376311732074456,14922.06201171875,7471.058642578125,,,0,,,0
2018-01-24,11359.400390625,9940989952,4.517684133384825,7.431353421574514,14910.916015625,7514.998944091797,,,0,,,0
2018-01-25,11259.400390625,8873169920,-0.8803281560753051,6.853542577263593,14850.2740234375,7558.703746337891,,,0,,,0
2018-01-26,11171.400390625,9746199552,-0.7815691506385392,6.852428160710739,14715.708046875,7602.697947998047,,,0,,,0
2018-01-27,11440.7001953125,7583269888,2.4106181433931617,6.752811514900497,14613.13404296875,7648.212498779297,,,0,,,1
2018-01-28,11786.2998046875,8350360064,3.020790716258781,6.783147853035223,14545.29603515625,7695.149797363281,,,0,,,1
2018-01-29,11296.400390625,7107359744,-4.156515803778071,6.491305711393371,14462.11603515625,7739.842299804687,,,0,,,0
2018-01-30,10106.2998046875,8637859840,-10.535219581320588,6.495663322060212,14325.506015625,7779.2070983886715,,,0,,,0
2018-01-31,10221.099609375,8041160192,1.1359232053877344,6.486629270394464,14181.62,7820.318296508789,,,0,,,0
2018-02-01,9170.5400390625,9959400448,-10.27834196380305,6.40140842818185,14036.86681640625,7856.521896972657,30.0,Fear,0,,,0
2018-02-02,8830.75,12726899712,-3.7052347802326024,6.39074791596115,13882.20181640625,7889.533597412109,15.0,Extreme Fear,0,,,0
2018-02-03,9174.91015625,7263790080,3.897292486481896,6.42394763682802,13711.56201171875,7923.8137487792965,40.0,Fear,0,,,1
2018-02-04,8277.009765625,7073549824,-9.786476110758924,6.0821235627822725,13487.15419921875,7953.831647949219,24.0,Extreme Fear,0,,,1
2018-02-05,6955.27001953125,9285289984,-15.968807377551098,6.548134155668108,13243.443583984375,7974.519997558594,11.0,Extreme Fear,0,,,0
2018-02-06,7754.0,13999800320,11.483809805022926,7.016574715718871,13016.239599609375,7999.951197509766,8.0,Extreme Fear,0,,,0
2018-02-07,7621.2998046875,9169280000,-1.7113772931712679,6.933727200603464,12813.131611328125,8024.007095947266,36.0,Fear,0,,,0
2018-02-08,8265.58984375,9346750464,8.453807822469184,7.182268281230374,12645.951416015625,8051.683045654297,30.0,Fear,0,,,0
2018-02-09,8736.98046875,6784820224,5.703048831493129,7.267174711689677,12504.633017578126,8081.593647460937,44.0,Fear,0,,,0
2018-02-10,8621.900390625,7780960256,-1.3171607575021227,7.067705214832878,12400.435029296876,8111.8207495117185,54.0,Neutral,0,,,1
2018-02-11,8129.97021484375,6122189824,-5.705588715872301,7.035086677959604,12269.0504296875,8139.823350830078,31.0,Fear,0,,,1
2018-02-12,8926.5703125,6256439808,9.798315081177211,7.296908380709139,12169.06583984375,8171.097302246094,42.0,Fear,0,,,0
2018-02-13,8598.3095703125,5696719872,-3.6773444973354663,7.291788228699995,12060.5000390625,8200.043800048828,35.0,Fear,0,,,0
2018-02-14,9494.6298828125,7909819904,10.424378247495735,7.595723046668869,11928.396640625,8233.88469970703,55.0,Greed,0,,,0
2018-02-15,10166.400390625,9062540288,7.075267978887334,7.109595477326821,11814.9546484375,8270.930802001953,71.0,Greed,0,,,0
2018-02-16,10233.900390625,7296159744,0.6639518158486624,7.0955776547550276,11727.50265625,8307.723603515626,67.0,Greed,0,,,0
2018-02-17,11112.7001953125,8660880384,8.58714440383399,7.255551004973526,11656.63265625,8349.69580444336,74.0,Greed,0,,,1
2018-02-18,10551.7998046875,8744009728,-5.047381651325356,7.314098835983802,11608.6246484375,8388.901453857421,63.0,Greed,0,,,1
2018-02-19,11225.2998046875,7652089856,6.382797366007709,7.112377337010611,11550.00263671875,8431.004302978516,67.0,Greed,0,,,0
2018-02-20,11403.7001953125,9926540288,1.589270609507487,6.869568902273972,11504.93263671875,8473.543354492187,74.0,Greed,0,,,0
2018-02-21,10690.400390625,9405339648,-6.2549855965233325,6.884756408770509,11419.09865234375,8510.730806884765,54.0,Neutral,0,,,0
2018-02-22,10005.0,8040079872,-6.411363144322124,6.987888480731265,11315.17865234375,8544.686107177735,44.0,Fear,0,,,0
2018-02-23,10301.099609375,7739500032,2.959516335582202,6.958606162380863,11209.216640625,8579.296905517578,39.0,Fear,0,,,0
2018-02-24,9813.0703125,6917929984,-4.7376427311783935,7.009209069387614,11056.888046875,8611.262557373047,31.0,Fear,0,,,1
2018-02-25,9664.73046875,5706939904,-1.511655771599263,7.012506039513964,10899.64265625,8642.87385986328,33.0,Fear,0,,,1
2018-02-26,10366.7001953125,7287690240,7.263210586495439,7.130738844970777,10777.42466796875,8677.80096069336,37.0,Fear,0,,,0
2018-02-27,10725.599609375,6966179840,3.462041028492213,7.13780449175902,10688.53466796875,8713.175858154296,44.0,Fear,0,,,0
2018-02-28,10397.900390625,6936189952,-3.0552997565149287,7.118839726658456,10604.58466796875,8745.741810302734,41.0,Fear,0,,,0
2018-03-01,10951.0,7317279744,5.319339372337972,6.896913764569573,10524.138671875,8780.130510253906,38.0,Fear,0,,,0
2018-03-02,11086.400390625,7620590080,1.2364203326180156,6.897257177706364,10477.75068359375,8813.936862792969,47.0,Neutral,0,,,0
2018-03-03,11489.7001953125,6690570240,3.6377885560451295,6.609003323485251,10427.9326953125,8850.475712890626,56.0,Greed,0,,,1
2018-03-04,11512.599609375,6084149760,0.19930384320943073,6.551995139992764,10370.98068359375,8886.155561523437,44.0,Fear,0,,,1
2018-03-05,11573.2998046875,6468539904,0.5272501204946822,6.531209752689364,10327.0066796875,8922.363610839844,55.0,Greed,0,,,0
2018-03-06,10779.900390625,6832169984,-6.855429544313296,6.384786399441002,10266.20869140625,8955.460012207031,59.0,Greed,0,,,0
2018-03-07,9965.5703125,8797910016,-7.554152159264859,5.764525221514248,10235.71009765625,8984.319362792969,37.0,Fear,0,,,0
2018-03-08,9395.009765625,7186089984,-5.72531755818666,5.575955781406525,10199.83830078125,9010.856112060546,39.0,Fear,0,,,0
2018-03-09,9337.5498046875,8704190464,-0.6116008644050375,5.562538344322134,10157.0912890625,9037.535161132813,37.0,Fear,0,,,0
2018-03-10,8866.0,5386319872,-5.050037906633486,5.469707191727422,10102.26328125,9061.362561035156,39.0,Fear,0,,,1
2018-03-11,9578.6298828125,6296370176,8.03778347408639,5.5638974129683305,10035.851875,9088.498110351562,40.0,Fear,0,,,1
2018-03-12,9205.1201171875,6457399808,-3.8994070153520632,5.612023776045163,9987.95228515625,9112.850310058593,41.0,Fear,0,,,0
2018-03-13,9194.849609375,5991139840,-0.1115738597840088,5.494944436503759,9953.22126953125,9136.966557617188,41.0,Fear,0,,,0
2018-03-14,8269.8095703125,6438230016,-10.060415105858134,5.539060539739469,9901.249453125,9156.553605957031,40.0,Fear,0,,,0
2018-03-15,8300.8603515625,6834429952,0.37547153880626016,5.49824192276059,9840.07865234375,9176.143508300782,32.0,Fear,0,,,0
2018-03-16,8338.349609375,5289379840,0.45163099033997955,5.137685683380324,9781.65763671875,9195.921955566406,33.0,Fear,0,,,0
2018-03-17,7916.8798828125,4426149888,-5.054594090041897,5.012708900065129,9716.5672265625,9212.611254882813,31.0,Fear,0,,,1
2018-03-18,8223.6796875,6639190016,3.8752615832098325,5.076899164516359,9652.22681640625,9230.903154296875,29.0,Fear,0,,,1
2018-03-19,8630.650390625,6729110016,4.948766471821564,4.889846241988504,9589.113828125,9250.539455566406,29.0,Fear,0,,,0
2018-03-20,8913.4697265625,6361789952,3.276917997335538,4.872117144277869,9541.45521484375,9270.646755371094,37.0,Fear,0,,,0
2018-03-21,8929.2802734375,6043129856,0.1773781407242936,4.700964355824202,9517.91482421875,9292.399306640626,36.0,Fear,0,,,0
2018-03-22,8728.4697265625,5530390016,-2.2488995834565095,4.690083613593664,9488.0622265625,9313.12685546875,36.0,Fear,0,,,0
2018-03-23,8879.6201171875,5954120192,1.7316940467241304,4.59427496607227,9482.243828125,9336.34340576172,28.0,Fear,0,,,0
2018-03-24,8668.1201171875,5664600064,-2.3818586517076135,4.473211289630001,9478.99123046875,9357.801357421875,32.0,Fear,0,,,1
2018-03-25,8495.7802734375,4569880064,-1.9882032253830673,4.436930163320395,9465.4086328125,9377.294658203125,30.0,Fear,0,,,1
2018-03-26,8209.400390625,5921039872,-3.3708485106174635,4.399242969432247,9464.0564453125,9395.342260742187,31.0,Fear,0,,,0
2018-03-27,7833.0400390625,5378250240,-4.584504758621555,4.459009474393802,9481.611845703124,9413.3637109375,24.0,Extreme Fear,0,,,0
2018-03-28,7954.47998046875,4935289856,1.5503551724572073,4.227553755544953,9485.6214453125,9432.005810546874,24.0,Extreme Fear,0,,,0
2018-03-29,7165.7001953125,6361229824,-9.916170347942321,4.462469769652624,9476.509453125,9447.219611816407,18.0,Extreme Fear,0,,,0
2018-03-30,6890.52001953125,6289509888,-3.840241264367461,4.475777306701586,9449.008056640625,9460.865861816406,12.0,Extreme Fear,0,,,0
2018-03-31,6973.52978515625,4553269760,1.2046952245941878,4.327689393856488,9413.73904296875,9475.079460449218,16.0,Extreme Fear,0,,,1
2018-04-01,6844.22998046875,4532100096,-1.854151465198095,4.299440538230332,9378.185634765625,9489.887659912109,16.0,Extreme Fear,0,,,1
2018-04-02,7083.7998046875,4333440000,3.5003181497758717,4.293841311812361,9357.2622265625,9509.531909179688,11.0,Extreme Fear,0,,,0
2018-04-03,7456.10986328125,5499700224,5.2557958843978625,4.459242502971196,9327.853017578125,9528.624858398438,22.0,Extreme Fear,0,,,0
2018-04-04,6853.83984375,4936000000,-8.077536819799569,4.609224484194226,9292.963623046875,9544.768857421876,22.0,Extreme Fear,0,,,0
2018-04-05,6811.47021484375,5639320064,-0.6181881962836755,4.504723141172866,9239.3004296875,9560.911809082032,17.0,Extreme Fear,0,,,0
2018-04-06,6636.31982421875,3766810112,-2.5714036045156208,4.36024736954213,9168.698818359375,9573.767408447266,19.0,Extreme Fear,0,,,0
2018-04-07,6911.08984375,3976610048,4.1403974915207975,4.383261054081336,9102.242607421875,9588.6980078125,20.0,Extreme Fear,0,,,1
2018-04-08,7023.52001953125,3652499968,1.6268081926749334,4.40774138972294,9020.45900390625,9604.285858154297,17.0,Extreme Fear,0,,,1
2018-04-09,6770.72998046875,4894060032,-3.599192973886778,4.36783887963199,8944.837607421876,9619.984307861328,21.0,Extreme Fear,0,,,0
2018-04-10,6834.759765625,4272750080,0.9456851084145068,4.053587492012996,8857.026806640624,9636.004606933593,18.0,Extreme Fear,0,,,0
2018-04-11,6968.31982421875,4641889792,1.9541295257440083,4.051944080153477,8768.31919921875,9651.884206542969,20.0,Extreme Fear,0,,,0
2018-04-12,7889.25,8906250240,13.215957347142847,4.7969219571362105,8712.29619140625,9672.916256103515,18.0,Extreme Fear,0,,,0
2018-04-13,7895.9599609375,7764460032,0.08505194964667506,4.436292277138796,8670.115390625,9692.765705566406,23.0,Extreme Fear,0,,,0
2018-04-14,7986.240234375,5191430144,1.1433729892771805,4.441102156582396,8623.818203125,9713.23515625,,,0,,,1
2018-04-15,8329.1103515625,5244480000,4.293260747550409,4.510432647434245,8594.13900390625,9733.877358398437,,,0,,,1
2018-04-16,8058.669921875,5631309824,-3.246930563679795,4.450962489325498,8562.01779296875,9753.297058105469,,,0,,,0
2018-04-17,7902.08984375,6900879872,-1.943001508226172,4.409805530436356,8512.7255859375,9771.992158203126,26.0,Fear,0,,,0
2018-04-18,8163.419921875,6529909760,3.307100821331388,4.355621226156405,8461.4819921875,9791.115708007812,24.0,Extreme Fear,0,,,0
2018-04-19,8294.3095703125,7063209984,1.6033678248838168,4.32153747991681,8419.41017578125,9810.5685546875,25.0,Extreme Fear,0,,,0
2018-04-20,8845.830078125,8438110208,6.649384172813311,4.496456865473651,8377.30677734375,9832.751105957032,26.0,Fear,0,,,0
2018-04-21,8895.580078125,7548550144,0.5624118885465323,4.47580622624541,8333.49037109375,9855.641606445313,32.0,Fear,0,,,1
2018-04-22,8802.4599609375,6629899776,-1.0468133204319163,4.470890838001225,8279.74556640625,9878.507106933594,31.0,Fear,0,,,1
2018-04-23,8930.8798828125,6925190144,1.4589094689994253,4.453315977804179,8228.111171875,9901.519455566406,28.0,Fear,0,,,0
2018-04-24,9697.5,10678800384,8.583925965266449,4.686804254990472,8190.59517578125,9928.152905273437,29.0,Fear,0,,,0
2018-04-25,8845.740234375,11083100160,-8.78329224671307,4.940148409154966,8151.91197265625,9950.24715576172,64.0,Greed,0,,,0
2018-04-26,9281.509765625,8970559488,4.9263206888732425,4.916574334026328,8138.23076171875,9973.6023046875,47.0,Neutral,0,,,0
2018-04-27,8987.0498046875,7566289920,-3.1725437819185576,4.96325872948276,8130.0715625,9994.677453613282,55.0,Greed,0,,,0
2018-04-28,9348.48046875,7805479936,4.021683109778507,4.590404903007399,8130.29017578125,10017.509904785156,54.0,Neutral,0,,,1
2018-04-29,9419.080078125,8853000192,0.7551987685164407,4.49940577780726,8141.35177734375,10040.472905273438,61.0,Greed,0,,,1
2018-04-30,9240.5498046875,8673920000,-1.8954109313936152,4.533435352840291,8134.59017578125,10059.441103515624,59.0,Greed,0,,,0
2018-05-01,9119.009765625,7713019904,-1.3152901248456694,4.522624757077509,8132.86796875,10076.800102539062,56.0,Greed,0,,,0
2018-05-02,9235.919921875,7558159872,1.2820488107240013,4.499402421141339,8133.689375,10093.820751953124,52.0,Neutral,0,,,0
2018-05-03,9743.8603515625,10207299584,5.499619247287524,4.507596243771028,8163.170390625,10114.149104003905,55.0,Greed,0,,,0
2018-05-04,9700.759765625,8217829888,-0.4423358338729533,4.181565305558627,8191.16837890625,10134.024953613281,56.0,Greed,0,,,0
2018-05-05,9858.150390625,7651939840,1.6224566817716557,4.167080870776273,8221.56439453125,10155.288156738281,63.0,Greed,0,,,1
2018-05-06,9654.7998046875,7222280192,-2.0627661161558675,4.1516997894905145,8256.32279296875,10175.608706054687,67.0,Greed,0,,,1
2018-05-07,9373.009765625,7394019840,-2.918652325920712,4.187338317630551,8279.30939453125,10193.931154785156,56.0,Greed,0,,,0
2018-05-08,9234.8203125,7415869952,-1.4743338221176572,4.212183475535426,8291.39279296875,10210.048005371094,62.0,Greed,0,,,0
2018-05-09,9325.1796875,7226890240,0.9784638135047707,4.121762028330348,8299.6269921875,10226.515903320313,53.0,Neutral,0,,,0
2018-05-10,9043.9404296875,6906699776,-3.0159124782280555,4.191500662178074,8301.9201953125,10241.693505859375,63.0,Greed,0,,,0
2018-05-11,8441.490234375,8488520192,-6.661368459868511,4.414563791814508,8296.18060546875,10254.249357910156,41.0,Fear,0,,,0
2018-05-12,8504.8896484375,6821380096,0.7510452811321011,3.7332444992221268,8288.68599609375,10269.14060546875,44.0,Fear,0,,,1
2018-05-13,8723.9404296875,5866379776,2.5755864015265972,3.755507072424145,8289.80240234375,10284.00630859375,40.0,Fear,0,,,1
2018-05-14,8716.7900390625,7364149760,-0.08196285477451992,3.7538196853400323,8294.22259765625,10298.066108398438,40.0,Fear,0,,,0
2018-05-15,8510.3798828125,6705710080,-2.3679606291423294,3.7099139660270333,8300.2421875,10311.713508300782,40.0,Fear,0,,,0
2018-05-16,8368.830078125,6760220160,-1.6632607079429262,3.67114859220148,8310.95798828125,10324.792209472656,32.0,Fear,0,,,0
2018-05-17,8094.31982421875,5862530048,-3.280150885412081,3.7059048317511487,8313.75478515625,10334.494558105469,31.0,Fear,0,,,0
2018-05-18,8250.9697265625,5764190208,1.9353065575076878,3.6738870466207225,8335.46017578125,10345.0967578125,37.0,Fear,0,,,0
2018-05-19,8247.1796875,4712399872,-0.04593446816679725,3.6629507925414817,8362.593369140624,10353.99065673828,31.0,Fear,0,,,1
2018-05-20,8513.25,5191059968,3.2261975921692887,3.4998331470180406,8393.3877734375,10362.720356445312,32.0,Fear,0,,,1
2018-05-21,8418.990234375,5154990080,-1.1072124702669384,3.502731792985047,8424.882978515625,10369.422807617188,41.0,Fear,0,,,0
2018-05-22,8041.77978515625,5137010176,-4.480471395234408,3.588964820694667,8444.042578125,10373.592907714843,30.0,Fear,0,,,0
2018-05-23,7557.81982421875,6491120128,-6.018070301188894,3.7241039627020993,8446.07677734375,10374.482255859375,26.0,Fear,0,,,0
2018-05-24,7587.33984375,6049220096,0.39058908809461723,3.3137119077534614,8460.74677734375,10375.381904296875,27.0,Fear,0,,,0
2018-05-25,7480.14013671875,4867829760,-1.4128760440268784,2.951873663919749,8474.12017578125,10377.668806152344,25.0,Extreme Fear,0,,,0
2018-05-26,7355.8798828125,4051539968,-1.6612022186092146,2.772721816287392,8488.511376953125,10378.726306152344,23.0,Extreme Fear,0,,,1
2018-05-27,7368.22021484375,4056519936,0.16776146739541087,2.7383024282528035,8497.653984375,10378.26895751953,19.0,Extreme Fear,0,,,1
2018-05-28,7135.990234375,5040600064,-3.151778498705937,2.6297544982478476,8499.903388671875,10378.231008300781,22.0,Extreme Fear,0,,,0
2018-05-29,7472.58984375,5662660096,4.716929232239631,2.807268543855521,8513.9405859375,10382.503256835938,16.0,Extreme Fear,0,,,0
2018-05-30,7406.52001953125,4922540032,-0.8841623265862797,2.7988555391166856,8525.375791015626,10387.747856445312,38.0,Fear,0,,,0
2018-05-31,7494.169921875,5127130112,1.1834154516914053,2.8169317089311128,8535.89279296875,10395.468356933594,25.0,Extreme Fear,0,,,0
2018-06-01,7541.4501953125,4921460224,0.6308940673935393,2.804303805634043,8528.936796875,10400.378156738281,24.0,Extreme Fear,0,,,0
2018-06-02,7643.4501953125,4939299840,1.3525250098900043,2.5851185812079316,8523.8866015625,10405.416657714844,27.0,Fear,0,,,1
2018-06-03,7720.25,4851760128,1.0047792910929054,2.604932665115426,8518.566796875,10407.440207519532,40.0,Fear,0,,,1
2018-06-04,7514.47021484375,4993169920,-2.6654549419546036,2.5892741852378283,8502.273994140625,10405.654108886718,41.0,Fear,0,,,0
2018-06-05,7633.759765625,4961739776,1.5874645500039364,2.6168129680042798,8493.775791015625,10405.277956542968,26.0,Fear,0,,,0
2018-06-06,7653.97998046875,4692259840,0.2648788469189478,2.5900958806867616,8488.81359375,10404.597106933594,42.0,Fear,0,,,0
2018-06-07,7678.240234375,4485799936,0.31696259943396754,2.590851007297355,8479.11,10402.805856933594,38.0,Fear,0,,,0
2018-06-08,7624.919921875,4227579904,-0.6944340222814094,2.574088979540312,8465.72220703125,10399.92725830078,40.0,Fear,0,,,0
2018-06-09,7531.97998046875,3845220096,-1.2188972783781837,2.5374517191244292,8439.445205078126,10397.230859375,39.0,Fear,0,,,1
2018-06-10,6786.02001953125,5804839936,-9.903902597615177,2.854798848695159,8397.25400390625,10389.89321044922,24.0,Extreme Fear,0,,,1
2018-06-11,6906.919921875,4745269760,1.7816025003725366,2.878767558522223,8359.343203125,10384.233959960937,15.0,Extreme Fear,0,,,0
2018-06-12,6582.35986328125,4654380032,-4.699056341537011,2.9039618334428754,8312.372802734375,10375.877307128907,19.0,Extreme Fear,0,,,0
2018-06-13,6349.89990234375,5052349952,-3.5315595890501927,2.938843736025568,8245.42080078125,10363.67220703125,19.0,Extreme Fear,0,,,0
2018-06-14,6675.35009765625,5138710016,5.125280718084646,3.1313588267240196,8202.012998046876,10350.396208496093,17.0,Extreme Fear,0,,,0
2018-06-15,6456.580078125,3955389952,-3.2772815856963233,3.1611758255250333,8145.514404296875,10333.587360839843,26.0,Fear,0,,,0
2018-06-16,6550.16015625,3194170112,1.4493753193281167,3.151740365448684,8096.776611328125,10316.044162597656,22.0,Extreme Fear,0,,,1
2018-06-17,6499.27001953125,3104019968,-0.7769296552266991,3.113575669193819,8039.79240234375,10299.0974609375,23.0,Extreme Fear,0,,,1
2018-06-18,6734.81982421875,4039200000,3.6242501693211526,3.2124979071482627,7986.107197265625,10281.603562011718,27.0,Fear,0,,,0
2018-06-19,6769.93994140625,4057029888,0.5214707758210091,3.1378617874029806,7936.695,10260.575263671875,32.0,Fear,0,,,0
2018-06-20,6776.5498046875,3888640000,0.09763547887364776,3.1403407451127876,7889.84580078125,10239.085014648437,34.0,Fear,0,,,0
2018-06-21,6729.740234375,3529129984,-0.6907581536569007,3.0569744606396094,7839.72220703125,10216.11771484375,37.0,Fear,0,,,0
2018-06-22,6083.68994140625,5079810048,-9.599929127557916,3.335350737525021,7766.518798828125,10188.25016357422,28.0,Fear,0,,,0
2018-06-23,6162.47998046875,3431360000,1.2951028047344604,3.3492818586948894,7695.753203125,10159.4790625,17.0,Extreme Fear,0,,,1
2018-06-24,6173.22998046875,4566909952,0.17444275736506754,3.3491063020800866,7622.054794921875,10118.887712402344,15.0,Extreme Fear,0,,,1
2018-06-25,6249.18017578125,5500810240,1.2303153382069887,3.3585716494942996,7553.94240234375,10060.6351171875,16.0,Extreme Fear,0,,,0
2018-06-26,6093.669921875,3279759872,-2.488490482462502,3.3757217100165433,7488.35560546875,10008.25646484375,21.0,Extreme Fear,0,,,0
2018-06-27,6157.1298828125,3296219904,1.0414079159373646,3.352042126643726,7426.801796875,9963.15111328125,18.0,Extreme Fear,0,,,0
2018-06-28,5903.43994140625,3467800064,-4.120262950996379,3.2710618728077177,7358.367001953125,9915.391311035157,20.0,Extreme Fear,0,,,0
2018-06-29,6218.2998046875,3966230016,5.333498204544251,3.4528169881850856,7301.854189453125,9861.798806152343,16.0,Extreme Fear,0,,,0
2018-06-30,6404.0,4543860224,2.9863499854496434,3.4989019545951208,7261.104384765625,9806.741804199219,22.0,Extreme Fear,0,,,1
2018-07-01,6385.81982421875,4788259840,-0.283887816696593,3.493033618558266,7218.72298828125,9756.629907226563,27.0,Fear,0,,,1
2018-07-02,6614.18017578125,4396930048,3.5760537855519248,3.5565371453828454,7176.527783203125,9706.880808105469,27.0,Fear,0,,,0
2018-07-03,6529.58984375,4672309760,-1.2789239147277698,3.5494671153897133,7132.783779296875,9650.994255371093,31.0,Fear,0,,,0
2018-07-04,6597.5498046875,4176689920,1.0407998444580624,3.5357592573934116,7094.527177734375,9586.495002441407,33.0,Fear,0,,,0
2018-07-05,6639.14013671875,4999240192,0.6303905732049309,3.5217730716172064,7059.93337890625,9523.98669921875,37.0,Fear,0,,,0
2018-07-06,6673.5,4313959936,0.5175348399594437,3.5237255692124028,7031.516982421875,9461.783203125,34.0,Fear,0,,,0
2018-07-07,6856.93017578125,3961080064,2.748635285551071,3.5683305313507145,7003.63619140625,9407.184357910157,34.0,Fear,0,,,1
2018-07-08,6773.8798828125,3386210048,-1.2111876720297454,3.5714811132354547,6974.1701953125,9357.930759277344,38.0,Fear,0,,,1
2018-07-09,6741.75,3718129920,-0.4743202325453666,3.5676776788777347,6938.7401953125,9312.625007324219,39.0,Fear,0,,,0
2018-07-10,6329.9501953125,4052430080,-6.108203429191239,3.2704661415581344,6896.95939453125,9275.115759277343,37.0,Fear,0,,,0
2018-07-11,6394.7099609375,3644859904,1.0230691178732654,3.2576938812211766,6864.017998046875,9233.593308105468,29.0,Fear,0,,,0
2018-07-12,6228.81005859375,3770170112,-2.5943303661489003,3.179274072477688,6837.437802734375,9195.108359375,33.0,Fear,0,,,0
2018-07-13,6238.0498046875,3805400064,0.14833886419449716,3.1139881943661463,6810.452001953125,9156.165610351563,29.0,Fear,0,,,0
2018-07-14,6276.1201171875,2923670016,0.6102918971790272,2.9625984343201477,6786.3716015625,9107.047211914063,29.0,Fear,0,,,1
2018-07-15,6359.64013671875,3285459968,1.3307587804530119,2.9145702578375476,6766.446806640625,9059.652912597656,32.0,Fear,0,,,1
2018-07-16,6741.75,4725799936,6.008356684760452,3.1057729813189185,6753.91740234375,9020.329162597656,36.0,Fear,0,,,0
2018-07-17,7321.0400390625,5961950208,8.59257669095561,3.4608069247892765,6757.6183984375,8983.653361816407,39.0,Fear,0,,,0
2018-07-18,7370.77978515625,6103410176,0.6794081964906162,3.409224698663562,6755.582197265625,8955.746259765625,42.0,Fear,0,,,0
2018-07-19,7466.85986328125,5111629824,1.3035266406750123,3.4135060865200955,6756.788994140625,8922.298557128906,44.0,Fear,0,,,0
2018-07-20,7354.1298828125,4936869888,-1.5097374603627811,3.4307263364975977,6753.988193359375,8890.783205566406,47.0,Neutral,0,,,0
2018-07-21,7419.2900390625,3726609920,0.8860348850009636,3.426619055046242,6751.544990234375,8852.969157714844,43.0,Fear,0,,,1
2018-07-22,7418.490234375,3695460096,-0.010780070374505346,2.8644219340332864,6747.045791015625,8814.056608886718,46.0,Fear,0,,,1
2018-07-23,7711.10986328125,5132480000,3.944463356578143,2.9235508819312015,6746.86298828125,8774.616157226563,44.0,Fear,0,,,0
2018-07-24,8424.26953125,7277689856,9.24846981320644,3.3024219872738874,6765.058974609375,8729.590004882812,49.0,Neutral,0,,,0
2018-07-25,8181.39013671875,5845400064,-2.8830914494162863,3.3809964225948725,6776.01158203125,8682.861955566406,54.0,Neutral,0,,,0
2018-07-26,7951.580078125,4899089920,-2.808936559110453,3.3927403298243464,6781.963583984375,8640.231857910156,53.0,Neutral,0,,,0
2018-07-27,8165.009765625,5195879936,2.6841166837664243,3.407564701165354,6791.698974609375,8605.206408691407,47.0,Neutral,0,,,0
2018-07-28,8192.150390625,3988750080,0.3324016232566285,3.271077351832346,6803.043583984375,8573.190158691406,54.0,Neutral,0,,,1
2018-07-29,8218.4599609375,4107190016,0.3211558511255985,3.1766037553474407,6816.77318359375,8539.415959472657,54.0,Neutral,0,,,1
2018-07-30,8180.47998046875,5551400000,-0.4621301393359478,3.1639280018453966,6844.6623828125,8513.289360351562,53.0,Neutral,0,,,0
2018-07-31,7780.43994140625,5287530000,-4.890178082675012,3.329146396505359,6862.132783203125,8482.28856201172,48.0,Neutral,0,,,0
2018-08-01,7624.91015625,4797620000,-1.9989844575310611,3.3194136381657664,6882.9837890625,8448.612111816406,39.0,Fear,0,,,0
2018-08-02,7567.14990234375,4214110000,-0.7575204523413981,3.3109845320434013,6907.3287890625,8417.587861328126,39.0,Fear,0,,,0
2018-08-03,7434.39013671875,4627150000,-1.7544223034868245,3.3357795525388534,6922.50958984375,8385.66081298828,36.0,Fear,0,,,0
2018-08-04,7032.85009765625,4268390000,-5.401116052267385,3.5022361963664497,6934.034990234375,8363.372563476563,31.0,Fear,0,,,1
2018-08-05,7068.47998046875,3679110000,0.5066208196926381,3.5022080650459397,6944.40138671875,8342.771965332031,23.0,Extreme Fear,0,,,1
2018-08-06,6951.7998046875,3925900000,-1.650710988835713,3.486049660686097,6953.451982421875,8320.156462402343,25.0,Extreme Fear,0,,,0
2018-08-07,6753.1201171875,4682800000,-2.857960428694062,3.520261830781809,6953.81798828125,8295.885061035156,25.0,Extreme Fear,0,,,0
2018-08-08,6305.7998046875,5064430000,-6.623905761153514,3.7248606709493686,6944.535185546875,8262.91805908203,23.0,Extreme Fear,0,,,0
2018-08-09,6568.22998046875,4267040000,4.161727043509522,3.6297138252804273,6940.3687890625,8237.7587109375,19.0,Extreme Fear,0,,,0
2018-08-10,6184.7099609375,4528680000,-5.839016305331612,3.7879083605522976,6929.46818359375,8214.025258789063,21.0,Extreme Fear,0,,,0
2018-08-11,6295.72998046875,4047850000,1.795072367701156,3.7706884465356074,6933.708984375,8191.161906738282,18.0,Extreme Fear,0,,,1
2018-08-12,6322.68994140625,5665250000,0.4282261313801161,3.7711494540991097,6936.91318359375,8165.9783544921875,18.0,Extreme Fear,0,,,1
2018-08-13,6297.56982421875,4083980000,-0.39730110791915685,3.771053038729397,6939.39998046875,8141.169201660156,21.0,Extreme Fear,0,,,0
2018-08-14,6199.7099609375,5301700000,-1.5539305797755087,3.774816464027125,6938.410576171875,8116.310749511718,16.0,Extreme Fear,0,,,0
2018-08-15,6308.52001953125,4895450000,1.7550830487124358,3.617300265150504,6942.707578125,8090.649848632813,18.0,Extreme Fear,0,,,0
2018-08-16,6334.72998046875,4328420000,0.41546925200131035,3.221570901817743,6946.259580078125,8063.3919995117185,21.0,Extreme Fear,0,,,0
2018-08-17,6580.6298828125,4992990000,3.881774015655104,3.3114426734695632,6959.80337890625,8039.813146972656,19.0,Extreme Fear,0,,,0
2018-08-18,6423.759765625,3984520000,-2.3838161388960444,3.3173570583635477,6963.912578125,8021.400446777344,24.0,Extreme Fear,0,,,1
2018-08-19,6506.06982421875,3311170000,1.2813377460690445,3.325664843268212,6965.953974609375,8002.825297851563,27.0,Fear,0,,,1
2018-08-20,6308.52978515625,3665100000,-3.0362422230262642,3.352210711326069,6964.408173828125,7988.515246582031,26.0,Fear,0,,,0
2018-08-21,6488.759765625,3377180000,2.8569252521058797,3.4066488084262407,6961.899765625,7976.805295410156,19.0,Extreme Fear,0,,,0
2018-08-22,6376.7099609375,4668110000,-1.7268292976586608,3.3139464062321107,6958.84216796875,7962.814294433594,21.0,Extreme Fear,0,,,0
2018-08-23,6534.8798828125,3426180000,2.4804314896540447,2.8146452389137493,6957.58876953125,7954.1036450195315,18.0,Extreme Fear,0,,,0
2018-08-24,6719.9599609375,4097820000,2.8321879123101024,2.862102105371661,6959.205166015625,7952.927094726562,19.0,Extreme Fear,0,,,0
2018-08-25,6763.18994140625,3312600000,0.6433071137334379,2.8401119508350168,6960.99896484375,7947.973044433594,22.0,Extreme Fear,0,,,1
2018-08-26,6707.259765625,3295500000,-0.8269792252739938,2.7760553040767717,6958.005556640625,7943.402844238281,19.0,Extreme Fear,0,,,1
2018-08-27,6884.64013671875,4019000000,2.6446026737003914,2.8347609388441817,6960.22076171875,7936.498095703125,18.0,Extreme Fear,0,,,0
2018-08-28,7096.27978515625,4659940000,3.074084399978072,2.9071834027269245,6967.311357421875,7928.294592285156,19.0,Extreme Fear,0,,,0
2018-08-29,7047.16015625,4145880000,-0.6921884479385465,2.907528622598458,6981.655556640625,7920.420891113281,19.0,Extreme Fear,0,,,0
2018-08-30,6978.22998046875,4463250000,-0.9781269937524706,2.786955885779037,6993.32595703125,7914.662189941406,22.0,Extreme Fear,0,,,0
2018-08-31,7037.580078125,4495650000,0.8505036065358018,2.7764416660624684,7009.501357421875,7905.217238769531,17.0,Extreme Fear,0,,,0
2018-09-01,7193.25,4116050000,2.2119808250405715,2.809686943259,7028.605361328125,7898.191940917969,21.0,Extreme Fear,0,,,1
2018-09-02,7272.72021484375,4329540000,1.1047887233691212,2.8011693714857206,7048.53736328125,7887.082392578125,18.0,Extreme Fear,0,,,1
2018-09-03,7260.06005859375,4087760000,-0.17407731737240084,2.6120494334803297,7066.54576171875,7872.5506909179685,19.0,Extreme Fear,0,,,0
2018-09-04,7361.66015625,4273640000,1.399438804035591,2.6214465547617727,7078.94396484375,7858.189489746093,26.0,Fear,0,,,0
2018-09-05,6792.830078125,5800460000,-7.726926617796492,2.9774640929818568,7068.379765625,7836.5901391601565,17.0,Extreme Fear,0,,,0
2018-09-06,6529.169921875,5523470000,-3.881447838641905,3.016552069358436,7051.547568359375,7816.476989746094,14.0,Extreme Fear,0,,,0
2018-09-07,6467.06982421875,4264680000,-0.9511178051622271,2.75811785626976,7031.551767578125,7792.68583984375,17.0,Extreme Fear,0,,,0
2018-09-08,6225.97998046875,3835060000,-3.727961044229555,2.7356603667147628,7008.98876953125,7766.797238769531,18.0,Extreme Fear,0,,,1
2018-09-09,6300.85986328125,3671890000,1.2027003467310005,2.52382863740578,6986.620166015625,7744.849536132812,13.0,Extreme Fear,0,,,1
2018-09-10,6329.7001953125,3714100000,0.45772057555697465,2.5044715215494557,6964.844365234375,7726.473037109375,15.0,Extreme Fear,0,,,0
2018-09-11,6321.2001953125,3849910000,-0.13428756082783933,2.5036383565428486,6937.046171875,7706.573540039062,18.0,Extreme Fear,0,,,0
2018-09-12,6351.7998046875,4064230000,0.4840791057003857,2.5036221206893945,6895.59677734375,7689.2671875,14.0,Extreme Fear,0,,,0
2018-09-13,6517.31005859375,4210910000,2.6057221416850407,2.526273101205069,6862.31517578125,7673.530085449219,20.0,Extreme Fear,0,,,0
2018-09-14,6512.7099609375,4076220000,-0.0705827652036306,2.509405788561738,6833.5377734375,7654.260134277344,23.0,Extreme Fear,0,,,0
2018-09-15,6543.2001953125,3216300000,0.4681650888474609,2.5096257093950585,6801.10158203125,7633.348137207031,24.0,Extreme Fear,0,,,1
2018-09-16,6517.18017578125,3273730000,-0.39766503781880624,2.4091590734797994,6767.602177734375,7613.944536132813,28.0,Fear,0,,,1
2018-09-17,6281.2001953125,3910780000,-3.6208908470212964,2.461325272334074,6728.856982421875,7590.595537109375,25.0,Extreme Fear,0,,,0
2018-09-18,6371.2998046875,4180090000,1.4344330155602991,2.464326743577827,6692.67337890625,7567.020034179687,21.0,Extreme Fear,0,,,0
2018-09-19,6398.5400390625,4431340000,0.4275459515334479,2.3993832503441115,6665.035380859375,7541.564233398438,24.0,Extreme Fear,0,,,0
2018-09-20,6519.669921875,4348110000,1.8930862676956428,2.367093213639193,6642.930576171875,7516.599584960937,24.0,Extreme Fear,0,,,0
2018-09-21,6734.9501953125,6531940000,3.3020118505568075,2.4149777132284047,6626.28658203125,7492.4078369140625,31.0,Fear,0,,,0
2018-09-22,6721.97998046875,4509660000,-0.19258070910126435,2.377383404298683,6612.03837890625,7472.118234863281,35.0,Fear,0,,,1
2018-09-23,6710.6298828125,4197500000,-0.1688505126350992,2.3219060006804892,6605.593974609375,7455.843532714844,38.0,Fear,0,,,1
2018-09-24,6595.41015625,4177310000,-1.7169733478761051,2.3400454008874636,6596.132578125,7441.845534667968,43.0,Fear,0,,,0
2018-09-25,6446.47021484375,4726180000,-2.2582362260686772,2.3706817404138296,6586.025986328125,7427.39013671875,37.0,Fear,0,,,0
2018-09-26,6495.0,4437300000,0.752811748738158,2.3196495416498943,6580.863583984375,7415.53513671875,37.0,Fear,0,,,0
2018-09-27,6676.75,4606810000,2.798306389530403,2.3068719572542866,6588.282587890625,7401.025737304688,42.0,Fear,0,,,0
2018-09-28,6644.1298828125,5014430000,-0.4885628065675718,2.3056019052358883,6589.8005859375,7388.2207861328125,42.0,Fear,0,,,0
2018-09-29,6601.9599609375,4363690000,-0.6346944237813346,2.3023004216757883,6598.1455859375,7375.256337890625,37.0,Fear,0,,,1
2018-09-30,6625.56005859375,4002280000,0.3574710812529469,2.296603023276414,6604.7421875,7367.035090332031,34.0,Fear,0,,,1
2018-10-01,6589.6201171875,4000970000,-0.5424438249508223,2.252528182465879,6610.080791015625,7358.4788891601565,35.0,Fear,0,,,0
2018-10-02,6556.10009765625,3979260000,-0.5086790882500303,2.237868621322236,6615.251396484375,7349.567641601562,33.0,Fear,0,,,0
2018-10-03,6502.58984375,3887310000,-0.8161903129785819,2.2394908312473554,6621.308994140625,7342.49619140625,36.0,Fear,0,,,0
2018-10-04,6576.68994140625,3838410000,1.1395474639611658,2.233016146706043,6626.672392578125,7334.261242675781,29.0,Fear,0,,,0
2018-10-05,6622.47998046875,3671500000,0.6962474963919218,1.7510903102727684,6632.427392578125,7324.220390625,37.0,Fear,0,,,0
2018-10-06,6588.31005859375,3259740000,-0.5159686699812593,1.5997355125032118,6632.58099609375,7312.594592285156,34.0,Fear,0,,,1
2018-10-07,6602.9501953125,3306630000,0.22221383918707982,1.5889125917401778,6636.1648046875,7300.9629418945315,29.0,Fear,0,,,1
2018-10-08,6652.22998046875,3979460000,0.7463298025666587,1.4200122043582057,6639.0880078125,7290.581743164063,26.0,Fear,0,,,0
2018-10-09,6642.64013671875,3580810000,-0.14415983479458827,1.4094746295669196,6645.77021484375,7279.3968432617185,31.0,Fear,0,,,0
2018-10-10,6585.52978515625,3787650000,-0.8597538085317824,1.4211870771329518,6647.705615234375,7268.983891601562,28.0,Fear,0,,,0
2018-10-11,6256.240234375,5181640000,-5.000198336714945,1.7034368349671014,6645.296220703125,7257.78619140625,19.0,Extreme Fear,0,,,0
2018-10-12,6274.580078125,3783500000,0.2931448132255543,1.7018433771006414,6640.090224609375,7248.11208984375,13.0,Extreme Fear,0,,,0
2018-10-13,6285.990234375,3064030000,0.1818473285531752,1.6285187027578438,6631.410830078125,7240.376840820312,15.0,Extreme Fear,0,,,1
2018-10-14,6290.93017578125,3085320000,0.07858652689651802,1.6288628164450039,6621.965634765625,7232.059091796875,18.0,Extreme Fear,0,,,1
2018-10-15,6596.5400390625,7370770000,4.857943972383971,1.8623342014941489,6619.751240234375,7229.213291015625,20.0,Extreme Fear,0,,,0
2018-10-16,6596.10986328125,4074800000,-0.006521233536105342,1.8605048344016466,6613.980634765625,7227.741240234375,24.0,Extreme Fear,0,,,0
2018-10-17,6544.43017578125,4088420000,-0.7834873671174969,1.7349813251770716,6602.943642578125,7225.5957421875,23.0,Extreme Fear,0,,,0
2018-10-18,6476.7099609375,3924080000,-1.0347763368972918,1.7305831166732268,6591.534638671875,7223.758142089844,26.0,Fear,0,,,0
2018-10-19,6465.41015625,3578870000,-0.1744682833668909,1.729774373070619,6581.2782421875,7220.666193847656,24.0,Extreme Fear,0,,,0
2018-10-20,6489.18994140625,3379130000,0.3678001021058641,1.6957878536386115,6570.310439453125,7215.8315942382815,21.0,Extreme Fear,0,,,1
2018-10-21,6482.35009765625,3253610000,-0.10540366073054086,1.5768162155700656,6556.09244140625,7213.974145507813,21.0,Extreme Fear,0,,,1
2018-10-22,6487.16015625,3672860000,0.07420238835125215,1.5771177418441544,6540.381240234375,7212.352595214844,27.0,Fear,0,,,0
2018-10-23,6475.740234375,3716150000,-0.17603884596555375,1.5771280983433191,6524.69484375,7211.549697265625,24.0,Extreme Fear,0,,,0
2018-10-24,6495.83984375,3424670000,0.31038319400622516,1.5489318818316937,6507.3784375,7209.473447265625,23.0,Extreme Fear,0,,,0
2018-10-25,6476.2900390625,3230550000,-0.3009588468581126,1.492426661736394,6501.04763671875,7206.737297363281,25.0,Extreme Fear,0,,,0
2018-10-26,6474.75,3306050000,-0.023779649354971344,1.4861096746704254,6499.95923828125,7205.257397460938,29.0,Fear,0,,,0
2018-10-27,6480.3798828125,3393250000,0.0869513542993916,1.389375519799845,6500.225439453125,7203.485498046875,33.0,Fear,0,,,1
2018-10-28,6486.39013671875,3445190000,0.09274539479067201,1.3876795030443043,6505.433642578125,7201.075849609375,35.0,Fear,0,,,1
2018-10-29,6332.6298828125,4199910000,-2.370505792364075,1.4469281583739229,6506.06904296875,7193.292749023438,34.0,Fear,0,,,0
2018-10-30,6334.27001953125,3781100000,0.02589977227631657,1.4443513517216442,6506.160439453125,7185.484299316407,31.0,Fear,0,,,0
2018-10-31,6317.60986328125,4191240000,-0.2630161991615365,1.4425641383589625,6506.0886328125,7177.141147460938,32.0,Fear,0,,,0
2018-11-01,6377.77978515625,3789400000,0.9524159164166601,1.453969526049634,6506.608232421875,7167.384494628906,29.0,Fear,0,,,0
2018-11-02,6388.43994140625,4234870000,0.16714525444749828,1.4479102323712714,6504.030830078125,7159.033344726562,36.0,Fear,0,,,0
2018-11-03,6361.259765625,3658640000,-0.42545873531788514,1.4317190959138852,6501.001826171875,7151.329194335937,36.0,Fear,0,,,1
2018-11-04,6376.1298828125,4390020000,0.23376057157507013,1.4253139895850124,6497.660419921875,7142.392744140625,41.0,Fear,0,,,1
2018-11-05,6419.66015625,4174800000,0.6827068180471185,1.4305194561175207,6495.71001953125,7133.019497070312,42.0,Fear,0,,,0
2018-11-06,6461.009765625,4700040000,0.6441090083988854,1.435621819421522,6499.3062109375,7121.095395507812,42.0,Fear,0,,,0
2018-11-07,6530.14013671875,4941260000,1.069962337180641,1.4431050277646738,6502.483017578125,7109.2681958007815,48.0,Neutral,0,,,0
2018-11-08,6453.72021484375,4665260000,-1.1702646539741735,1.4574623121082735,6503.58662109375,7097.5244970703125,51.0,Neutral,0,,,0
2018-11-09,6385.6201171875,4346820000,-1.055206847976109,1.461472494415909,6500.905625,7084.798198242188,47.0,Neutral,0,,,0
2018-11-10,6409.22021484375,3705320000,0.3695819234960096,1.1311635911810454,6494.391025390625,7068.356799316406,52.0,Neutral,0,,,1
2018-11-11,6411.27001953125,3939060000,0.03198212292272462,1.1305243289078497,6488.176826171875,7056.1844482421875,54.0,Neutral,0,,,1
2018-11-12,6371.27001953125,4295770000,-0.6239013468180898,1.137520180133025,6481.38962890625,7041.6332495117185,52.0,Neutral,0,,,0
2018-11-13,6359.490234375,4503800000,-0.18488912132336166,1.1383173196615464,6476.67123046875,7028.4954516601565,56.0,Greed,0,,,0
2018-11-14,5738.35009765625,7398940000,-9.767137204823372,1.8890063381799622,6462.508828125,7010.444799804687,49.0,Neutral,0,,,0
2018-11-15,5648.02978515625,7032140000,-1.5739770310788437,1.898109650756825,6445.569423828125,6991.5895483398435,28.0,Fear,0,,,0
2018-11-16,5575.5498046875,5279320000,-1.2832790057027754,1.9028940434763135,6423.545419921875,6973.264548339844,23.0,Extreme Fear,0,,,0
2018-11-17,5554.330078125,4303150000,-0.3805853647771196,1.90046855728394,6401.749423828125,6955.441149902344,24.0,Extreme Fear,0,,,1
2018-11-18,5623.5400390625,4159680000,1.246054158899823,1.9261830938042936,6382.181025390625,6937.379250488281,26.0,Fear,0,,,1
2018-11-19,4871.490234375,7039560000,-13.37324531280254,3.0387239399238717,6347.09962890625,6913.017399902344,28.0,Fear,0,,,0
2018-11-20,4451.8701171875,8428290000,-8.613793664749824,3.3434892191189314,6304.34462890625,6886.772951660157,21.0,Extreme Fear,0,,,0
2018-11-21,4602.169921875,6120120000,3.3761048892067214,3.4393962451952182,6265.266025390625,6860.4930493164065,15.0,Extreme Fear,0,,,0
2018-11-22,4365.93994140625,4569370000,-5.133013002103715,3.512926649373202,6222.53302734375,6834.04875,14.0,Extreme Fear,0,,,0
2018-11-23,4347.10986328125,4871490000,-0.4312949417012546,3.5042255494788512,6177.94142578125,6808.919250488281,12.0,Extreme Fear,0,,,0
2018-11-24,3880.760009765625,4679500000,-10.727813839138145,3.899905373598298,6123.107026367187,6782.148948974609,15.0,Extreme Fear,0,,,1
2018-11-25,4009.969970703125,6825640000,3.329501453641903,3.9939763896214746,6071.540224609375,6755.572900390625,9.0,Extreme Fear,0,,,1
2018-11-26,3779.1298828125,6476900000,-5.756653779882259,4.055814614473751,6015.063818359375,6729.24884765625,17.0,Extreme Fear,0,,,0
2018-11-27,3820.719970703125,5998720000,1.100520203864308,4.075276801622812,5958.433618164063,6706.144996337891,11.0,Extreme Fear,0,,,0
2018-11-28,4257.419921875,7280280000,11.429781677810569,4.720512102555885,5910.729213867187,6684.9076477050785,14.0,Extreme Fear,0,,,0
2018-11-29,4278.8466796875,6503347767,0.5032803483256965,4.7256010311087,5864.595551757812,6662.682178955078,18.0,Extreme Fear,0,,,0
2018-11-30,4017.2685546875,6048016717,-6.113285765572329,4.8061564501846386,5819.816118164063,6639.184571533203,19.0,Extreme Fear,0,,,0
2018-12-01,4214.671875,5375314093,4.913869153262418,4.925461236081921,5778.617954101563,6617.706031494141,13.0,Extreme Fear,0,,,1
2018-12-02,4139.8779296875,5262697895,-1.7746089738599147,4.918943390082611,5735.695708007813,6596.561270751953,15.0,Extreme Fear,0,,,1
2018-12-03,3894.130859375,5089570994,-5.936094601974173,4.986991595499445,5687.759721679688,6575.560325927734,17.0,Extreme Fear,0,,,0
2018-12-04,3956.893798828125,5028069239,1.6117316474361765,5.009794439227109,5634.966796875,6554.089946289063,12.0,Extreme Fear,0,,,0
2018-12-05,3753.994873046875,5302481574,-5.127732410744523,5.036625393621288,5578.124497070313,6531.624022216797,19.0,Extreme Fear,0,,,0
2018-12-06,3521.101806640625,5878333109,-6.203872788383058,5.084179118336579,5517.6579296875,6506.66328125,13.0,Extreme Fear,0,,,0
2018-12-07,3419.937255859375,6835615448,-2.873093603554966,5.056313995642205,5456.522475585937,6481.668016357422,11.0,Extreme Fear,0,,,0
2018-12-08,3476.11474609375,5305024497,1.6426468099122626,5.098260596379876,5396.736567382813,6458.839691162109,11.0,Extreme Fear,0,,,1
2018-12-09,3614.234375,4947372847,3.9733909549867663,5.208886927476453,5339.237456054688,6439.121763916016,14.0,Extreme Fear,0,,,1
2018-12-10,3502.656005859375,5020968740,-3.0871924054627797,5.198721135159399,5279.64357421875,6418.698344726563,19.0,Extreme Fear,0,,,0
2018-12-11,3424.588134765625,4696765188,-2.228819243544189,5.186718463323576,5218.392133789062,6398.420584716797,15.0,Extreme Fear,0,,,0
2018-12-12,3486.9501953125,4139364829,1.8210090700773618,5.227089953619549,5158.6163330078125,6379.075936279297,14.0,Extreme Fear,0,,,0
2018-12-13,3313.67724609375,4343372456,-4.969183369802089,5.247351618709805,5094.973081054687,6358.803221435547,14.0,Extreme Fear,0,,,0
2018-12-14,3242.48486328125,4372763663,-2.1484404643338006,5.039402261449986,5030.296977539063,6339.335694580078,10.0,Extreme Fear,0,,,0
2018-12-15,3236.76171875,3551763561,-0.176504895861207,5.04762943455447,4965.537211914063,6318.156553955078,11.0,Extreme Fear,0,,,1
2018-12-16,3252.839111328125,3744248994,0.4967122690864523,5.063292350781449,4900.986396484375,6297.388149414062,13.0,Extreme Fear,0,,,1
2018-12-17,3545.86474609375,5409247918,9.008303968836117,5.422144416796764,4842.175888671875,6277.646623535156,17.0,Extreme Fear,0,,,0
2018-12-18,3696.05908203125,5911325473,4.235760433416402,5.498268279438111,4789.44447265625,6258.41966796875,23.0,Extreme Fear,0,,,0
2018-12-19,3745.95068359375,6810689119,1.3498594166162725,5.013757543937028,4737.6780859375,6238.932170410157,21.0,Extreme Fear,0,,,0
2018-12-20,4134.44140625,8927129279,10.370951341077017,5.18229333770048,4694.014716796875,6221.003127441406,27.0,Fear,0,,,0
2018-12-21,3896.543701171875,7206015706,-5.754047081632285,5.237846338779197,4644.389995117188,6202.913494873047,35.0,Fear,0,,,0
2018-12-22,4014.1826171875,5605823233,3.019058043163869,5.19630154227529,4596.904848632813,6184.815609130859,28.0,Fear,0,,,1
2018-12-23,3998.980224609375,6151275490,-0.3787170148421448,5.196212288397114,4549.6592578125,6166.5406103515625,31.0,Fear,0,,,1
2018-12-24,4078.59912109375,7240968501,1.9909800002112288,4.807597329397519,4503.708642578125,6148.542404785157,25.0,Extreme Fear,0,,,0
2018-12-25,3815.49072265625,6158207293,-6.450950206818629,4.923585333261581,4451.62525390625,6129.495258789062,33.0,Fear,0,,,0
2018-12-26,3857.297607421875,5326547918,1.0957144913857908,4.807307167056641,4399.551010742188,6111.121846923828,26.0,Fear,0,,,0
2018-12-27,3654.83349609375,5130222366,-5.248858966405945,4.904087783511386,4342.044877929688,6095.465914306641,29.0,Fear,0,,,0
2018-12-28,3923.918701171875,5631554348,7.36244771111243,4.624496614687439,4291.44884765625,6080.550908203125,21.0,Extreme Fear,0,,,0
2018-12-29,3820.40869140625,4991655917,-2.637924423222937,4.644264649282338,4240.144619140625,6066.74115234375,24.0,Extreme Fear,0,,,1
2018-12-30,3865.95263671875,4770578575,1.192122335365542,4.517316894483999,4189.279267578125,6054.321416015625,23.0,Extreme Fear,0,,,1
2018-12-31,3742.700439453125,4661840806,-3.188145558095512,4.453267520464507,4135.9078759765625,6039.6581677246095,26.0,Fear,0,,,0
2019-01-01,3843.52001953125,4324200990,2.693765683605087,4.476924718273831,4085.3528759765627,6026.592867431641,24.0,Extreme Fear,0,,,0
2019-01-02,3943.409423828125,5244856836,2.5989042281366226,4.366478281259787,4037.031259765625,6013.559113769531,30.0,Fear,0,,,0
2019-01-03,3836.7412109375,4530215219,-2.704974336321264,4.387144733671492,3998.99908203125,6000.246469726562,33.0,Fear,0,,,0
2019-01-04,3857.717529296875,4847965467,0.5467222626216461,4.2799440793376045,3963.1928369140624,5985.860958251953,48.0,Neutral,0,,,0
2019-01-05,3845.194580078125,5137609824,-0.3246206888826486,4.108816719867913,3928.585732421875,5971.237231445312,36.0,Fear,0,,,1
2019-01-06,4076.632568359375,5597027440,6.018888861446059,4.1864739864329055,3899.0317822265624,5957.737645263672,31.0,Fear,0,,,1
2019-01-07,4025.248291015625,5228625637,-1.260458883210791,4.196770985137697,3867.065947265625,5944.215185546875,39.0,Fear,0,,,0
2019-01-08,4030.847900390625,5306593305,0.13911214837352137,4.147769824467915,3850.2531005859373,5933.950975341797,39.0,Fear,0,,,0
2019-01-09,4035.29638671875,5115905225,0.11036105648376537,4.094588185853415,3841.9216259765626,5923.315057373047,42.0,Fear,0,,,0
2019-01-10,3678.924560546875,6874143796,-8.831366819666354,4.4142160300241935,3823.45671875,5910.843530273438,37.0,Fear,0,,,0
2019-01-11,3687.365478515625,5538712865,0.22943982214995717,4.405265166616377,3809.8852294921876,5898.03445678711,19.0,Extreme Fear,0,,,0
2019-01-12,3661.301025390625,4778170883,-0.7068584135981104,4.297566051247299,3796.169052734375,5885.872612304687,22.0,Extreme Fear,0,,,1
2019-01-13,3552.953125,4681302466,-2.9592732102399433,4.316793127978342,3789.6129150390625,5872.851728515625,21.0,Extreme Fear,0,,,1
2019-01-14,3706.05224609375,5651384490,4.309066731460187,4.373639975160616,3783.534560546875,5861.864790039062,16.0,Extreme Fear,0,,,0
2019-01-15,3630.67529296875,5537192302,-2.033888032864317,4.3989152720567954,3780.56546875,5848.9266674804685,27.0,Fear,0,,,0
2019-01-16,3655.0068359375,5394457145,0.6701657682214313,4.092935886746432,3777.2512060546874,5835.181701660156,24.0,Extreme Fear,0,,,0
2019-01-17,3678.56396484375,5464420383,0.6445166852939055,4.022184295708583,3765.6740869140626,5821.645422363281,28.0,Fear,0,,,0
2019-01-18,3657.83935546875,5002961727,-0.5633885824214646,4.016224830093171,3753.2539404296876,5806.8637182617185,29.0,Fear,0,,,0
2019-01-19,3728.568359375,5955691380,1.9336279435154813,3.5309093392423976,3747.4799365234376,5792.858610839844,31.0,Fear,0,,,1
2019-01-20,3601.013671875,5582489560,-3.4210097604695955,3.4305191858155433,3735.2067724609374,5777.875930175781,35.0,Fear,0,,,1
2019-01-21,3576.032470703125,5004347059,-0.6937269182559769,3.376740084954941,3723.92986328125,5762.560391845703,30.0,Fear,0,,,0
2019-01-22,3604.5771484375,5313623556,0.7982219951364833,3.382973023714565,3718.1387890625,5747.21577758789,27.0,Fear,0,,,0
2019-01-23,3585.123046875,5433755649,-0.5397055122244532,3.3555828164954007,3710.7033740234374,5730.856741943359,33.0,Fear,0,,,0
2019-01-24,3600.865478515625,5262869046,0.43910436084884097,3.155118903799019,3707.6407861328125,5714.991669921875,37.0,Fear,0,,,0
2019-01-25,3599.765869140625,5265847539,-0.03053736335224544,3.1465431583316383,3709.2140673828126,5699.281749267579,35.0,Fear,0,,,0
2019-01-26,3602.46044921875,5098183235,0.07485431486600191,2.9975211086533142,3712.86453125,5685.644300537109,41.0,Fear,0,,,1
2019-01-27,3583.9658203125,5570752966,-0.5133888120898322,2.6554336386401034,3715.021552734375,5671.5905798339845,39.0,Fear,0,,,1
2019-01-28,3470.450439453125,6908930483,-3.167312037855241,2.6734304333790275,3712.1458740234375,5657.798781738281,35.0,Fear,0,,,0
2019-01-29,3448.116943359375,5897159493,-0.6435330653293936,2.6594351443643305,3711.0550927734375,5643.8491174316405,21.0,Extreme Fear,0,,,0
2019-01-30,3486.181640625,5955112627,1.103927096757329,2.6163569810651643,3712.286962890625,5629.899425048829,22.0,Extreme Fear,0,,,0
2019-01-31,3457.792724609375,5831198271,-0.8143269325041613,2.5602275573716002,3711.7038134765626,5615.3901879882815,17.0,Extreme Fear,0,,,0
2019-02-01,3487.9453125,5422926707,0.8720183739189036,2.511289504332389,3715.1891748046874,5599.121164550781,23.0,Extreme Fear,0,,,0
2019-02-02,3521.060791015625,5071623601,0.9494265405179059,2.4829591257340557,3720.760693359375,5580.121268310547,22.0,Extreme Fear,0,,,1
2019-02-03,3464.013427734375,5043937584,-1.620175471744556,2.4903254965165793,3725.3057275390624,5560.587436523438,19.0,Extreme Fear,0,,,1
2019-02-04,3459.154052734375,5332718886,-0.14028164443861124,2.490560750875123,3729.4320263671875,5540.548907470703,27.0,Fear,0,,,0
2019-02-05,3466.357421875,5227549545,0.20824077305636735,2.1880392087088985,3727.8418798828125,5521.110045166016,21.0,Extreme Fear,0,,,0
2019-02-06,3413.767822265625,5482196038,-1.5171430181290635,2.1915528656717855,3722.1960546875,5501.082434082031,14.0,Extreme Fear,0,,,0
2019-02-07,3399.4716796875,5004962683,-0.41877899501193694,2.1880980823461886,3715.266474609375,5480.987341308593,18.0,Extreme Fear,0,,,0
2019-02-08,3666.7802734375,7735623101,7.863239318839477,2.6721448499042837,3705.913251953125,5460.765693359375,37.0,Fear,0,,,0
2019-02-09,3671.20361328125,6158833645,0.12063280354683847,2.1294702843316635,3701.4064501953126,5437.000363769531,42.0,Fear,0,,,1
2019-02-10,3690.188232421875,6282256903,0.5171224791767015,2.1311189708725022,3694.9265625,5414.544354248047,40.0,Fear,0,,,1
2019-02-11,3648.4306640625,6277056434,-1.1315836951756086,2.1375429359466445,3687.9155712890624,5393.028607177735,46.0,Fear,0,,,0
2019-02-12,3653.528564453125,6480384532,0.13972858086190865,2.0626775915920623,3679.41416015625,5370.471201171875,38.0,Fear,0,,,0
2019-02-13,3632.070556640625,6438903823,-0.5873228423961097,1.907069584315647,3675.7457568359373,5347.670802001953,48.0,Neutral,0,,,0
2019-02-14,3616.880859375,6271044418,-0.41821041273146786,1.871597219057913,3670.937421875,5324.662906494141,48.0,Neutral,0,,,0
2019-02-15,3620.810791015625,6091952231,0.10865526937218206,1.8675067732662316,3670.2569677734373,5301.864560546875,43.0,Fear,0,,,0
2019-02-16,3629.78759765625,5934744052,0.24792255543701902,1.864078439801224,3664.374345703125,5281.111298828125,43.0,Fear,0,,,1
2019-02-17,3673.836181640625,7039512503,1.213530621263259,1.8746844550237896,3661.4428955078124,5261.3559289550785,38.0,Fear,0,,,1
2019-02-18,3915.71435546875,9908216640,6.583804009467542,2.201224251200055,3662.4381298828125,5243.098751220703,63.0,Greed,0,,,0
2019-02-19,3947.094482421875,9933626655,0.8013895832135631,2.095061510965603,3666.5260107421873,5225.662272949219,65.0,Greed,0,,,0
2019-02-20,3999.820556640625,8693373948,1.3358199164869689,2.093736972902025,3669.652021484375,5210.497125244141,59.0,Greed,0,,,0
2019-02-21,3954.1181640625,7775128102,-1.1426110729454764,2.110748376647771,3669.8661962890624,5194.925316162109,59.0,Greed,0,,,0
2019-02-22,4005.526611328125,7826525254,1.300124202985553,2.111341274327922,3673.241904296875,5180.193950195313,61.0,Greed,0,,,0
2019-02-23,4142.52685546875,8922258316,3.420280463327119,2.1826290279920664,3678.9380908203125,5167.1409838867185,63.0,Greed,0,,,1
2019-02-24,3810.427490234375,10794227451,-8.016830712779921,2.6789708113587047,3678.2427490234377,5154.664122314453,69.0,Greed,0,,,1
2019-02-25,3882.6962890625,9318796067,1.8966060635805304,2.6960589034315325,3674.3640234375,5141.236453857422,47.0,Neutral,0,,,0
2019-02-26,3854.35791015625,7931218996,-0.7298633937987575,2.6985580420401254,3670.9462158203123,5129.584693603516,40.0,Fear,0,,,0
2019-02-27,3851.04736328125,8301309684,-0.08589100836423613,2.6204179512128754,3667.350205078125,5117.361280517578,39.0,Fear,0,,,0
2019-02-28,3854.785400390625,8399767798,0.09706546704713048,2.613918186131414,3663.7399853515626,5105.0217578125,39.0,Fear,0,,,0
2019-03-01,3859.583740234375,7661247975,0.12447748305945971,2.6110053688137556,3667.3531689453125,5092.831827392578,42.0,Fear,0,,,0
2019-03-02,3864.4150390625,7578786076,0.12517668104363722,2.601897060618038,3670.89416015625,5081.155352783203,41.0,Fear,0,,,1
2019-03-03,3847.17578125,7253558152,-0.44610264783262465,2.6048469287749287,3674.6116552734375,5068.848631591797,44.0,Fear,0,,,1
2019-03-04,3761.55712890625,9029175788,-2.2254936403225956,2.6442691409710775,3678.7837353515624,5055.982767333984,36.0,Fear,0,,,0
2019-03-05,3896.375,10174126415,3.5840973956695166,2.6874266323491676,3682.5901904296875,5042.561492919922,35.0,Fear,0,,,0
2019-03-06,3903.942626953125,9175291529,0.19422224383240927,2.685682636679187,3688.055537109375,5029.962407226562,42.0,Fear,0,,,0
2019-03-07,3911.484375,9584165519,0.19318286070102442,2.6857286077860545,3693.185087890625,5016.989479980469,56.0,Greed,0,,,0
2019-03-08,3901.131591796875,10638638944,-0.26467658337827604,2.663930739115867,3697.6364404296874,5004.952489013672,54.0,Neutral,0,,,0
2019-03-09,3963.313720703125,10796103518,1.5939510740166751,2.6658592989240733,3703.745927734375,4992.325258789063,55.0,Greed,0,,,1
2019-03-10,3951.599853515625,9713267607,-0.29555740506511663,2.2823337785362066,3708.2065576171876,4980.199708251953,55.0,Greed,0,,,1
2019-03-11,3905.227294921875,10125901903,-1.173513521428382,2.297534108780508,3714.290830078125,4967.0514453125,56.0,Greed,0,,,0
2019-03-12,3909.15625,9809887079,0.10060759032475275,2.29701004217167,3720.9533056640626,4952.997426757813,56.0,Greed,0,,,0
2019-03-13,3906.71728515625,9469184841,-0.06239108103570645,2.2836021405205904,3726.9961083984376,4938.715063476562,54.0,Neutral,0,,,0
2019-03-14,3924.369140625,10480789570,0.4518334494236109,2.2837757547540174,3733.7810302734374,4924.800610351563,55.0,Greed,0,,,0
2019-03-15,3960.9111328125,9394210605,0.9311558336655423,2.2810793934708813,3740.981943359375,4910.181965332031,55.0,Greed,0,,,0
2019-03-16,4048.725830078125,9856166973,2.217032756381765,2.302519549833696,3749.961142578125,4894.944195556641,54.0,Neutral,0,,,1
2019-03-17,4025.22900390625,8221625400,-0.5803511316403887,2.308979901223425,3758.416513671875,4879.8345397949215,58.0,Greed,0,,,1
2019-03-18,4032.50732421875,9646954186,0.18081754616785517,2.3091443946138104,3767.38734375,4865.105926513672,56.0,Greed,0,,,0
2019-03-19,4071.190185546875,9344919956,0.9592756619634768,2.30643474252691,3779.402138671875,4850.2739770507815,56.0,Greed,0,,,0
2019-03-20,4087.476318359375,10175916388,0.40003370194585663,1.9859086524064238,3792.189326171875,4834.745108642578,55.0,Greed,0,,,0
2019-03-21,4029.326904296875,10831212662,-1.4226238767748978,2.0026881949118245,3803.0522314453124,4818.528142089844,62.0,Greed,0,,,0
2019-03-22,4023.96826171875,9252935969,-0.13299101079167208,1.9890549938576685,3814.3757421875,4802.347683105469,56.0,Greed,0,,,0
2019-03-23,4035.826416015625,9578850549,0.2946880672416219,1.9768674943141196,3825.3333642578127,4785.718514404297,50.0,Neutral,0,,,1
2019-03-24,4022.168212890625,9144851065,-0.33842394882989124,1.9648108781750622,3835.3555126953124,4771.865205078125,44.0,Fear,0,,,1
2019-03-25,3963.070556640625,10359818883,-1.4692984758966188,1.8748811808696098,3845.3366552734374,4759.034708251953,46.0,Fear,0,,,0
2019-03-26,3985.080810546875,10707678815,0.555383851780511,1.141056743898228,3855.8551904296874,4746.624763183594,43.0,Fear,0,,,0
2019-03-27,4087.066162109375,10897131934,2.5591790081793686,1.1816056451080348,3868.269365234375,4735.930194091797,44.0,Fear,0,,,0
2019-03-28,4069.107177734375,9353915899,-0.43941017009940797,1.1750836969529321,3881.37615234375,4724.771430664063,49.0,Neutral,0,,,0
2019-03-29,4098.37451171875,10918665557,0.7192568960710188,1.177815316098975,3895.354208984375,4713.614802246094,50.0,Neutral,0,,,0
2019-03-30,4106.66015625,9732688060,0.20216904305738748,1.177610707961886,3904.151806640625,4702.542102050781,57.0,Greed,0,,,1
2019-03-31,4105.404296875,9045122443,-0.03058103975535076,1.1783747233260822,3912.8358203125,4691.310124511719,56.0,Greed,0,,,1
2019-04-01,4158.18310546875,10157794171,1.285593446519373,1.1943404507939737,3922.1957177734375,4679.514489746094,62.0,Greed,0,,,0
2019-04-02,4879.8779296875,21315047816,17.35601357404375,3.3367627492819087,3946.8246630859376,4671.350329589844,60.0,Greed,0,,,0
2019-04-03,4973.02197265625,22899891582,1.9087371510277729,3.29064158685972,3973.21453125,4663.499438476562,71.0,Greed,0,,,0
2019-04-04,4922.798828125,18251810240,-1.0099119772122078,3.2722447088872877,3999.0290966796874,4655.527531738281,61.0,Greed,0,,,0
2019-04-05,5036.68115234375,16837325387,2.3133653881632465,3.280920757853771,4027.4251025390627,4649.304936523437,59.0,Greed,0,,,0
2019-04-06,5059.8173828125,16929795194,0.4593546775932822,3.2793027045838166,4056.205234375,4642.747524414062,65.0,Greed,0,,,1
2019-04-07,5198.89697265625,16655416140,2.7487076967675605,3.2882525645751404,4087.587421875,4636.749309082032,69.0,Greed,0,,,1
2019-04-08,5289.77099609375,17154113634,1.7479481496835758,3.2893165875322334,4119.906118164063,4630.599814453125,65.0,Greed,0,,,0
2019-04-09,5204.95849609375,14722104361,-1.6033302776742198,3.3158364869098222,4145.6910009765625,4622.949855957031,64.0,Greed,0,,,0
2019-04-10,5324.5517578125,15504590933,2.297679449480783,3.2989458324186636,4173.240146484375,4615.96271484375,62.0,Greed,0,,,0
2019-04-11,5064.48779296875,16555616019,-4.884241466188555,3.47135691336131,4194.533491210937,4607.732004394531,65.0,Greed,0,,,0
2019-04-12,5089.5390625,13675206312,0.4946456691243162,3.4674058276541446,4217.241909179687,4600.202648925781,42.0,Fear,0,,,0
2019-04-13,5096.58642578125,10823289598,0.13846761356397508,3.4693956310240024,4239.06310546875,4593.453229980469,62.0,Greed,0,,,1
2019-04-14,5167.72216796875,10391952498,1.3957526910101548,3.4704441472788266,4259.56701171875,4586.816840820313,51.0,Neutral,0,,,1
2019-04-15,5067.1083984375,12290155061,-1.9469655345422332,3.5009132659362585,4284.700629882813,4578.7686328125,60.0,Greed,0,,,0
2019-04-16,5235.5595703125,11618660197,3.3244043472001383,3.520154057999515,4311.7578955078125,4571.72578125,50.0,Neutral,0,,,0
2019-04-17,5251.93798828125,12438480677,0.3128303240330199,3.5192605789493734,4339.709497070313,4564.975671386719,61.0,Greed,0,,,0
2019-04-18,5298.3857421875,13256489918,0.8843926567657423,3.51927288699245,4368.656264648437,4558.339799804688,64.0,Greed,0,,,0
2019-04-19,5303.8125,13780238655,0.10242285247921146,3.521258672550668,4397.636806640625,4551.91076171875,61.0,Greed,0,,,0
2019-04-20,5337.88623046875,13169647522,0.642438443454596,3.4938117251180008,4427.202856445312,4545.819692382813,62.0,Greed,0,,,1
2019-04-21,5314.53125,13731844223,-0.43753237630730357,3.497646310322001,4456.205180664063,4539.879399414062,62.0,Greed,0,,,1
2019-04-22,5399.365234375,14601631648,1.5962646635110156,3.4968462550477795,4487.248969726563,4533.992775878906,61.0,Greed,0,,,0
2019-04-23,5572.3623046875,15867308108,3.2040260809014454,3.508851142130354,4523.465073242188,4528.7421875,68.0,Greed,0,,,0
2019-04-24,5464.86669921875,17048033399,-1.9290850018550354,3.5216563143032427,4554.834907226563,4523.124970703125,65.0,Greed,0,,,0
2019-04-25,5210.515625,15330283408,-4.654296037177108,3.6761423103091846,4580.9663671875,4516.162797851563,58.0,Greed,0,,,0
2019-04-26,5279.34814453125,16812108040,1.3210308630683842,3.664485066708734,4608.323642578125,4509.298388671875,41.0,Fear,0,,,0
2019-04-27,5268.291015625,13111274675,-0.209441177273062,3.661788596600549,4635.6668310546875,4502.4266430664065,42.0,Fear,0,,,1
2019-04-28,5285.13916015625,12819992056,0.31980284462800324,3.6632884875956466,4662.10333984375,4495.9246899414065,40.0,Fear,0,,,1
2019-04-29,5247.3525390625,13735490672,-0.7149598137096702,3.6732271050628267,4688.0183935546875,4490.880251464844,42.0,Fear,0,,,0
2019-04-30,5350.7265625,13878964574,1.9700224573813152,3.6742647792740697,4716.92837890625,4486.260983886718,42.0,Fear,0,,,0
2019-05-01,5402.697265625,13679528236,0.9712831055362026,3.673716455502917,4746.79919921875,4481.844519042968,51.0,Neutral,0,,,0
2019-05-02,5505.28369140625,14644460907,1.8988001869725712,1.989425347403181,4778.77052734375,4477.916286621094,50.0,Neutral,0,,,0
2019-05-03,5768.28955078125,18720780006,4.7773352676729886,2.1274912059091697,4815.648935546875,4473.775034179687,63.0,Greed,0,,,0
2019-05-04,5831.16748046875,17567780766,1.0900619522295596,2.109970746321795,4853.0540625,4469.950322265625,66.0,Greed,0,,,1
2019-05-05,5795.70849609375,14808830723,-0.6080940822531411,2.0949435106147196,4887.993715820313,4466.206713867187,67.0,Greed,0,,,1
2019-05-06,5746.80712890625,15737171804,-0.8437513242851802,2.10906955002483,4922.425278320313,4462.557199707031,57.0,Greed,0,,,0
2019-05-07,5829.50146484375,18026409033,1.4389613933892154,2.073026352060666,4958.365161132812,4459.37765625,69.0,Greed,0,,,0
2019-05-08,5982.45751953125,15320605300,2.6238273651690402,2.0986278322131584,4996.5905078125,4456.843994140625,63.0,Greed,0,,,0
2019-05-09,6174.52880859375,16784645411,3.2105750594205507,2.1215177196465578,5038.331557617187,4455.304887695313,69.0,Greed,0,,,0
2019-05-10,6378.84912109375,19419875368,3.309083475578345,2.157277901633254,5085.322001953125,4454.763332519531,71.0,Greed,0,,,0
2019-05-11,7204.771484375,28867562329,12.947827227172803,2.9113651280564183,5148.93806640625,4458.408488769532,76.0,Extreme Greed,0,,,1
2019-05-12,6972.37158203125,27773333680,-3.2256387707473633,3.0205562863719364,5207.668969726563,4460.791147460937,75.0,Greed,0,,,1
2019-05-13,7814.9150390625,28677672181,12.084029761159009,3.618099426173096,5283.52390625,4467.484272460937,78.0,Extreme Greed,0,,,0
2019-05-14,7994.416015625,32031452227,2.296902470023965,3.6209851195124747,5364.150815429687,4475.0826025390625,78.0,Extreme Greed,0,,,0
2019-05-15,8205.16796875,28344112920,2.6362395040874453,3.5657014405584877,5448.55255859375,4483.70654296875,77.0,Extreme Greed,0,,,0
2019-05-16,7884.9091796875,33167197581,-3.903135076359554,3.6925350582973295,5524.509418945312,4490.699138183594,75.0,Greed,0,,,0
2019-05-17,7343.8955078125,30066644905,-6.8613811465161545,3.98832101871589,5590.005185546875,4495.755466308594,65.0,Greed,0,,,0
2019-05-18,7271.2080078125,21354286562,-0.9897676229553398,4.008031069910671,5653.46185546875,4500.44015625,67.0,Greed,0,,,1
2019-05-19,8197.689453125,25902422040,12.741781617539317,4.526471782481424,5735.28244140625,4509.840554199219,70.0,Greed,0,,,1
2019-05-20,7978.30908203125,23843404340,-2.6761244415049346,4.589695277966904,5812.740537109375,4517.843200683594,73.0,Greed,0,,,0
2019-05-21,7963.32763671875,25127245056,-0.18777719888342093,4.586385988626163,5888.843427734375,4525.717639160156,68.0,Greed,0,,,0
2019-05-22,7680.06640625,24719473175,-3.5570711565682367,4.676513109374502,5944.847197265625,4532.311672363281,69.0,Greed,0,,,0
2019-05-23,7881.8466796875,24457107820,2.627324592835456,4.6695230090942195,6003.02369140625,4539.840256347657,65.0,Greed,0,,,0
2019-05-24,7987.37158203125,25919126991,1.3388347506898546,4.630432118740746,6064.315146484375,4547.678813476563,64.0,Greed,0,,,0
2019-05-25,8052.5439453125,22256813107,0.8159425489589589,4.4905155671138175,6124.63240234375,4555.636484375,69.0,Greed,0,,,1
2019-05-26,8673.2158203125,26677970091,7.7077738316635,4.628333117642027,6196.90037109375,4566.351862792969,67.0,Greed,0,,,1
2019-05-27,8805.7783203125,27949839564,1.5284123299404317,4.613586595279454,6269.037998046875,4578.112153320312,70.0,Greed,0,,,0
2019-05-28,8719.9619140625,24226919267,-0.974546520800379,4.634160013315758,6337.64181640625,4589.783862304687,71.0,Greed,0,,,0
2019-05-29,8659.4873046875,23473479966,-0.6935191916087824,4.633763217869834,6406.732392578125,4601.035197753907,71.0,Greed,0,,,0
2019-05-30,8319.47265625,29246528551,-3.9264986075266295,4.7491820446369015,6466.630810546875,4610.5762109375,73.0,Greed,0,,,0
2019-05-31,8574.501953125,25365190957,3.0654502684543283,4.7552128002599305,6536.83109375,4621.592370605469,61.0,Greed,0,,,0
2019-06-01,8564.0166015625,22488303544,-0.1222852548150466,4.765964819881064,6606.32064453125,4632.615002441406,62.0,Greed,0,,,1
2019-06-02,8742.9580078125,20266216022,2.0894565549692157,4.729082763378529,6679.248076171875,4647.638041992188,63.0,Greed,0,,,1
2019-06-03,8208.9951171875,22004511436,-6.107348224112064,4.928912668148291,6740.07353515625,4660.442868652343,66.0,Greed,0,,,0
2019-06-04,7707.77099609375,24609731549,-6.105791439007158,5.099978097233004,6792.886787109375,4671.103974609375,42.0,Fear,0,,,0
2019-06-05,7824.2314453125,21760923463,1.5109484866347334,5.08751417340447,6844.660224609375,4682.453481445313,27.0,Fear,0,,,0
2019-06-06,7822.0234375,19474611077,-0.028220123956368415,5.091738068897943,6896.06193359375,4693.4458984375,34.0,Fear,0,,,0
2019-06-07,8043.951171875,19141423231,2.837216433167966,5.094080268560798,6950.9732421875,4709.308203125,27.0,Fear,0,,,0
2019-06-08,7954.1279296875,16522722810,-1.1166557363197271,5.093900891012325,7003.97955078125,4726.8194921875,62.0,Greed,0,,,1
2019-06-09,7688.0771484375,16610726547,-3.3448139582594405,5.133192741850294,7050.983369140625,4742.249028320312,62.0,Greed,0,,,1
2019-06-10,8000.32958984375,18689275117,4.061515452790565,4.637302023949878,7104.6993359375,4760.4209765625,46.0,Fear,0,,,0
2019-06-11,7927.71435546875,17107279932,-0.9076530355347279,4.593034631992067,7155.266318359375,4778.323999023438,61.0,Greed,0,,,0
2019-06-12,8145.857421875,19034432883,2.7516514423324256,4.069577061226234,7206.736220703125,4799.649486083985,60.0,Greed,0,,,0
2019-06-13,8230.923828125,18669407147,1.0442903901259237,4.0538960317338555,7262.05736328125,4820.754255371094,63.0,Greed,0,,,0
2019-06-14,8693.8330078125,19831162906,5.624024585256682,4.1519579039882695,7331.7237109375,4845.327770996094,67.0,Greed,0,,,0
2019-06-15,8838.375,18371033226,1.662580728863916,4.0826074692953975,7402.904248046875,4870.416046142578,75.0,Greed,0,,,1
2019-06-16,8994.48828125,23348550311,1.7663120341691707,3.8460950360937223,7477.428193359375,4894.101387939453,80.0,Extreme Greed,0,,,1
2019-06-17,9320.3525390625,15562951919,3.622932707487103,3.866382668459178,7558.1324609375,4919.308917236328,84.0,Extreme Greed,0,,,0
2019-06-18,9081.7626953125,15848210536,-2.5598800340442818,3.2029400734178,7634.8206640625,4944.631387939453,83.0,Extreme Greed,0,,,0
2019-06-19,9273.521484375,15546809946,2.1114710381221036,3.1638551352870725,7713.2765625,4969.925635986328,82.0,Extreme Greed,0,,,0
2019-06-20,9527.16015625,17846823784,2.7350847496536934,3.1852476184685092,7795.7658203125,4996.862047119141,81.0,Extreme Greed,0,,,0
2019-06-21,10144.556640625,20624008643,6.480383180815696,3.254665904926961,7888.551279296875,5028.11417602539,84.0,Extreme Greed,0,,,0
2019-06-22,10701.69140625,29995204861,5.49195775982847,3.3453270267393833,7987.21931640625,5061.8381640625,83.0,Extreme Greed,0,,,1
2019-06-23,10855.37109375,20998326502,1.4360317604584338,3.3456347695876287,8087.703388671875,5097.345045166016,84.0,Extreme Greed,0,,,1
2019-06-24,11011.1025390625,19271652365,1.4346026862422256,3.345845741948431,8192.01126953125,5134.795048828125,80.0,Extreme Greed,0,,,0
2019-06-25,11790.9169921875,24879684533,7.082074209722089,3.3049515550199353,8312.893466796875,5176.649947509765,87.0,Extreme Greed,0,,,0
2019-06-26,13016.2314453125,45105733173,10.392020009443502,3.716798925887503,8456.62806640625,5224.350531005859,95.0,Extreme Greed,0,,,0
2019-06-27,11182.806640625,39977475223,-14.085680731712602,4.655217085068584,8560.635048828124,5262.193392333985,92.0,Extreme Greed,0,,,0
2019-06-28,12407.33203125,35087757766,10.950072106017949,4.987823453830494,8685.29111328125,5306.716772460937,62.0,Greed,0,,,0
2019-06-29,11959.37109375,29923961128,-3.6104533704081843,4.976663566520509,8796.901552734374,5349.390687255859,74.0,Greed,0,,,1
2019-06-30,10817.1552734375,27256473494,-9.550801721584046,5.345131190938568,8869.149228515626,5386.0417126464845,78.0,Extreme Greed,0,,,1
2019-07-01,10583.134765625,29378589324,-2.163420066523025,5.371756163190556,8941.3644921875,5422.38900024414,65.0,Greed,0,,,0
2019-07-02,10801.677734375,31015895223,2.0650116774459715,5.371563540763301,9001.09974609375,5460.184964599609,63.0,Greed,0,,,0
2019-07-03,11961.26953125,30796494294,10.73529339969792,5.498083437809049,9080.43681640625,5503.807503662109,79.0,Extreme Greed,0,,,0
2019-07-04,11215.4375,25920294033,-6.2353918980041385,5.504240530192638,9140.64220703125,5543.620495605469,76.0,Extreme Greed,0,,,0
2019-07-05,10978.4599609375,23838480210,-2.112958491922401,5.541506609207872,9202.51322265625,5580.783471679688,67.0,Greed,0,,,0
2019-07-06,11208.55078125,21092024306,2.095838770931313,5.5377091645453795,9279.806328125,5618.345930175781,72.0,Greed,0,,,1
2019-07-07,11450.8466796875,19369044277,2.161705854451945,5.5328516692171235,9363.3991015625,5656.87041015625,67.0,Greed,0,,,1
2019-07-08,12285.9580078125,23482551458,7.293009429655473,5.6168135671967265,9445.16447265625,5697.627993164063,74.0,Greed,0,,,0
2019-07-09,12573.8125,28167921523,2.3429552014133215,5.539108122087428,9537.074541015625,5741.0143371582035,84.0,Extreme Greed,0,,,0
2019-07-10,12156.5126953125,33627574244,-3.318800918078746,5.598947732373389,9620.9382421875,5781.725987548828,83.0,Extreme Greed,0,,,0
2019-07-11,11358.662109375,28595327690,-6.5631534794114765,5.777195434265787,9694.51015625,5818.524396972656,62.0,Greed,0,,,0
2019-07-12,11815.986328125,23534692797,4.026215537942113,5.792378463992938,9773.19294921875,5857.211333007813,33.0,Fear,0,,,0
2019-07-13,11392.37890625,21042616384,-3.585036493032401,5.863729977462143,9841.293095703126,5895.095773925781,65.0,Greed,0,,,1
2019-07-14,10256.05859375,22486000001,-9.974390088768914,6.147873125960488,9885.363388671874,5927.089578857422,61.0,Greed,0,,,1
2019-07-15,10895.08984375,25384047207,6.230768322534974,6.227631442523338,9929.800869140625,5963.290860595703,16.0,Extreme Fear,0,,,0
2019-07-16,9477.6416015625,24151199070,-13.009972955850602,6.720723601915989,9943.238134765625,5991.059475097656,34.0,Fear,0,,,0
2019-07-17,9693.802734375,24569921549,2.2807481217359316,6.70295388514113,9962.714951171874,6020.4264453125,19.0,Extreme Fear,0,,,0
2019-07-18,10666.482421875,25187024648,10.034036323545138,6.905572899597278,10002.854853515624,6054.429094238281,40.0,Fear,0,,,0
2019-07-19,10530.732421875,20727426310,-1.2726782329064878,6.9105816730139,10047.080048828126,6088.369254150391,42.0,Fear,0,,,0
2019-07-20,10767.1396484375,20206615155,2.244926725812757,6.9060831565363925,10090.932802734374,6122.987352294922,34.0,Fear,0,,,1
2019-07-21,10599.10546875,17130580467,-1.5606204170657723,6.827312866824642,10131.634580078126,6156.265832519532,42.0,Fear,0,,,1
2019-07-22,10343.1064453125,16334414913,-2.4152889523769483,6.775397158852032,10163.637548828125,6188.7976586914065,42.0,Fear,0,,,0
2019-07-23,9900.767578125,17851916995,-4.276653919461193,6.817038771485798,10197.472998046875,6219.012908935547,40.0,Fear,0,,,0
2019-07-24,9811.92578125,17398734322,-0.8973223154060239,6.8124797369077825,10239.55609375,6248.8465649414065,20.0,Extreme Fear,0,,,0
2019-07-25,9911.841796875,15821952090,1.018311979244002,6.678950255928315,10281.30830078125,6278.022611083984,42.0,Fear,0,,,0
2019-07-26,9870.3037109375,14495714483,-0.41907535237897253,6.363072557149999,10322.27390625,6307.247888183594,24.0,Extreme Fear,0,,,0
2019-07-27,9477.677734375,16817809536,-3.9778510171619375,5.880183900039834,10350.9484375,6334.482037353516,47.0,Neutral,0,,,1
2019-07-28,9552.8603515625,13738687093,0.7932599028432463,5.484283601054132,10382.9230859375,6362.069857177735,16.0,Extreme Fear,0,,,1
2019-07-29,9519.1455078125,13791445323,-0.35292930608459283,5.457278178533265,10419.544453125,6391.270961914062,19.0,Extreme Fear,0,,,0
2019-07-30,9607.423828125,13829811132,0.927376519668166,5.19444468005372,10451.686337890626,6420.87125366211,22.0,Extreme Fear,0,,,0
2019-07-31,10085.6279296875,16631520648,4.977443590680308,5.267448733816893,10494.844609375,6452.992888183594,31.0,Fear,0,,,0
2019-08-01,10399.6689453125,17165337858,3.1137477786643997,5.285246420185215,10539.92083984375,6487.226467285156,57.0,Greed,0,,,0
2019-08-02,10518.1748046875,17489094082,1.139515690337567,4.889319459469097,10585.665859375,6521.287080078125,61.0,Greed,0,,,0
2019-08-03,10821.7265625,15352685061,2.8859736926716506,4.790737696938215,10628.22373046875,6557.242336425781,61.0,Greed,0,,,1
2019-08-04,10970.1845703125,16530894787,1.3718514042569074,4.7801174131320705,10670.859921875,6593.818225097656,62.0,Greed,0,,,1
2019-08-05,11805.6533203125,23875988832,7.615813067183441,4.961955385837026,10727.08322265625,6634.453671875,64.0,Greed,0,,,0
2019-08-06,11478.1689453125,23635107660,-2.7739623222421628,4.97970240628302,10770.23955078125,6673.555319824219,66.0,Greed,0,,,0
2019-08-07,11941.96875,22194988641,4.040712476852915,4.852150770629404,10827.443671875,6714.622321777344,45.0,Fear,0,,,0
2019-08-08,11966.4072265625,19481591730,0.2046436150864972,4.83253967620432,10881.30138671875,6756.449289550781,61.0,Greed,0,,,0
2019-08-09,11862.9365234375,18339989960,-0.8646764326666112,4.795926388272315,10928.0169140625,6797.883809814453,60.0,Greed,0,,,0
2019-08-10,11354.0244140625,18125355447,-4.28993368016044,4.705231627571642,10952.20626953125,6836.631046142578,59.0,Greed,0,,,1
2019-08-11,11523.5791015625,15774371518,1.4933443976921312,4.654952873743353,10968.6440234375,6876.323326416015,45.0,Fear,0,,,1
2019-08-12,11382.6162109375,13647198229,-1.223256154903185,4.61159106590419,10979.18892578125,6915.232080078125,48.0,Neutral,0,,,0
2019-08-13,10895.830078125,16681503537,-4.27657511938907,4.288280092698498,10976.8834765625,6951.712401123047,45.0,Fear,0,,,0
2019-08-14,10051.7041015625,19990838300,-7.747238810719049,4.3791834000173875,10942.09921875,6983.958619384765,11.0,Extreme Fear,0,,,0
2019-08-15,10311.5458984375,22899115082,2.5850521886593203,3.671322671865616,10888.0055078125,7017.59651977539,13.0,Extreme Fear,0,,,0
2019-08-16,10374.3388671875,20228207096,0.6089578552864294,3.6535871983090553,10871.83615234375,7052.115961914063,31.0,Fear,0,,,0
2019-08-17,10231.744140625,13778035685,-1.3744945908168327,3.1655655231638833,10828.32439453125,7086.03409790039,20.0,Extreme Fear,0,,,1
2019-08-18,10345.810546875,12999813869,1.1148285637548438,3.1648200030602887,10796.05318359375,7120.33224243164,14.0,Extreme Fear,0,,,1
2019-08-19,10916.0537109375,16038264603,5.511826854733437,3.2984828364034553,10798.03115234375,7157.623547363281,30.0,Fear,0,,,0
2019-08-20,10763.232421875,15053082175,-1.3999682770833077,3.295825843441632,10801.63310546875,7193.999982910156,39.0,Fear,0,,,0
2019-08-21,10138.0498046875,19473084768,-5.80850243386819,3.4403145298147875,10788.360546875,7227.084927978515,11.0,Extreme Fear,0,,,0
2019-08-22,10131.0556640625,17097508856,-0.06898901425563819,3.344787410760265,10751.75626953125,7260.420139160156,5.0,Extreme Fear,0,,,0
2019-08-23,10407.96484375,15627023886,2.7332707357414776,3.371871405664903,10735.60681640625,7295.164193115234,33.0,Fear,0,,,0
2019-08-24,10159.9609375,15451030650,-2.38282805498643,3.402256525084652,10719.2368359375,7328.632210693359,39.0,Fear,0,,,1
2019-08-25,10138.517578125,14153856610,-0.21105749822180053,3.401292653775503,10697.836171875,7362.255959472656,33.0,Fear,0,,,1
2019-08-26,10370.8203125,18438654080,2.2912889639430167,3.331082082048859,10676.23564453125,7397.1127026367185,41.0,Fear,0,,,0
2019-08-27,10185.5,14762609503,-1.7869397686568034,3.35260259276601,10634.226484375,7429.706301269532,30.0,Fear,0,,,0
2019-08-28,9754.4228515625,17603790323,-4.23226300562074,3.450773278504828,10577.83869140625,7460.1223974609375,32.0,Fear,0,,,0
2019-08-29,9510.2001953125,17045878501,-2.503712008044423,3.4804793683142647,10524.91244140625,7489.22245727539,20.0,Extreme Fear,0,,,0
2019-08-30,9598.173828125,13595263986,0.9250450148868827,3.3581229002777335,10489.70267578125,7518.971173095703,24.0,Extreme Fear,0,,,0
2019-08-31,9630.6640625,11454806419,0.33850433381186207,3.3040361399344707,10445.99623046875,7548.8568505859375,20.0,Extreme Fear,0,,,1
2019-09-01,9757.970703125,11445355859,1.3218884990569668,3.3067576667631133,10413.30806640625,7579.486351318359,24.0,Extreme Fear,0,,,1
2019-09-02,10346.7607421875,17248102294,6.033939401703048,3.4545946019905776,10415.122109375,7613.135750732422,28.0,Fear,0,,,0
2019-09-03,10623.5400390625,19384917989,2.675033314982045,3.4817203647141453,10409.69111328125,7648.149396972656,41.0,Fear,0,,,0
2019-09-04,10594.4931640625,16742664769,-0.2734199230500889,3.1665582927448512,10432.02814453125,7682.972924804688,43.0,Fear,0,,,0
2019-09-05,10575.533203125,14551239508,-0.17896052830365106,3.1322244746222028,10449.66275390625,7717.4814099121095,41.0,Fear,0,,,0
2019-09-06,10353.302734375,19536574783,-2.1013642005712985,3.043269971309457,10443.39916015625,7749.66935180664,43.0,Fear,0,,,0
2019-09-07,10517.2548828125,15307366476,1.5835734030373416,3.063524898295605,10443.129609375,7782.520153808594,39.0,Fear,0,,,1
2019-09-08,10441.2763671875,13670567493,-0.7224177456150227,3.062864582497526,10436.61234375,7814.727432861328,43.0,Fear,0,,,1
2019-09-09,10334.974609375,17595943368,-1.0180916017754393,2.975811901435933,10431.3297265625,7846.63171508789,41.0,Fear,0,,,0
2019-09-10,10115.9755859375,14906809639,-2.119008819226731,2.9750936078072763,10426.787109375,7877.1839599609375,41.0,Fear,0,,,0
2019-09-11,10178.3720703125,15428063426,0.6168113381149309,2.9762942130291457,10432.33919921875,7907.363186035156,38.0,Fear,0,,,0
2019-09-12,10410.126953125,15323563925,2.2769346729666573,2.9164550379891168,10444.30322265625,7940.361683349609,39.0,Fear,0,,,0
2019-09-13,10360.546875,14109864675,-0.4762677568511009,2.537416917846427,10453.27732421875,7972.750936279297,38.0,Fear,0,,,0
2019-09-14,10358.048828125,13468713124,-0.024111148814232042,2.494793223964571,10463.0322265625,8005.269390869141,39.0,Fear,0,,,1
2019-09-15,10347.712890625,12043433567,-0.09978652998753335,2.4926232621894466,10480.4329296875,8037.75271850586,38.0,Fear,0,,,1
2019-09-16,10276.7939453125,15160167779,-0.6853586494147135,2.4824707086413245,10494.9116015625,8069.862761230469,38.0,Fear,0,,,0
2019-09-17,10241.2724609375,15304603363,-0.3456475294145833,2.4750630726521683,10509.354140625,8101.7712048339845,41.0,Fear,0,,,0
2019-09-18,10198.248046875,16169268880,-0.4201080893668663,2.245484877014889,10521.170625,8133.440369873047,38.0,Fear,0,,,0
2019-09-19,10266.4150390625,19937691247,0.6684186526369817,2.2391817110640004,10524.7863671875,8165.536566162109,31.0,Fear,0,,,0
2019-09-20,10181.6416015625,14734189639,-0.8257355384274523,1.9726267599622191,10520.4258203125,8197.63698852539,41.0,Fear,0,,,0
2019-09-21,10019.716796875,13425266806,-1.5903604843314323,1.9947693754564255,10510.45666015625,8228.253697509766,37.0,Fear,0,,,1
2019-09-22,10070.392578125,13199651698,0.5057606145695059,1.9292178300418923,10495.42998046875,8259.085947265625,37.0,Fear,0,,,1
2019-09-23,9729.32421875,15144925408,-3.3868427345709606,1.9784096667900144,10470.6127734375,8288.175146484375,41.0,Fear,0,,,0
2019-09-24,8620.56640625,25002886689,-11.396041364961839,2.854864260978585,10406.91103515625,8311.77232055664,39.0,Fear,0,,,0
2019-09-25,8486.9931640625,21744728353,-1.5494717619790932,2.8112374743488453,10347.08751953125,8334.390717773438,15.0,Extreme Fear,0,,,0
2019-09-26,8118.9677734375,19258205289,-4.336346023976723,2.8850934711436214,10270.6275,8355.227557373048,12.0,Extreme Fear,0,,,0
2019-09-27,8251.845703125,16408941156,1.636635757099958,2.8366858644810646,10196.33626953125,8376.960649414063,24.0,Extreme Fear,0,,,0
2019-09-28,8245.9150390625,14141152736,-0.07187075808087195,2.8125604883558037,10123.99583984375,8398.644443359375,32.0,Fear,0,,,1
2019-09-29,8104.185546875,13034629109,-1.7187842891431715,2.8099072347925667,10058.9990625,8419.631784667969,33.0,Fear,0,,,1
2019-09-30,8293.8681640625,17115474183,2.340551263175872,2.8544877520612717,9994.40484375,8441.479279785157,27.0,Fear,0,,,0
2019-10-01,8343.2763671875,15305343413,0.5957196587605074,2.8419428584533875,9933.618046875,8463.391105957031,38.0,Fear,0,,,0
2019-10-02,8393.0419921875,13125712443,0.5964758065035269,2.5728154327144837,9883.56228515625,8485.112686767578,39.0,Fear,0,,,0
2019-10-03,8259.9921875,13668823409,-1.5852393543526522,2.4988142131244024,9847.728046875,8506.286502685547,37.0,Fear,0,,,0
2019-10-04,8205.939453125,13139456229,-0.6543920762636879,2.4969949414251977,9805.61591796875,8527.153663330078,30.0,Fear,0,,,0
2019-10-05,8151.50048828125,12200497197,-0.6634092921928403,2.4942969294613455,9761.159150390626,8547.55521484375,31.0,Fear,0,,,1
2019-10-06,7988.15576171875,13160830305,-2.003860844973604,2.4926493107406524,9716.2873828125,8567.058612060548,32.0,Fear,0,,,1
2019-10-07,8245.623046875,18009742607,3.2231129792197777,2.5643139260280248,9674.2836328125,8588.140092773438,27.0,Fear,0,,,0
2019-10-08,8228.783203125,15592264032,-0.20422766908295698,2.566420695044869,9620.53822265625,8609.164167480469,39.0,Fear,0,,,0
2019-10-09,8595.740234375,19384942333,4.45943248463081,2.7364304007842715,9577.18837890625,8631.963736572266,37.0,Fear,0,,,0
2019-10-10,8586.4736328125,17618660671,-0.10780457889411066,2.721885914556354,9546.15685546875,8654.785263671874,41.0,Fear,0,,,0
2019-10-11,8321.7568359375,19604381101,-3.0829512579344187,2.7528269034927115,9509.97087890625,8676.57869506836,39.0,Fear,0,,,0
2019-10-12,8336.5556640625,14532641605,0.17783297946283305,2.7025881237768323,9468.5426953125,8698.336069335937,38.0,Fear,0,,,1
2019-10-13,8321.005859375,13808286059,-0.18652553061611066,2.703935654417889,9431.76359375,8719.505767822266,38.0,Fear,0,,,1
2019-10-14,8374.6865234375,15151387859,0.6451222961466829,2.7123761424280017,9396.48697265625,8741.033664550781,37.0,Fear,0,,,0
2019-10-15,8205.369140625,15220412632,-2.0217757684260373,2.721155688079936,9353.17794921875,8761.568637695313,39.0,Fear,0,,,0
2019-10-16,8047.52685546875,16071646996,-1.9236463643636514,2.7297872082914556,9310.418486328124,8781.272971191407,40.0,Fear,0,,,0
2019-10-17,8103.9111328125,14313052244,0.7006410585064904,2.742107260811653,9277.408251953126,8801.265505371093,40.0,Fear,0,,,0
2019-10-18,7973.20751953125,15651592610,-1.6128460830725944,2.745963421572435,9246.6683984375,8820.340627441406,40.0,Fear,0,,,0
2019-10-19,7988.560546875,13797825640,0.19255772919670733,2.7386783672445687,9214.4761328125,8835.884040527344,41.0,Fear,0,,,1
2019-10-20,8222.078125,15504249442,2.9231496307097427,2.821501250317461,9186.3044140625,8852.129321289063,37.0,Fear,0,,,1
2019-10-21,8243.720703125,15868748866,0.2632251578733369,2.8209466251237427,9156.0194140625,8868.733930664062,37.0,Fear,0,,,0
2019-10-22,8078.203125,16803377857,-2.0078018662405217,2.8240461538216843,9110.64826171875,8883.941540527343,39.0,Fear,0,,,0
2019-10-23,7514.671875,21942878958,-6.975948008239763,3.011921415759105,9048.4708984375,8896.215812988281,33.0,Fear,0,,,0
2019-10-24,7493.48876953125,16268708849,-0.2818899590176671,2.25305557269757,8986.450810546876,8907.688771972656,20.0,Extreme Fear,0,,,0
2019-10-25,8660.7001953125,28705065488,15.576341830619223,3.680173121687891,8948.154150390625,8924.54341796875,24.0,Extreme Fear,0,,,0
2019-10-26,9244.97265625,44496255609,6.74624969992299,3.7715140563371636,8925.987548828125,8944.74348876953,53.0,Neutral,0,,,1
2019-10-27,9551.71484375,32593129501,3.317935043243514,3.801373288202769,8906.676748046875,8965.87930419922,50.0,Neutral,0,,,1
2019-10-28,9256.1484375,30948255332,-3.0943805493041765,3.858194605743019,8882.974189453125,8986.837607421876,52.0,Neutral,0,,,0
2019-10-29,9427.6875,28426779937,1.8532445072405368,3.8439061494564353,8864.828447265625,9008.528349609374,54.0,Neutral,0,,,0
2019-10-30,9205.7265625,27706531577,-2.354351875791383,3.86499719334094,8846.623466796875,9029.07405029297,53.0,Neutral,0,,,0
2019-10-31,9199.5849609375,26583653947,-0.0667150118005666,3.8658331285381746,8827.047724609374,9049.233364257812,50.0,Neutral,0,,,0
2019-11-01,9261.1044921875,24324691031,0.6687207250242189,3.865985514207775,8804.067275390626,9070.203344726562,49.0,Neutral,0,,,0
2019-11-02,9324.7177734375,21242676385,0.6868865512063227,3.848020841831026,8783.350693359374,9090.649135742187,51.0,Neutral,0,,,1
2019-11-03,9235.3544921875,21132220847,-0.9583483749455834,3.8514904066887152,8760.896806640625,9110.566218261718,56.0,Greed,0,,,1
2019-11-04,9412.6123046875,26170255634,1.919339562438549,3.8543101525018217,8742.194794921876,9131.13735107422,49.0,Neutral,0,,,0
2019-11-05,9342.52734375,26198609048,-0.7445856545328811,3.832343488035312,8723.509462890624,9151.330925292968,54.0,Neutral,0,,,0
2019-11-06,9360.8798828125,23133895765,0.1964408386214478,3.80036813316004,8705.901611328125,9171.445893554688,53.0,Neutral,0,,,0
2019-11-07,9267.5615234375,22700383839,-0.9968973060571096,3.8081096920542223,8687.287880859374,9191.211044921874,54.0,Neutral,0,,,0
2019-11-08,8804.880859375,24333037836,-4.992474696740768,3.8568124976470464,8658.057197265625,9208.238623046875,42.0,Fear,0,,,0
2019-11-09,8813.58203125,17578630606,0.09882214210468199,3.856523258839762,8630.696005859376,9224.444721679687,38.0,Fear,0,,,1
2019-11-10,9055.5263671875,20587919881,2.745130584586919,3.8344924381776906,8611.412197265625,9242.398020019531,39.0,Fear,0,,,1
2019-11-11,8757.7880859375,20265510765,-3.2879179981060824,3.891633589088309,8585.160107421874,9260.134382324219,40.0,Fear,0,,,0
2019-11-12,8815.662109375,20309769107,0.6608292284490114,3.8915492901516395,8566.886865234375,9277.815952148438,39.0,Fear,0,,,0
2019-11-13,8808.2626953125,17545755405,-0.0839348646839655,3.891353913141508,8570.640791015625,9295.515810546874,38.0,Fear,0,,,0
2019-11-14,8708.0947265625,19084739975,-1.1372046022572246,3.876963743521532,8575.062822265625,9312.630588378906,41.0,Fear,0,,,0
2019-11-15,8491.9921875,21796856471,-2.481628253345902,3.889158232933694,8582.523310546874,9328.853786621094,38.0,Fear,0,,,0
2019-11-16,8550.7607421875,16495389808,0.6920467352055093,3.889124140597354,8588.501611328125,9344.853957519532,41.0,Fear,0,,,1
2019-11-17,8577.9755859375,18668638897,0.31827394743637605,3.8731974873961406,8595.142822265625,9360.730349121093,38.0,Fear,0,,,1
2019-11-18,8309.2861328125,21579470673,-3.1323177646423006,3.924004170607233,8599.244833984376,9374.750361328124,38.0,Fear,0,,,0
2019-11-19,8206.1455078125,21083613816,-1.2412693864603863,3.898008278439471,8597.490380859375,9386.939641113282,32.0,Fear,0,,,0
2019-11-20,8027.26806640625,20764300437,-2.1797985575073398,3.9191539992376523,8591.17021484375,9397.920144042968,32.0,Fear,0,,,0
2019-11-21,7642.75,22514243371,-4.790148568918983,3.9999561843864275,8576.164375,9407.1553515625,30.0,Fear,0,,,0
2019-11-22,7296.57763671875,34242315785,-4.529421520804034,3.8782485898268764,8556.896083984375,9414.904204101562,20.0,Extreme Fear,0,,,0
2019-11-23,7397.796875,21008924418,1.3872152579023078,3.8864607453810303,8540.733232421875,9422.745681152344,23.0,Extreme Fear,0,,,1
2019-11-24,7047.9169921875,30433517289,-4.729514593660699,2.659479042861146,8518.6615625,9428.072978515625,21.0,Extreme Fear,0,,,1
2019-11-25,7146.1337890625,42685231262,1.3935577984796277,2.3016120414040917,8501.821123046875,9432.931003417969,17.0,Extreme Fear,0,,,0
2019-11-26,7218.37109375,21129505542,1.0108585540066883,2.1943255151998575,8481.276083984376,9437.12861328125,21.0,Extreme Fear,0,,,0
2019-11-27,7531.66357421875,23991412764,4.340210227484875,2.352716412608596,8467.33369140625,9438.763073730468,20.0,Extreme Fear,0,,,0
2019-11-28,7463.10595703125,19050116751,-0.9102586236349741,2.304617639183428,8444.681005859375,9441.216745605469,32.0,Fear,0,,,0
2019-11-29,7761.24365234375,19709695456,3.9948206152910615,2.4397682362751927,8428.17640625,9440.948388671875,31.0,Fear,0,,,0
2019-11-30,7569.6298828125,17158194786,-2.468853937775628,2.463064118884553,8413.1338671875,9438.824458007812,38.0,Fear,0,,,1
2019-12-01,7424.29248046875,18720708479,-1.9200067188720915,2.4617632953823696,8394.888603515625,9434.920080566406,25.0,Extreme Fear,0,,,1
2019-12-02,7321.98828125,17082040706,-1.3779656376399996,2.4503542829690237,8374.908251953126,9432.105476074219,28.0,Fear,0,,,0
2019-12-03,7320.1455078125,14797485769,-0.025167664392733435,2.453847451691193,8353.817431640626,9431.98672607422,28.0,Fear,0,,,0
2019-12-04,7252.03466796875,21664240918,-0.930457458407874,2.40186337776203,8334.7507421875,9431.890859375,24.0,Extreme Fear,0,,,0
2019-12-05,7448.3076171875,18816085231,2.706453543109233,2.4875738723676117,8322.766357421875,9428.143950195312,21.0,Extreme Fear,0,,,0
2019-12-06,7546.99658203125,18104466307,1.3249850827323328,2.5103760252929175,8311.62806640625,9425.987387695313,29.0,Fear,0,,,0
2019-12-07,7556.23779296875,15453520564,0.12244885547587625,2.5138923017889723,8303.288671875,9423.951938476563,32.0,Fear,0,,,1
2019-12-08,7564.34521484375,15409908086,0.10729442478032425,2.3787361371793927,8294.804365234375,9423.373332519532,28.0,Fear,0,,,1
2019-12-09,7400.8994140625,17872021272,-2.1607395767781146,2.395573915173009,8278.380791015625,9420.968596191406,32.0,Fear,0,,,0
2019-12-10,7278.11962890625,18249031195,-1.658984648851669,2.3202679723334616,8259.06876953125,9417.422336425781,26.0,Fear,0,,,0
2019-12-11,7217.42724609375,16350490689,-0.8339019679128423,2.2685506378475586,8241.853251953125,9413.246752929688,20.0,Extreme Fear,0,,,0
2019-12-12,7243.13427734375,18927080224,0.3561799845493985,2.2633056183342983,8236.4225,9406.096345214844,23.0,Extreme Fear,0,,,0
2019-12-13,7269.6845703125,17125736940,0.3665580666065926,2.2685276115488366,8231.946416015626,9398.415876464844,22.0,Extreme Fear,0,,,0
2019-12-14,7124.673828125,17137029730,-1.994732244362929,2.2807317074807294,8201.225888671876,9390.439436035156,27.0,Fear,0,,,1
2019-12-15,7152.3017578125,16881129804,0.3877781685729609,2.2609818398450887,8159.372470703125,9382.903508300782,21.0,Extreme Fear,0,,,1
2019-12-16,6932.48046875,20213265950,-3.0734342104957735,2.294167673974246,8106.987783203125,9375.968547363282,24.0,Extreme Fear,0,,,0
2019-12-17,6640.51513671875,22363804217,-4.211556503438585,2.3744526095874945,8054.6751171875,9366.29861328125,23.0,Extreme Fear,0,,,0
2019-12-18,7276.802734375,31836522778,9.58190117115909,3.000152655263827,8011.657421875,9359.862543945312,15.0,Extreme Fear,0,,,0
2019-12-19,7202.84423828125,25904604416,-1.0163597776861044,2.998254556943583,7971.599775390625,9352.161975097657,21.0,Extreme Fear,0,,,0
2019-12-20,7218.81640625,22633815180,0.22174806840695727,2.9808582437804914,7931.984404296875,9347.21108154297,23.0,Extreme Fear,0,,,0
2019-12-21,7191.15869140625,19312552168,-0.3831336508268057,2.8585917088685044,7890.58548828125,9344.62802001953,23.0,Extreme Fear,0,,,1
2019-12-22,7511.5888671875,23134537956,4.45589076158448,2.8561586581757425,7854.32291015625,9343.064807128907,20.0,Extreme Fear,0,,,1
2019-12-23,7355.62841796875,27831788041,-2.0762644491902904,2.873759884679218,7816.728388671875,9340.73283203125,33.0,Fear,0,,,0
2019-12-24,7322.5322265625,22991622105,-0.4499437644974069,2.7326192573083192,7774.926787109375,9337.125737304688,25.0,Extreme Fear,0,,,0
2019-12-25,7275.15576171875,21559505149,-0.6469956481979233,2.726312089393035,7733.57935546875,9333.730876464844,22.0,Extreme Fear,0,,,0
2019-12-26,7238.966796875,22787010034,-0.4974321654276248,2.72273777624448,7691.14109375,9331.485324707031,39.0,Fear,0,,,0
2019-12-27,7290.08837890625,22777360996,0.7061999794407026,2.603241060533271,7651.591630859375,9327.934118652343,38.0,Fear,0,,,0
2019-12-28,7317.990234375,21365673026,0.3827368615925586,2.5996673756521225,7621.853818359375,9324.885498046875,37.0,Fear,0,,,1
2019-12-29,7422.65283203125,22445257702,1.4302095835631912,2.5029959055667654,7594.035234375,9321.269475097657,37.0,Fear,0,,,1
2019-12-30,7292.9951171875,22874131672,-1.7467840376992116,2.4830141679548823,7558.784609375,9316.57983154297,40.0,Fear,0,,,0
2019-12-31,7193.59912109375,21167946112,-1.3628967865274233,2.4709492626297864,7527.500830078125,9309.078662109376,38.0,Fear,0,,,0
2020-01-01,7200.17431640625,18565664997,0.09140341575637478,2.458796045742036,7495.19107421875,9300.887658691407,37.0,Fear,0,,,0
2020-01-02,6985.47021484375,20802083465,-2.9819292162590716,2.5172611019402567,7458.735224609375,9290.842568359374,39.0,Fear,0,,,0
2020-01-03,7344.88427734375,28111481032,5.145166344511276,2.6888699400687033,7431.471015625,9280.965227050781,38.0,Fear,0,,,0
2020-01-04,7410.65673828125,18444271275,0.8954866877941559,2.6478033198377586,7409.844306640625,9272.609697265625,38.0,Fear,0,,,1
2020-01-05,7411.3173828125,19725074095,0.008914790612779555,2.6362457802870356,7387.055439453125,9263.298676757813,39.0,Fear,0,,,1
2020-01-06,7769.21923828125,23276261598,4.829126010697582,2.7815466967187104,7370.8803125,9254.508972167969,41.0,Fear,0,,,0
2020-01-07,8163.6923828125,28767291327,5.077384643588934,2.924540671800115,7367.9684375,9244.604650878906,40.0,Fear,0,,,0
2020-01-08,8079.86279296875,31672559265,-1.0268587535248286,2.898927500121775,7365.442783203125,9231.4955078125,51.0,Neutral,0,,,0
2020-01-09,7879.0712890625,24045990466,-2.4850855645838776,2.9223260359332843,7362.47884765625,9216.614008789062,44.0,Fear,0,,,0
2020-01-10,8166.55419921875,28714583844,3.648690303834745,2.9761886078635498,7372.954931640625,9202.391267089844,41.0,Fear,0,,,0
2020-01-11,8037.53759765625,25521165085,-1.5798168776598898,2.999291359650491,7387.774130859375,9183.624370117188,50.0,Neutral,0,,,1
2020-01-12,8192.494140625,22903438381,1.9279106453440997,3.012391016197296,7403.668076171875,9159.50568359375,45.0,Fear,0,,,1
2020-01-13,8144.1943359375,22482910688,-0.5895616628883604,2.983988182487416,7425.593623046875,9144.312622070312,49.0,Neutral,0,,,0
2020-01-14,8827.7646484375,44841784107,8.393344808628168,3.3143236802498177,7459.226240234375,9126.41478515625,56.0,Greed,0,,,0
2020-01-15,8807.0107421875,40102834650,-0.2350980919464507,3.2409499035872975,7490.999033203125,9110.652983398437,54.0,Neutral,0,,,0
2020-01-16,8723.7861328125,31313981931,-0.9449813541879348,3.1175502041544534,7514.841484375,9100.186137695313,55.0,Greed,0,,,0
2020-01-17,8929.0380859375,36372139320,2.352785247141642,2.6762177392923685,7544.160126953125,9091.915654296876,54.0,Neutral,0,,,0
2020-01-18,8942.80859375,32337772627,0.15422162701026476,2.658531913803705,7567.79142578125,9082.62130859375,51.0,Neutral,0,,,1
2020-01-19,8706.2451171875,34217320471,-2.6452928527155417,2.7290387277579367,7590.52373046875,9066.346186523437,53.0,Neutral,0,,,1
2020-01-20,8657.642578125,26422375678,-0.5582491465413786,2.731536470918806,7615.190732421875,9053.557211914063,48.0,Neutral,0,,,0
2020-01-21,8745.89453125,24097418512,1.0193531591149663,2.6371018635981476,7643.668857421875,9042.394384765625,49.0,Neutral,0,,,0
2020-01-22,8680.8759765625,22600204051,-0.7434180055016837,2.602484297151133,7670.883466796875,9029.756010742187,52.0,Neutral,0,,,0
2020-01-23,8406.515625,25770680779,-3.160514587505292,2.68540778885386,7693.9730859375,9014.53435546875,49.0,Neutral,0,,,0
2020-01-24,8445.4345703125,24397913026,0.4629616722148233,2.676759794481396,7713.915625,8995.33173828125,40.0,Fear,0,,,0
2020-01-25,8367.84765625,19647331549,-0.918684685986848,2.6834442053163117,7730.332646484375,8974.3019140625,41.0,Fear,0,,,1
2020-01-26,8596.830078125,22177678796,2.7364554337216074,2.713777927433588,7751.1444921875,8956.503500976563,42.0,Fear,0,,,1
2020-01-27,8909.8193359375,28647338393,3.6407519395889265,2.769975451209419,7778.053974609375,8944.259287109375,50.0,Neutral,0,,,0
2020-01-28,9358.58984375,34398744403,5.036808165148732,2.8791218954949174,7817.207783203125,8931.9723046875,54.0,Neutral,0,,,0
2020-01-29,9316.6298828125,30682598115,-0.4483577295090302,2.848888529507724,7857.97798828125,8921.593559570312,57.0,Greed,0,,,0
2020-01-30,9508.9931640625,32378792851,2.064730312029206,2.8253837082788027,7903.809306640625,8917.858232421875,57.0,Greed,0,,,0
2020-01-31,9350.529296875,29432489719,-1.6664631518128026,2.8622689955928027,7945.95720703125,8910.1354296875,55.0,Greed,0,,,0
2020-02-01,9392.875,25922656496,0.45286958396197896,2.7682210513461447,7988.421015625,8909.711596679688,57.0,Greed,0,,,1
2020-02-02,9344.365234375,30835736946,-0.516452796667688,2.6690817580939994,8032.81484375,8907.964409179687,57.0,Greed,0,,,1
2020-02-03,9293.521484375,30934096509,-0.5441113304621492,2.680953858123859,8075.63923828125,8901.099604492187,59.0,Greed,0,,,0
2020-02-04,9180.962890625,29893183716,-1.2111511652417528,2.7024019598322337,8120.60888671875,8894.350756835938,56.0,Greed,0,,,0
2020-02-05,9613.423828125,35222060874,4.710409383547343,2.696303998273637,8180.067060546875,8888.582177734375,53.0,Neutral,0,,,0
2020-02-06,9729.8017578125,37628823716,1.2105773319493585,2.57169252610802,8229.127041015625,8884.235659179687,61.0,Greed,0,,,0
2020-02-07,9795.943359375,34522718159,0.6797836503646293,2.5528610982146094,8280.9890234375,8881.49984375,56.0,Greed,0,,,0
2020-02-08,9865.119140625,35172043762,0.7061676319697785,2.4821600918861395,8333.915078125,8881.3216015625,56.0,Greed,0,,,1
2020-02-09,10116.673828125,35807884663,2.549940694219166,2.4462365174698673,8392.425380859375,8882.845341796876,56.0,Greed,0,,,1
2020-02-10,9856.611328125,39386548075,-2.5706324471686526,2.4850808417407877,8439.325830078125,8882.569189453125,57.0,Greed,0,,,0
2020-02-11,10208.236328125,37648059389,3.5674025108068053,2.5303671734279236,8496.37798828125,8884.258852539062,52.0,Neutral,0,,,0
2020-02-12,10326.0546875,43444303830,1.1541499979814906,2.518148571530926,8556.4484375,8888.500737304688,61.0,Greed,0,,,0
2020-02-13,10214.3798828125,49356071373,-1.0814856987217514,2.094660319978047,8615.232919921875,8891.808334960937,65.0,Greed,0,,,0
2020-02-14,10312.1162109375,43338264162,0.9568503349817403,2.0913715792033467,8676.695908203124,8895.773188476562,63.0,Greed,0,,,0
2020-02-15,9889.4248046875,43865054831,-4.09897830477971,2.2428152892518325,8728.68263671875,8897.183193359375,64.0,Greed,0,,,1
2020-02-16,9934.43359375,43374780305,0.4551203932625647,2.2136685788031927,8781.01150390625,8896.427221679687,59.0,Greed,0,,,1
2020-02-17,9690.142578125,45998298413,-2.4590331529186438,2.273460925768086,8826.361298828126,8892.87958984375,49.0,Neutral,0,,,0
2020-02-18,10141.99609375,47271023953,4.66302236506857,2.3384153118820596,8883.341318359375,8890.998696289062,53.0,Neutral,0,,,0
2020-02-19,9633.38671875,46992019710,-5.014884351152826,2.5429632450568436,8932.1370703125,8885.056997070313,50.0,Neutral,0,,,0
2020-02-20,9608.4755859375,44925260237,-0.2585916411308786,2.542722240094257,8980.303095703124,8878.248452148437,44.0,Fear,0,,,0
2020-02-21,9686.44140625,40930547513,0.8114275736580634,2.5356045869231587,9034.32251953125,8867.652392578126,44.0,Fear,0,,,0
2020-02-22,9663.181640625,35838025154,-0.2401270461409255,2.448892381218044,9080.688466796875,8858.577456054687,43.0,Fear,0,,,1
2020-02-23,9924.515625,41185185761,2.704430011708836,2.481873196681532,9130.96564453125,8848.490190429688,46.0,Fear,0,,,1
2020-02-24,9650.1748046875,45080496648,-2.7642741538078885,2.542164109141963,9175.74279296875,8836.909028320313,46.0,Fear,0,,,0
2020-02-25,9341.705078125,42515259129,-3.1965195740564556,2.59305482869527,9207.192509765626,8824.30287109375,44.0,Fear,0,,,0
2020-02-26,8820.5224609375,50420050762,-5.579095174048332,2.7275352754529285,9220.329111328125,8811.635361328124,41.0,Fear,0,,,0
2020-02-27,8784.494140625,45470195695,-0.40846016176541156,2.5568012309624,9234.42173828125,8797.939936523437,39.0,Fear,0,,,0
2020-02-28,8672.455078125,44605450443,-1.2754184897438958,2.564253112442657,9250.2894140625,8784.389130859376,40.0,Fear,0,,,0
2020-02-29,8599.5087890625,35792392544,-0.8411261679117432,2.5301525624301884,9258.948505859375,8772.907524414062,38.0,Fear,0,,,1
2020-03-01,8562.4541015625,35349164300,-0.43089307085921735,2.517224332008042,9269.4468359375,8765.461274414063,39.0,Fear,0,,,1
2020-03-02,8869.669921875,42857674409,3.587941221856461,2.611258229247026,9282.9903515625,8758.25189453125,38.0,Fear,0,,,0
2020-03-03,8787.7861328125,42386715821,-0.9231886844013548,2.6142387952526254,9295.8621875,8750.319130859374,38.0,Fear,0,,,0
2020-03-04,8755.24609375,34746706368,-0.37028710724991143,2.6135766915045253,9294.41181640625,8742.936640625,40.0,Fear,0,,,0
2020-03-05,9078.7626953125,39698054597,3.695117168590434,2.6980320790731107,9299.84685546875,8736.601401367188,41.0,Fear,0,,,0
2020-03-06,9122.5458984375,40826885651,0.4822595830994203,2.549736619681422,9307.82205078125,8727.633862304687,39.0,Fear,0,,,0
2020-03-07,8909.9541015625,36216930370,-2.330399860322019,2.5668202932954145,9307.44037109375,8718.367470703124,38.0,Fear,0,,,1
2020-03-08,8108.1162109375,39973102121,-8.999349283790192,3.0138724508178685,9290.7465234375,8708.217802734374,33.0,Fear,0,,,1
2020-03-09,7923.64453125,46936995808,-2.275148442478603,3.0190245412805403,9275.09451171875,8697.180747070313,17.0,Extreme Fear,0,,,0
2020-03-10,7909.7294921875,42213940994,-0.17561412564156553,2.958789579729104,9260.13625,8684.6895703125,16.0,Extreme Fear,0,,,0
2020-03-11,7911.43017578125,38682762605,0.021501160000858555,2.9423124341148807,9243.446962890624,8673.446916503906,17.0,Extreme Fear,0,,,0
2020-03-12,4970.7880859375,53980357243,-37.169538560117076,7.212491227831888,9169.245205078125,8647.608269042968,14.0,Extreme Fear,0,,,0
2020-03-13,5563.70703125,74156772075,11.928067241286833,7.633255902856002,9112.389033203124,8623.572702636719,10.0,Extreme Fear,0,,,0
2020-03-14,5200.3662109375,36154506008,-6.530552710121185,7.68303854789125,9047.487666015624,8598.647033691406,8.0,Extreme Fear,0,,,1
2020-03-15,5392.31494140625,33997889639,3.6910617960911996,7.733752209980783,8987.97701171875,8576.836494140625,12.0,Extreme Fear,0,,,1
2020-03-16,5014.47998046875,45368026430,-7.006915676163484,7.781935271603529,8916.330009765625,8554.357893066406,9.0,Extreme Fear,0,,,0
2020-03-17,5225.62939453125,38622642935,4.210793838741411,7.8505964821424365,8842.6462109375,8532.495170898437,8.0,Extreme Fear,0,,,0
2020-03-18,5238.4384765625,37878801016,0.24512036855608432,7.857677528451295,8760.24318359375,8510.53404296875,11.0,Extreme Fear,0,,,0
2020-03-19,6191.19287109375,51000731797,18.187755736638024,8.586998789953347,8697.734443359375,8492.700153808593,12.0,Extreme Fear,0,,,0
2020-03-20,6198.7783203125,54442976103,0.1225199953657663,8.559634379291445,8631.530146484374,8471.960241699218,9.0,Extreme Fear,0,,,0
2020-03-21,6185.06640625,42494390880,-0.221203491300348,8.55975423070135,8568.220888671874,8449.767873535156,9.0,Extreme Fear,0,,,1
2020-03-22,5830.2548828125,40099664740,-5.7365838963178035,8.594462356545996,8496.968486328125,8425.946682128906,11.0,Extreme Fear,0,,,1
2020-03-23,6416.31494140625,46491916000,10.052048673231173,8.83826231284264,8438.40748046875,8405.150590820313,10.0,Extreme Fear,0,,,0
2020-03-24,6734.8037109375,48221910672,4.963733427047878,8.879653085681648,8387.233125,8387.058095703125,12.0,Extreme Fear,0,,,0
2020-03-25,6681.06298828125,44590107888,-0.7979552925792555,8.872174407136695,8337.235126953125,8367.877136230469,13.0,Extreme Fear,0,,,0
2020-03-26,6716.4404296875,35319797642,0.5295181540467819,8.863100508402747,8279.295458984376,8349.252956542969,14.0,Extreme Fear,0,,,0
2020-03-27,6469.79833984375,34585598367,-3.672214358569481,8.833283528096892,8214.095390625,8329.927075195312,12.0,Extreme Fear,0,,,0
2020-03-28,6242.19384765625,34885225901,-3.5179534234601295,8.849410766643501,8143.020400390625,8310.558166503906,8.0,Extreme Fear,0,,,1
2020-03-29,5922.04296875,28373690931,-5.128819878390301,8.886161785957311,8064.158876953125,8289.276520996094,12.0,Extreme Fear,0,,,1
2020-03-30,6429.841796875,37101651525,8.574723804008189,9.049934856733259,7990.422236328125,8269.375095214844,10.0,Extreme Fear,0,,,0
2020-03-31,6438.64453125,32786468812,0.13690436954885143,9.050677668468003,7922.062900390625,8249.765583496093,12.0,Extreme Fear,0,,,0
2020-04-01,6606.7763671875,40346426266,2.6112924097839496,9.03728413963573,7850.033701171875,8231.009221191407,12.0,Extreme Fear,0,,,0
2020-04-02,6793.62451171875,47660646124,2.828128789998541,9.05734940548457,7779.38509765625,8213.238779296875,14.0,Extreme Fear,0,,,0
2020-04-03,6733.38720703125,38976504903,-0.8866740365705117,9.05780446511518,7709.765244140625,8195.521745605469,14.0,Extreme Fear,0,,,0
2020-04-04,6867.52734375,33185988584,1.992164308903499,9.036530291327033,7640.873466796875,8178.653020019531,12.0,Extreme Fear,0,,,1
2020-04-05,6791.12939453125,29510409856,-1.1124520572645125,9.035472238384385,7578.90755859375,8161.617426757813,12.0,Extreme Fear,0,,,1
2020-04-06,7271.78125,46896904615,7.0776424294876294,9.133049546612849,7525.65451171875,8146.6442578125,12.0,Extreme Fear,0,,,0
2020-04-07,7176.41455078125,44243482668,-1.3114627068677276,8.984338161834172,7475.379951171875,8131.618122558593,20.0,Extreme Fear,0,,,0
2020-04-08,7334.0986328125,37563249549,2.197254365887824,8.981457040226665,7419.222001953125,8118.1900317382815,21.0,Extreme Fear,0,,,0
2020-04-09,7302.08935546875,34815139178,-0.43644459866604146,8.98196283191584,7372.5960546875,8104.348515625,22.0,Extreme Fear,0,,,0
2020-04-10,6865.4931640625,43622840992,-5.979058460566089,9.05248925382185,7317.73640625,8090.029360351563,15.0,Extreme Fear,0,,,0
2020-04-11,6859.0830078125,31222085946,-0.09336774645052337,5.721963878705015,7261.18923828125,8081.221943359375,15.0,Extreme Fear,0,,,1
2020-04-12,6971.091796875,35759567632,1.6329994685138294,5.355235219736054,7207.34744140625,8073.642436523438,10.0,Extreme Fear,0,,,1
2020-04-13,6845.03759765625,38619308647,-1.8082418492216368,5.1967327410516555,7145.757880859375,8067.272785644531,11.0,Extreme Fear,0,,,0
2020-04-14,6842.427734375,34110434052,-0.03812781513637953,5.175810620422979,7089.602939453125,8060.225695800781,15.0,Extreme Fear,0,,,0
2020-04-15,6642.10986328125,32288311031,-2.9275847531044064,5.011333901716068,7035.61103515625,8052.206669921875,18.0,Extreme Fear,0,,,0
2020-04-16,7116.80419921875,46783242377,7.146740203164859,5.102888949703272,7001.536669921875,8047.269763183594,13.0,Extreme Fear,0,,,0
2020-04-17,7096.1845703125,32513423567,-0.2897315751431484,5.107107715747926,6967.770478515625,8041.281345214844,15.0,Extreme Fear,0,,,0
2020-04-18,7257.6650390625,32447188386,2.275595669052466,3.976252061268811,6939.474677734375,8035.853288574219,18.0,Extreme Fear,0,,,1
2020-04-19,7189.4248046875,31311210215,-0.9402505352301915,3.9854327927154176,6911.272998046875,8029.835202636718,16.0,Extreme Fear,0,,,1
2020-04-20,6881.95849609375,37747113936,-4.276646838190478,4.080854789195588,6877.6630859375,8022.945034179687,15.0,Extreme Fear,0,,,0
2020-04-21,6880.3232421875,32589741511,-0.023761461322069355,3.912738942089515,6837.87615234375,8016.316953125,17.0,Extreme Fear,0,,,0
2020-04-22,7117.20751953125,33249153866,3.4429236680519004,3.531161871051268,6804.464580078125,8011.14548828125,19.0,Extreme Fear,0,,,0
2020-04-23,7429.724609375,43500782316,4.391007132869618,3.507135631601946,6777.954150390625,8008.353332519531,19.0,Extreme Fear,0,,,0
2020-04-24,7550.90087890625,34636526286,1.6309658285092787,3.506884507988878,6747.3969140625,8004.8797216796875,20.0,Extreme Fear,0,,,0
2020-04-25,7569.93603515625,32941541447,0.2520911948821203,3.5070811130105604,6716.344716796875,8001.585485839843,24.0,Extreme Fear,0,,,1
2020-04-26,7679.8671875,33070154491,1.4522071498782596,3.4227472506445573,6691.742978515625,7997.006120605469,21.0,Extreme Fear,0,,,1
2020-04-27,7795.60107421875,36162144725,1.5069777105927384,3.3346251928728514,6685.49267578125,7993.0517578125,28.0,Fear,0,,,0
2020-04-28,7807.05859375,33187959921,0.1469741643032707,3.145089203233323,6683.16095703125,7990.478266601563,26.0,Fear,0,,,0
2020-04-29,8801.0380859375,60201052203,12.731805202323422,3.5562864089022344,6700.98712890625,7992.800678710937,26.0,Fear,0,,,0
2020-04-30,8658.5537109375,66964629541,-1.6189496467202469,3.5871850346601977,6715.929599609375,7994.48841796875,44.0,Fear,0,,,0
2020-05-01,8864.7666015625,44068389997,2.3816089558295506,3.583986996769597,6793.809169921875,7996.938818359375,40.0,Fear,0,,,0
2020-05-02,8988.5966796875,40134388683,1.3968791699848548,3.56892415134729,6862.306962890625,8000.854956054687,40.0,Fear,0,,,1
2020-05-03,8897.46875,47101785174,-1.0138170944239966,3.5713129679588524,6936.249013671875,8005.104665527344,45.0,Fear,0,,,1
2020-05-04,8912.654296875,45718796276,0.17067266322232655,3.5692210035691847,7006.65580078125,8009.148381347656,44.0,Fear,0,,,0
2020-05-05,9003.0703125,43148462663,1.0144678859214995,3.5482701550684563,7086.427607421875,8014.2976953125,40.0,Fear,0,,,0
2020-05-06,9268.76171875,49371886931,2.9511199738283755,3.3806909746666562,7167.29025390625,8020.698701171875,42.0,Fear,0,,,0
2020-05-07,9951.5185546875,61112700562,7.366214135771076,3.554759851575702,7261.55185546875,8029.345903320313,49.0,Neutral,0,,,0
2020-05-08,9842.666015625,51780748042,-1.0938284289408906,3.5722178181334927,7334.581318359375,8037.340629882812,55.0,Greed,0,,,0
2020-05-09,9593.896484375,46566121841,-2.5274608612654736,3.622171754030054,7402.483681640625,8044.919096679688,56.0,Greed,0,,,1
2020-05-10,8756.4306640625,63325279337,-8.729152140388742,3.832911778748759,7453.910966796875,8051.127890625,48.0,Neutral,0,,,1
2020-05-11,8601.7958984375,57119858802,-1.7659566044374797,3.8596849102744883,7509.341787109375,8056.669426269531,40.0,Fear,0,,,0
2020-05-12,8804.4775390625,42142717533,2.3562712138033515,3.867138837625932,7557.1050390625,8057.3883129882815,39.0,Fear,0,,,0
2020-05-13,9269.9873046875,45558144023,5.287193516704303,3.9155020087649124,7607.8087109375,8057.513386230468,41.0,Fear,0,,,0
2020-05-14,9733.7216796875,56426907637,5.002535168149658,3.97321408694096,7668.861884765625,8058.423420410156,40.0,Fear,0,,,0
2020-05-15,9328.197265625,48158802327,-4.166180495059313,4.024298656995534,7721.097021484375,8058.783664550781,44.0,Fear,0,,,0
2020-05-16,9377.013671875,36164766408,0.5233209039209763,3.866249746477874,7779.241328125,8058.530295410156,41.0,Fear,0,,,1
2020-05-17,9670.7392578125,40084250663,3.132400103227817,3.8775201108186534,7847.812236328125,8060.855358886719,40.0,Fear,0,,,1
2020-05-18,9726.5751953125,41827139896,0.5773698991511145,3.8722879754212918,7923.902880859375,8063.490310058593,50.0,Neutral,0,,,0
2020-05-19,9729.0380859375,39254288955,0.025321252090737545,3.8591485771403673,7989.886806640625,8065.829978027344,50.0,Neutral,0,,,0
2020-05-20,9522.9814453125,36546239703,-2.117954918100662,3.7749528217811084,8051.573544921875,8066.821296386719,52.0,Neutral,0,,,0
2020-05-21,9081.76171875,39326160532,-4.633209978369557,3.915810921454759,8101.073251953125,8066.053332519531,49.0,Neutral,0,,,0
2020-05-22,9182.5771484375,29810773699,1.110086707949609,3.8887459148748102,8148.8523046875,8064.903156738281,42.0,Fear,0,,,0
2020-05-23,9209.287109375,27727866812,0.29087652089092586,3.8343909799249665,8198.370302734374,8064.236955566406,40.0,Fear,0,,,1
2020-05-24,8790.3681640625,32518803300,-4.548874851409979,3.9517479706985568,8236.827119140626,8061.384396972656,43.0,Fear,0,,,1
2020-05-25,8906.9345703125,31288157264,1.3260696716498988,3.953520162947174,8279.14322265625,8059.581262207032,41.0,Fear,0,,,0
2020-05-26,8835.052734375,29584186947,-0.8070322664891605,3.958592793659371,8310.40865234375,8059.732121582031,39.0,Fear,0,,,0
2020-05-27,9181.017578125,32740536902,3.9158209254817056,4.003010890606775,8350.500712890625,8061.569299316407,39.0,Fear,0,,,0
2020-05-28,9525.7509765625,34367073114,3.7548495632866885,4.042225741905451,8394.333759765625,8063.920422363281,41.0,Fear,0,,,0
2020-05-29,9439.1240234375,32896642044,-0.9093976247976698,3.3561397305276093,8437.074453125,8067.327102050781,48.0,Neutral,0,,,0
2020-05-30,9700.4140625,32722975141,2.768159825145977,3.365732111568704,8493.77287109375,8071.7508618164065,48.0,Neutral,0,,,1
2020-05-31,9461.05859375,27773290299,-2.4674768232348376,3.3853842318614475,8545.8123828125,8075.0148413085935,51.0,Neutral,0,,,1
2020-06-01,10167.2685546875,35198901068,7.464386293982206,3.6274339349012026,8609.73591796875,8082.310710449219,50.0,Neutral,0,,,0
2020-06-02,9529.8037109375,39137252109,-6.269774820259899,3.8234619937182517,8663.431240234375,8087.499768066406,56.0,Greed,0,,,0
2020-06-03,9656.7177734375,25007459262,1.3317594606312655,3.8279813117402246,8719.717041015625,8093.029553222656,48.0,Neutral,0,,,0
2020-06-04,9800.63671875,25921805072,1.4903505382374727,3.8318620907590324,8782.887578125,8099.142858886718,54.0,Neutral,0,,,0
2020-06-05,9665.533203125,23509628646,-1.3785177382049874,3.812179717338416,8833.862158203125,8105.924094238281,53.0,Neutral,0,,,0
2020-06-06,9653.6796875,20438419222,-0.12263695520872142,3.5645892863138395,8885.012060546875,8113.161765136719,54.0,Neutral,0,,,1
2020-06-07,9758.8525390625,25015250846,1.0894586827723485,3.564605825843255,8935.035810546875,8121.8196875,54.0,Neutral,0,,,1
2020-06-08,9771.4892578125,21486346312,0.1294898011771073,3.5316394117484973,8986.677099609375,8132.463383789062,53.0,Neutral,0,,,0
2020-06-09,9795.7001953125,23717842783,0.24777121338637187,3.1110972116075306,9044.95193359375,8144.958996582031,52.0,Neutral,0,,,0
2020-06-10,9870.0947265625,25706567601,0.7594610876882513,3.0839235244474716,9104.74736328125,8157.320485839844,54.0,Neutral,0,,,0
2020-06-11,9321.78125,30247143440,-5.555301055894358,3.2537873445848726,9148.838837890626,8168.689807128906,52.0,Neutral,0,,,0
2020-06-12,9480.84375,22610564515,1.7063530642279279,3.1254652552209805,9189.861220703126,8180.363356933593,38.0,Fear,0,,,0
2020-06-13,9475.27734375,17564322315,-0.05871213994007585,2.986462662297369,9228.34875,8191.647888183594,38.0,Fear,0,,,1
2020-06-14,9386.7880859375,18991732746,-0.9338962291258746,2.8894371829197483,9264.685791015625,8200.923510742188,40.0,Fear,0,,,1
2020-06-15,9450.7021484375,26699704768,0.6808938469139436,2.890448953297527,9300.102490234374,8210.86149169922,37.0,Fear,0,,,0
2020-06-16,9538.0244140625,21565537209,0.9239764861221245,2.837310322392678,9334.95095703125,8219.745395507813,39.0,Fear,0,,,0
2020-06-17,9480.2548828125,20177709879,-0.6056760681470541,2.8371295087110675,9368.4148828125,8229.298520507813,38.0,Fear,0,,,0
2020-06-18,9411.8408203125,17770083003,-0.7216479234543938,2.8397544826712053,9380.6309375,8239.23626220703,40.0,Fear,0,,,0
2020-06-19,9288.0185546875,19632223107,-1.3156009327927487,2.823546690620709,9393.220234375,8249.066413574219,39.0,Fear,0,,,0
2020-06-20,9332.3408203125,17130541557,0.47719828900030237,2.6880735839327667,9402.57171875,8259.127390136719,38.0,Fear,0,,,1
2020-06-21,9303.6298828125,15324301169,-0.30764990320015784,2.682628393199178,9408.8723828125,8269.385366210938,37.0,Fear,0,,,1
2020-06-22,9648.7177734375,21104009514,3.709174751916078,2.763341517925583,9423.89736328125,8280.387416992187,38.0,Fear,0,,,0
2020-06-23,9629.658203125,17006433272,-0.19753474772544743,2.6161736565822507,9438.23744140625,8290.800725097657,41.0,Fear,0,,,0
2020-06-24,9313.6103515625,18961716076,-3.282025643027875,2.6903546863557235,9444.4482421875,8299.587587890624,50.0,Neutral,0,,,0
2020-06-25,9264.8134765625,18616048626,-0.5239308190707503,2.6872538388816114,9444.36927734375,8308.08992919922,43.0,Fear,0,,,0
2020-06-26,9162.91796875,18341465837,-1.0998117562784016,2.6023543366875397,9428.597265625,8316.900021972657,40.0,Fear,0,,,0
2020-06-27,9045.390625,17273093144,-1.2826410118569775,2.5145012510707265,9412.6517578125,8325.736376953126,43.0,Fear,0,,,1
2020-06-28,9143.58203125,14560870760,1.0855408054862181,2.5198744699394413,9403.64546875,8335.367150878907,40.0,Fear,0,,,1
2020-06-29,9190.8544921875,16460547078,0.5170015512075743,2.465205506545222,9412.3339453125,8345.105751953124,41.0,Fear,0,,,0
2020-06-30,9137.9931640625,15735797744,-0.5751513982724221,2.4277978037837564,9423.057890625,8354.447294921874,44.0,Fear,0,,,0
2020-07-01,9228.3251953125,15971550355,0.988532488788163,1.979759542141296,9431.53484375,8364.965551757812,42.0,Fear,0,,,0
2020-07-02,9123.41015625,16338916796,-1.1368806022981404,1.63875411340388,9428.60330078125,8374.82109375,42.0,Fear,0,,,0
2020-07-03,9087.3037109375,13078970999,-0.395756024273064,1.6157346955293328,9415.67494140625,8385.595209960937,41.0,Fear,0,,,0
2020-07-04,9132.48828125,12290528515,0.4972274697731871,1.5900983503831223,9411.76076171875,8398.055075683595,40.0,Fear,0,,,1
2020-07-05,9073.9423828125,12903406143,-0.641072801130238,1.5772627766880911,9405.6993359375,8407.04077392578,38.0,Fear,0,,,1
2020-07-06,9375.474609375,17889263252,3.32305643833104,1.7033664484575246,9399.79404296875,8417.90392578125,40.0,Fear,0,,,0
2020-07-07,9252.27734375,13839652595,-1.314037643510968,1.7028291729810456,9390.3080859375,8428.07123046875,43.0,Fear,0,,,0
2020-07-08,9428.3330078125,19702359883,1.9028359994139876,1.7436373859323933,9384.293984375,8439.257102050782,44.0,Fear,0,,,0
2020-07-09,9277.9677734375,18000702524,-1.5948231171979632,1.763152422624052,9379.3937109375,8448.088996582032,44.0,Fear,0,,,0
2020-07-10,9278.8076171875,16860035605,0.009052022711308894,1.7548782981190503,9383.33462890625,8457.704892578126,41.0,Fear,0,,,0
2020-07-11,9240.3466796875,13249910444,-0.4145030168397623,1.4347733085345313,9384.49001953125,8467.29396484375,44.0,Fear,0,,,1
2020-07-12,9276.5,14452361907,0.3912550206798482,1.3998959837846132,9385.83427734375,8477.300686035156,41.0,Fear,0,,,1
2020-07-13,9243.6142578125,17519821266,-0.3545059255915528,1.4009046891026766,9394.89919921875,8487.323923339844,43.0,Fear,0,,,0
2020-07-14,9243.2138671875,18085038362,-0.004331537576462985,1.3914559640586324,9401.62478515625,8497.08955078125,43.0,Fear,0,,,0
2020-07-15,9192.8369140625,15844731575,-0.5450155524782674,1.3874877479941177,9408.78046875,8506.463784179687,44.0,Fear,0,,,0
2020-07-16,9132.2275390625,15713967523,-0.6593108913667822,1.377946447088513,9407.80466796875,8515.011657714844,43.0,Fear,0,,,0
2020-07-17,9151.392578125,13944570749,0.2098616025556055,1.3763986359491176,9400.3175,8524.30364501953,41.0,Fear,0,,,0
2020-07-18,9159.0400390625,12252601475,0.08356608977502233,1.371873576594199,9394.7158203125,8534.130849609375,44.0,Fear,0,,,1
2020-07-19,9185.8173828125,12939002784,0.2923597193133398,1.3532874873276062,9384.42388671875,8544.059064941406,41.0,Fear,0,,,1
2020-07-20,9164.2314453125,13755604146,-0.23499201650132306,1.3503617233716032,9378.48734375,8554.95287109375,44.0,Fear,0,,,0
2020-07-21,9374.8876953125,18069581956,2.298678850016933,1.4155999754778088,9362.6397265625,8565.102888183594,44.0,Fear,0,,,0
2020-07-22,9525.36328125,16532254884,1.6050921443329758,1.272143014049168,9362.55091796875,8575.676420898437,50.0,Neutral,0,,,0
2020-07-23,9581.072265625,18146399002,0.584848921034431,1.276709087130765,9361.0380078125,8586.5251953125,55.0,Greed,0,,,0
2020-07-24,9536.892578125,16552768325,-0.4611142289210002,1.1218216911630006,9355.763125,8595.363562011718,53.0,Neutral,0,,,0
2020-07-25,9677.11328125,16610070933,1.4702976045533722,1.1433704571463892,9355.9947265625,8602.930666503906,55.0,Greed,0,,,1
2020-07-26,9905.1669921875,20507998997,2.356629547567324,1.186273601415383,9361.02447265625,8612.0571875,55.0,Greed,0,,,1
2020-07-27,10990.873046875,35359749590,10.96100707382146,2.2574045503707216,9385.6648828125,8627.616196289062,58.0,Greed,0,,,0
2020-07-28,10912.8232421875,28766551142,-0.7101328925793737,2.269911094258056,9408.4915625,8641.347541503907,76.0,Extreme Greed,0,,,0
2020-07-29,11100.4677734375,24617249715,1.7194865809297744,2.2787209726506186,9434.5869140625,8656.662192382813,71.0,Greed,0,,,0
2020-07-30,11111.2138671875,22857247901,0.09680757576464583,2.2694953674520995,9459.409296875,8671.255791015625,76.0,Extreme Greed,0,,,0
2020-07-31,11323.466796875,23160469766,1.9102587010254801,2.2800662052156193,9499.4430078125,8687.152153320312,75.0,Greed,0,,,0
2020-08-01,11759.5927734375,26075670303,3.851523428168302,2.322373146139324,9545.01798828125,8701.811293945313,75.0,Greed,0,,,1
2020-08-02,11053.6142578125,27410067336,-6.0034265575901635,2.633032456333506,9576.5847265625,8713.044311523438,80.0,Extreme Greed,0,,,1
2020-08-03,11246.3486328125,20271713443,1.7436321777176023,2.639750731304433,9613.7759375,8725.657124023437,75.0,Greed,0,,,0
2020-08-04,11205.892578125,21250197042,-0.359726129861071,2.6352109409556217,9648.87974609375,8737.041396484376,72.0,Greed,0,,,0
2020-08-05,11747.0224609375,24411254471,4.828976175167332,2.699695397103955,9693.05970703125,8751.062465820312,75.0,Greed,0,,,0
2020-08-06,11779.7734375,23400740340,0.2788023660583505,2.6724410914976406,9739.050078125,8766.430107421875,79.0,Extreme Greed,0,,,0
2020-08-07,11601.47265625,23132312867,-1.513618086086388,2.698334211108929,9782.84271484375,8781.1492578125,77.0,Extreme Greed,0,,,0
2020-08-08,11754.0458984375,17572057837,1.3151196120374076,2.664044202783708,9832.16326171875,8796.190014648437,77.0,Extreme Greed,0,,,1
2020-08-09,11675.7392578125,17489608833,-0.6662100973708895,2.674008982005621,9879.03123046875,8811.164331054688,79.0,Extreme Greed,0,,,1
2020-08-10,11878.111328125,26114112569,1.7332698670629254,2.669052501514671,9930.520859375,8828.522309570313,78.0,Extreme Greed,0,,,0
2020-08-11,11410.525390625,27039782640,-3.9365343915648388,2.8093133696832395,9965.75701171875,8843.347763671874,84.0,Extreme Greed,0,,,0
2020-08-12,11584.9345703125,25064548486,1.5284938573538076,2.8052865645536627,10004.8625390625,8859.433198242188,75.0,Greed,0,,,0
2020-08-13,11784.1376953125,27522199497,1.7195015111304723,2.806057284461134,10054.2730859375,8875.369736328124,75.0,Greed,0,,,0
2020-08-14,11768.87109375,24237958589,-0.12955213149429268,2.799953934811969,10104.35423828125,8889.664995117188,78.0,Extreme Greed,0,,,0
2020-08-15,11865.6982421875,23354924400,0.8227394765919493,2.785189663547823,10158.40984375,8902.200537109375,79.0,Extreme Greed,0,,,1
2020-08-16,11892.8037109375,20583375490,0.22843551383793237,2.7850299870514785,10215.35810546875,8915.08140625,82.0,Extreme Greed,0,,,1
2020-08-17,12254.40234375,28227687027,3.040482644811049,2.8068719302820737,10277.57451171875,8928.808452148438,83.0,Extreme Greed,0,,,0
2020-08-18,11991.2333984375,26043227672,-2.1475461465219614,2.863236619109829,10333.58208984375,8942.01197265625,82.0,Extreme Greed,0,,,0
2020-08-19,11758.283203125,24502851117,-1.9426708460436926,2.9039032916706917,10385.987890625,8953.839013671875,80.0,Extreme Greed,0,,,0
2020-08-20,11878.3720703125,20175242945,1.021312934149976,2.891634071318544,10438.988828125,8966.509047851563,75.0,Greed,0,,,0
2020-08-21,11592.4892578125,23762425999,-2.406750780391065,2.9468658097350082,10488.37041015625,8978.00388671875,81.0,Extreme Greed,0,,,0
2020-08-22,11681.8251953125,20224191306,0.7706363621583279,2.9468154482119355,10540.26083984375,8990.508198242187,78.0,Extreme Greed,0,,,1
2020-08-23,11664.84765625,18482062658,-0.14533293195752028,2.9430717349344055,10590.90802734375,9000.765317382813,76.0,Extreme Greed,0,,,1
2020-08-24,11774.595703125,20681511755,0.9408442365399949,2.9399692452587,10644.92109375,9010.989287109374,78.0,Extreme Greed,0,,,0
2020-08-25,11366.134765625,26301509932,-3.4690018052305094,3.0179218422952157,10684.734296875,9018.840244140625,75.0,Greed,0,,,0
2020-08-26,11488.36328125,22466660958,1.0753745063331488,2.2880638267734024,10729.456015625,9026.95646484375,76.0,Extreme Greed,0,,,0
2020-08-27,11323.3974609375,23240415076,-1.435938403704018,2.3015234597441125,10767.3573046875,9032.990083007813,75.0,Greed,0,,,0
2020-08-28,11542.5,19807127588,1.934954061432026,2.3069233271108573,10812.64794921875,9041.419526367188,74.0,Greed,0,,,0
2020-08-29,11506.865234375,17485597759,-0.3087265811132722,2.308470745500183,10857.2091015625,9047.912670898437,79.0,Extreme Greed,0,,,1
2020-08-30,11711.505859375,19760127945,1.7784220187846422,2.305112810136358,10906.63228515625,9054.839926757813,75.0,Greed,0,,,1
2020-08-31,11680.8203125,22285928250,-0.26201196706430174,2.1963965320466943,10954.71869140625,9062.17212890625,75.0,Greed,0,,,0
2020-09-01,11970.478515625,27311555343,2.4797762089964426,1.9261423729318443,11009.2559765625,9070.463940429687,75.0,Greed,0,,,0
2020-09-02,11414.0341796875,28037405299,-4.648471948812871,2.1043983707924023,11052.6723828125,9078.086987304687,83.0,Extreme Greed,0,,,0
2020-09-03,10245.296875,31927261555,-10.23947612464131,2.82409439822519,11073.72158203125,9079.641303710938,79.0,Extreme Greed,0,,,0
2020-09-04,10511.8134765625,29965130374,2.601355576262887,2.7128097195025087,11101.31330078125,9083.749658203125,40.0,Fear,0,,,0
2020-09-05,10169.5673828125,44916565292,-3.255823502891142,2.7616506337037316,11121.676796875,9083.887514648437,41.0,Fear,0,,,1
2020-09-06,10280.3515625,37071460174,1.0893696409813414,2.767983065830172,11144.10302734375,9087.122338867188,41.0,Fear,0,,,1
2020-09-07,10369.5634765625,33703098409,0.867790498409815,2.759819787430843,11167.77794921875,9090.927778320312,41.0,Fear,0,,,0
2020-09-08,10131.5166015625,33430927462,-2.2956306264775628,2.781620600219145,11187.12365234375,9093.153154296875,41.0,Fear,0,,,0
2020-09-09,10242.34765625,24128292755,1.0939236349907233,2.766861141466762,11204.4728515625,9096.048984375,38.0,Fear,0,,,0
2020-09-10,10363.138671875,54406443211,1.1793293850096198,2.701728968984982,11221.228359375,9098.242099609375,38.0,Fear,0,,,0
2020-09-11,10400.9150390625,45201121775,0.36452631180188266,2.6830989909097536,11237.62521484375,9101.99580078125,41.0,Fear,0,,,0
2020-09-12,10442.1708984375,36750077324,0.3966560559340859,2.6591442208528795,11255.73078125,9107.498129882813,41.0,Fear,0,,,1
2020-09-13,10323.755859375,36506852789,-1.1340078630605377,2.6623769682835765,11268.6636328125,9115.014296875,38.0,Fear,0,,,1
2020-09-14,10680.837890625,35453581940,3.45883839286778,2.746308808861435,11284.17705078125,9124.496015625,39.0,Fear,0,,,0
2020-09-15,10796.951171875,32509451925,1.0871177190313608,2.7565944009606786,11280.29861328125,9135.11849609375,47.0,Neutral,0,,,0
2020-09-16,10974.9052734375,30769986455,1.648188444401355,2.71002598546698,11281.54025390625,9146.995478515624,43.0,Fear,0,,,0
2020-09-17,10948.990234375,38151810523,-0.23612995663134795,2.6882048694807392,11278.510703125,9158.928159179688,48.0,Neutral,0,,,0
2020-09-18,10944.5859375,26341903912,-0.040225598714782596,2.669673160248998,11275.17814453125,9169.302739257813,49.0,Neutral,0,,,0
2020-09-19,11094.3466796875,22764204008,1.3683545731443925,2.6759056899825344,11270.5957421875,9180.835541992188,48.0,Neutral,0,,,1
2020-09-20,10938.271484375,24699523788,-1.4067993350005525,2.6534931931258714,11254.16931640625,9191.750668945313,52.0,Neutral,0,,,1
2020-09-21,10462.259765625,28884999244,-4.351800185522626,2.754557247820143,11242.3422265625,9198.668154296874,48.0,Neutral,0,,,0
2020-09-22,10538.4599609375,23621787804,0.7283340025915352,2.761174442007296,11228.184453125,9205.747724609375,39.0,Fear,0,,,0
2020-09-23,10246.1865234375,23788661867,-2.773397997272453,2.7867843961811283,11208.99033203125,9212.42888671875,43.0,Fear,0,,,0
2020-09-24,10760.06640625,47144380902,5.015328206616498,2.895449664503145,11189.2512109375,9225.688637695312,39.0,Fear,0,,,0
2020-09-25,10692.716796875,39348590957,-0.6259218747560857,2.887460281069612,11167.510078125,9239.533999023437,46.0,Fear,0,,,0
2020-09-26,10750.7236328125,46852525493,0.5424892199001441,2.880782809945093,11150.49509765625,9253.738969726563,45.0,Fear,0,,,1
2020-09-27,10775.26953125,53745972818,0.22831856976197606,2.855307700683525,11130.9195703125,9268.058166503906,47.0,Neutral,0,,,1
2020-09-28,10709.65234375,47762394731,-0.6089609852421796,2.856270187841458,11111.59783203125,9296.752487792968,43.0,Fear,0,,,0
2020-09-29,10844.640625,46582396602,1.2604356977915954,2.8454536349158532,11090.92841796875,9323.157155761719,45.0,Fear,0,,,0
2020-09-30,10784.4912109375,44171073700,-0.554646448346463,2.846119675024763,11078.407734375,9351.07778076172,49.0,Neutral,0,,,0
2020-10-01,10619.4521484375,40023134100,-1.530337030017881,2.808611094598566,11059.0980859375,9377.213466796875,45.0,Fear,0,,,0
2020-10-02,10575.974609375,48661453918,-0.409414143543152,2.689474612199093,11034.93482421875,9405.020939941407,41.0,Fear,0,,,0
2020-10-03,10549.3291015625,44660271563,-0.25194375739971964,1.911903688129021,11010.543984375,9431.639438476563,40.0,Fear,0,,,1
2020-10-04,10669.5830078125,71251776995,1.1399199427022166,1.8644007760811183,10986.6216796875,9458.795161132812,42.0,Fear,0,,,1
2020-10-05,10793.33984375,47537578009,1.159903211277169,1.7647095018823025,10964.63240234375,9481.805895996094,42.0,Fear,0,,,0
2020-10-06,10604.40625,42623695307,-1.7504646058134066,1.7920692036504973,10931.63248046875,9503.834035644531,47.0,Neutral,0,,,0
2020-10-07,10668.96875,37799458436,0.6088271090142428,1.7889589822346212,10905.1871875,9526.253547363282,43.0,Fear,0,,,0
2020-10-08,10915.685546875,63314794397,2.3124708925124526,1.7730115756219191,10888.335234375,9551.680700683593,46.0,Fear,0,,,0
2020-10-09,11064.4580078125,22799117613,1.3629236597062944,1.7780267911019856,10872.056953125,9574.921416015624,48.0,Neutral,0,,,0
2020-10-10,11296.361328125,22877978588,2.095930231275278,1.801855010411805,10866.13439453125,9597.729204101563,53.0,Neutral,0,,,1
2020-10-11,11384.181640625,19968627060,0.7774212416643334,1.8039130903624536,10860.1815234375,9621.24479736328,55.0,Greed,0,,,1
2020-10-12,11555.36328125,26163972642,1.503679807902314,1.8168695874777308,10857.9918359375,9645.439411621093,52.0,Neutral,0,,,0
2020-10-13,11425.8994140625,24241420251,-1.1203790312466544,1.8164863178846946,10851.01791015625,9670.219916992188,56.0,Greed,0,,,0
2020-10-14,11429.5068359375,24103426719,0.03157232305546209,1.7197191020444875,10852.2853515625,9696.156481933594,53.0,Neutral,0,,,0
2020-10-15,11495.349609375,24487233058,0.5760771167350187,1.7135623473719421,10852.425078125,9724.02301513672,56.0,Greed,0,,,0
2020-10-16,11322.123046875,25635480772,-1.506927308750361,1.7199067172183669,10852.39958984375,9748.484421386718,52.0,Neutral,0,,,0
2020-10-17,11358.1015625,19130430174,0.31777181254826203,1.718945115145362,10848.71162109375,9773.08170654297,56.0,Greed,0,,,1
2020-10-18,11483.359375,18283314340,1.1028058853915557,1.727536532694287,10848.24150390625,9797.464621582032,55.0,Greed,0,,,1
2020-10-19,11742.037109375,23860769928,2.252631185070797,1.7559159115504994,10848.85212890625,9822.206684570312,55.0,Greed,0,,,0
2020-10-20,11916.3349609375,30915821592,1.4843919324981414,1.7437469466418352,10853.562421875,9848.121423339844,56.0,Greed,0,,,0
2020-10-21,12823.689453125,43414712626,7.614375520341321,1.9935518645844024,10870.626640625,9877.902233886718,61.0,Greed,0,,,0
2020-10-22,12965.8916015625,34729759598,1.1089019970212055,1.9949524083183519,10901.6637890625,9908.776044921875,73.0,Greed,0,,,0
2020-10-23,12931.5390625,28974975003,-0.26494544392426933,1.8938308597176663,10955.3886328125,9937.074833984376,74.0,Greed,0,,,0
2020-10-24,13108.0625,24542317940,1.36506131750318,1.722931811476543,11007.31361328125,9966.73307373047,73.0,Greed,0,,,1
2020-10-25,13031.173828125,24406920575,-0.586575413986623,1.7219227776113188,11064.5457421875,9995.218449707032,76.0,Extreme Greed,0,,,1
2020-10-26,13075.248046875,29461458313,0.3382214014740148,1.722869973897741,11120.443671875,10024.084243164063,75.0,Greed,0,,,0
2020-10-27,13654.21875,33749878156,4.427990207523247,1.8516690821229707,11186.13677734375,10058.02787109375,61.0,Greed,0,,,0
2020-10-28,13271.28515625,35867318895,-2.804507535445777,1.9503834441437473,11248.9321484375,10090.088881835938,70.0,Greed,0,,,0
2020-10-29,13437.8828125,56499499598,1.2553242153156674,1.9503362163650388,11312.8428515625,10122.422836914062,67.0,Greed,0,,,0
2020-10-30,13546.5224609375,30581485201,0.808458072996765,1.935068845107575,11376.51052734375,10155.93026123047,74.0,Greed,0,,,0
2020-10-31,13780.9951171875,30306464719,1.730869726353168,1.89188890578592,11444.11212890625,10190.623098144531,73.0,Greed,0,,,1
2020-11-01,13737.109375,24453857900,-0.3184511845067406,1.8898073765565997,11510.0108984375,10226.098095703124,72.0,Greed,0,,,1
2020-11-02,13550.4892578125,30771455468,-1.3585108198026608,1.9234128892165778,11574.54556640625,10258.266520996094,71.0,Greed,0,,,0
2020-11-03,13950.30078125,29869951617,2.950532012761009,1.960691401861577,11639.93482421875,10292.537102050781,71.0,Greed,0,,,0
2020-11-04,14133.70703125,35116364962,1.3147117963686394,1.961559404077341,11706.66994140625,10326.91731201172,74.0,Greed,0,,,0
2020-11-05,15579.8486328125,40856321439,10.231863433740651,2.5349500110725343,11798.76880859375,10368.869431152343,72.0,Greed,0,,,0
2020-11-06,15565.880859375,39837841971,-0.08965281862933772,2.544899223898449,11891.10662109375,10412.28904296875,90.0,Extreme Greed,0,,,0
2020-11-07,14833.75390625,35024953706,-4.70340843373509,2.7615194825965426,11968.88998046875,10452.056196289062,88.0,Extreme Greed,0,,,1
2020-11-08,15479.5673828125,26632075029,4.353675277640923,2.82594211196031,12056.59439453125,10493.86799560547,82.0,Extreme Greed,0,,,1
2020-11-09,15332.3154296875,34149115566,-0.9512665921690977,2.8459441488051658,12144.4752734375,10533.38094970703,90.0,Extreme Greed,0,,,0
2020-11-10,15290.90234375,25574938143,-0.2701032738819942,2.855956901206654,12241.048125,10572.08095703125,90.0,Extreme Greed,0,,,0
2020-11-11,15701.33984375,29772374934,2.684194109497806,2.8708527159594643,12344.30572265625,10612.737976074219,86.0,Extreme Greed,0,,,0
2020-11-12,16276.34375,34175758344,3.6621327349900312,2.878044064514364,12464.9088671875,10655.72035888672,87.0,Extreme Greed,0,,,0
2020-11-13,16317.80859375,31599492172,0.2547552717421464,2.8751391511429407,12576.0637109375,10698.331396484375,89.0,Extreme Greed,0,,,0
2020-11-14,16068.138671875,27481710135,-1.5300456580341737,2.9171313008088737,12683.5721484375,10739.636796875,90.0,Extreme Greed,0,,,1
2020-11-15,15955.587890625,23653867583,-0.7004593596581565,2.895318043135972,12787.66943359375,10775.409545898438,86.0,Extreme Greed,0,,,1
2020-11-16,16716.111328125,31526766675,4.766502135260464,2.9622901270870736,12906.48626953125,10815.697333984375,90.0,Extreme Greed,0,,,0
2020-11-17,17645.40625,39006849170,5.559276937282975,3.0602271004691604,13045.20134765625,10859.600532226563,86.0,Extreme Greed,0,,,0
2020-11-18,17804.005859375,49064800278,0.8988152900985202,3.058516725473724,13184.38865234375,10903.677578125,91.0,Extreme Greed,0,,,0
2020-11-19,17817.08984375,36985055355,0.07348899162549216,3.068658366212346,13325.040625,10948.27568359375,94.0,Extreme Greed,0,,,0
2020-11-20,18621.314453125,36992873940,4.513782084660201,2.8994828702510382,13485.07787109375,10996.818984375,86.0,Extreme Greed,0,,,0
2020-11-21,18642.232421875,39650210707,0.11233347035009,2.907335515463196,13646.40302734375,11045.014794921875,91.0,Extreme Greed,0,,,1
2020-11-22,18370.001953125,41280434226,-1.4602889964538845,2.936959653162186,13802.816484375,11090.52099609375,94.0,Extreme Greed,0,,,1
2020-11-23,18364.12109375,42741112308,-0.0320133845930215,2.9456046930009068,13956.70724609375,11132.584008789063,90.0,Extreme Greed,0,,,0
2020-11-24,19107.46484375,51469565009,4.0478046632625775,2.971656528387222,14122.98974609375,11178.908002929687,88.0,Extreme Greed,0,,,0
2020-11-25,18732.12109375,43710357371,-1.964382784787766,3.0272530347392395,14285.54404296875,11224.599125976563,94.0,Extreme Greed,0,,,0
2020-11-26,17150.623046875,61396835737,-8.442706722639482,3.4444322555641054,14415.17712890625,11266.570087890625,93.0,Extreme Greed,0,,,0
2020-11-27,17108.40234375,38886494645,-0.24617591448197196,3.3827250901920816,14539.03146484375,11309.103120117188,86.0,Extreme Greed,0,,,0
2020-11-28,17717.4140625,32601040734,3.5597229157547927,3.416944078998214,14672.0905859375,11353.667802734375,87.0,Extreme Greed,0,,,1
2020-11-29,18177.484375,31133957704,2.596712538731971,3.4293903402121133,14809.713046875,11398.205288085937,89.0,Extreme Greed,0,,,1
2020-11-30,19625.8359375,47728480399,7.967832801396635,3.654301013451971,14974.5461328125,11447.665859375,88.0,Extreme Greed,0,,,0
2020-12-01,18802.998046875,49633658712,-4.192625951044282,3.7779779260391324,15119.498828125,11495.03986328125,95.0,Extreme Greed,0,,,0
2020-12-02,19201.091796875,37387697139,2.1171823185194727,3.7525511744793074,15275.00267578125,11544.16025390625,92.0,Extreme Greed,0,,,0
2020-12-03,19445.3984375,31930317405,1.2723580680175761,3.7385947958469044,15435.3205078125,11593.033549804688,92.0,Extreme Greed,0,,,0
2020-12-04,18699.765625,33872388058,-3.8344949058079725,3.8487804585952303,15579.408828125,11637.899501953125,92.0,Extreme Greed,0,,,0
2020-12-05,19154.23046875,27242455064,2.4303237423597412,3.446649891731366,15736.0509765625,11685.025463867187,93.0,Extreme Greed,0,,,1
2020-12-06,19345.12109375,25293775714,0.9965977245154134,3.4432458383024085,15895.7913671875,11734.136162109375,95.0,Extreme Greed,0,,,1
2020-12-07,19191.630859375,26896357742,-0.7934312410408761,3.2993430268261004,16049.956796875,11784.6855078125,94.0,Extreme Greed,0,,,0
2020-12-08,18321.14453125,31692288756,-4.53576006387062,3.3781049485439696,16181.5389453125,11830.378344726563,95.0,Extreme Greed,0,,,0
2020-12-09,18553.916015625,34420373071,1.2705073309037251,3.3668354752212326,16314.29056640625,11877.101489257813,86.0,Extreme Greed,0,,,0
2020-12-10,18264.9921875,25547132265,-1.5572121156616547,3.3876643198835716,16423.11662109375,11924.474609375,94.0,Extreme Greed,0,,,0
2020-12-11,18058.904296875,27919640985,-1.1283218109780502,3.380218569972893,16524.976875,11970.234458007813,89.0,Extreme Greed,0,,,0
2020-12-12,18803.65625,21752580802,4.1240151721379625,3.3960257425256035,16642.41921875,12020.077475585938,90.0,Extreme Greed,0,,,1
2020-12-13,19142.3828125,25450468637,1.8013866983980886,3.403307190951218,16763.105625,12069.884301757813,91.0,Extreme Greed,0,,,1
2020-12-14,19246.64453125,22473997681,0.5446642655266398,3.3797457529115342,16887.4150390625,12118.48876953125,95.0,Extreme Greed,0,,,0
2020-12-15,19417.076171875,26741982541,0.8855135259981495,3.3701405732308545,17014.2516015625,12168.378530273438,91.0,Extreme Greed,0,,,0
2020-12-16,21310.59765625,44409011479,9.751836309514527,3.6851595860461086,17167.3791796875,12226.429448242188,92.0,Extreme Greed,0,,,0
2020-12-17,22805.162109375,71378606374,7.013245133867341,3.757697211222595,17358.05671875,12293.149965820312,92.0,Extreme Greed,0,,,0
2020-12-18,23137.9609375,40387896275,1.459313582288413,3.758948742738731,17552.05828125,12358.003427734375,95.0,Extreme Greed,0,,,0
2020-12-19,23869.83203125,38487546580,3.1630751548372027,3.7765294520524746,17758.52447265625,12429.703569335938,93.0,Extreme Greed,0,,,1
2020-12-20,23477.294921875,37844228422,-1.644490454985592,3.748917579650841,17952.45046875,12498.806455078126,92.0,Extreme Greed,0,,,1
2020-12-21,22803.08203125,45852713981,-2.871765647910318,3.8080875899233027,18133.769921875,12563.818681640625,92.0,Extreme Greed,0,,,0
2020-12-22,23783.029296875,44171632681,4.2974334095805755,3.838173226657256,18338.42072265625,12634.406162109375,88.0,Extreme Greed,0,,,0
2020-12-23,23241.345703125,51146161904,-2.2776055438033516,3.8793626728951787,18524.24162109375,12702.3444921875,93.0,Extreme Greed,0,,,0
2020-12-24,23735.94921875,41080759713,2.128119094061298,3.8406120464887294,18716.28646484375,12772.229975585937,86.0,Extreme Greed,0,,,0
2020-12-25,24664.791015625,42068395846,3.913227940938091,3.8448367580790688,18897.9853125,12846.696484375,94.0,Extreme Greed,0,,,0
2020-12-26,26437.037109375,48332647295,7.185327832809496,3.5714090982539406,19115.4084375,12929.903168945313,93.0,Extreme Greed,0,,,1
2020-12-27,26272.294921875,66479895605,-0.6231492085078671,3.5784690701801,19344.1792578125,13011.914169921874,91.0,Extreme Greed,0,,,1
2020-12-28,27084.80859375,49056742893,3.092663485588698,3.5702083445698007,19576.28408203125,13100.729306640626,92.0,Extreme Greed,0,,,0
2020-12-29,27362.4375,45265946774,1.0250355112868093,3.564861193104358,19816.8865234375,13190.137275390625,91.0,Extreme Greed,0,,,0
2020-12-30,28840.953125,51287442704,5.4034499850387885,3.4309870067380803,20087.8875390625,13286.965654296875,91.0,Extreme Greed,0,,,0
2020-12-31,29001.720703125,46754964848,0.5574281038085438,3.27245725562971,20353.89515625,13385.040317382813,95.0,Extreme Greed,0,,,0
2021-01-01,29374.15234375,40730301359,1.2841708408869223,3.2706221125964228,20615.851328125,13484.657568359375,94.0,Extreme Greed,0,,,0
2021-01-02,32127.267578125,67865420765,9.372577639540935,3.573419982121208,20932.0405078125,13597.603784179688,94.0,Extreme Greed,0,,,1
2021-01-03,32782.0234375,78665235202,2.0380066800975483,3.4143882493017887,21266.318203125,13714.112626953125,93.0,Extreme Greed,0,,,1
2021-01-04,31971.9140625,81163475344,-2.471200036033472,3.5063267982020307,21586.6447265625,13826.912993164062,94.0,Extreme Greed,0,,,0
2021-01-05,33992.4296875,67547324782,6.319658000613337,3.5987743316933773,21932.17109375,13950.435048828125,93.0,Extreme Greed,0,,,0
2021-01-06,36824.36328125,75289433811,8.331071417326141,3.7410216257798496,22315.750234375,14087.895161132812,95.0,Extreme Greed,0,,,0
2021-01-07,39371.04296875,84762141031,6.91574669750421,3.605286166891854,22747.0909765625,14238.2322265625,91.0,Extreme Greed,0,,,0
2021-01-08,40797.609375,88107519480,3.62338992996023,3.599977497854192,23206.7013671875,14393.976684570312,93.0,Extreme Greed,0,,,0
2021-01-09,40254.546875,61984162837,-1.3311135341493308,3.590935530835187,23639.366015625,14547.101127929687,93.0,Extreme Greed,0,,,1
2021-01-10,38356.44140625,79980747690,-4.715257321474942,3.7786237518657466,24033.6501953125,14692.315283203125,94.0,Extreme Greed,0,,,1
2021-01-11,35566.65625,123320567399,-7.273315912449108,4.173464761734912,24377.58328125,14823.824497070313,90.0,Extreme Greed,0,,,0
2021-01-12,33922.9609375,74773277909,-4.621450217153877,4.356918142098624,24688.760078125,14947.624711914063,84.0,Extreme Greed,0,,,0
2021-01-13,37316.359375,69364315979,10.003249550509551,4.583144797758726,25052.93796875,15088.979555664062,78.0,Extreme Greed,0,,,0
2021-01-14,39187.328125,63615990033,5.0138030111625875,4.600187498259347,25462.042109375,15239.198286132812,83.0,Extreme Greed,0,,,0
2021-01-15,36825.3671875,67760757881,-6.027358971670127,4.640641654632978,25855.5369921875,15377.370849609375,88.0,Extreme Greed,0,,,0
2021-01-16,36178.140625,57706187875,-1.7575563040677422,4.586147311148478,26236.9317578125,15512.571586914062,84.0,Extreme Greed,0,,,1
2021-01-17,35791.27734375,52359854336,-1.0693288117263444,4.612939169699109,26598.4090234375,15645.38634765625,79.0,Extreme Greed,0,,,1
2021-01-18,36630.07421875,49511702429,2.3435790428599335,4.605576941493961,26967.4608203125,15782.91966796875,79.0,Extreme Greed,0,,,0
2021-01-19,36069.8046875,57244195486,-1.5295342507474663,4.602884117441346,27296.3401953125,15917.832172851562,80.0,Extreme Greed,0,,,0
2021-01-20,35547.75,66834573161,-1.4473454791977813,4.562950941524941,27631.235234375,16049.908481445313,78.0,Extreme Greed,0,,,0
2021-01-21,30825.69921875,75643067688,-13.283684006020069,5.276468814244559,27863.7273828125,16158.667265625,75.0,Greed,0,,,0
2021-01-22,33005.76171875,77207272511,7.072224005462169,5.3515430516428335,28134.9346484375,16276.818701171875,40.0,Fear,0,,,0
2021-01-23,32067.642578125,48354737975,-2.842289017956734,5.402225603657038,28402.2921875,16390.89552734375,74.0,Greed,0,,,1
2021-01-24,32289.37890625,48643830599,0.6914643868341619,5.37736787373789,28664.99515625,16505.200756835937,70.0,Greed,0,,,1
2021-01-25,32366.392578125,59897054838,0.23851084933719235,5.251838317110163,28925.4205859375,16620.642880859374,74.0,Greed,0,,,0
2021-01-26,32569.849609375,60255421470,0.6286058316783416,5.245018431243799,29192.9849609375,16737.098090820313,71.0,Greed,0,,,0
2021-01-27,30432.546875,62576762015,-6.562212475675022,5.396855104874005,29435.2130078125,16843.059091796877,78.0,Extreme Greed,0,,,0
2021-01-28,33466.09765625,76517157706,9.968113394222765,5.665394636431341,29733.456640625,16964.007080078125,55.0,Greed,0,,,0
2021-01-29,34316.38671875,117894572511,2.540747568580648,5.609524421729027,30054.48453125,17089.37094238281,77.0,Extreme Greed,0,,,0
2021-01-30,34269.5234375,65141828798,-0.13656239986477026,5.61170691292035,30378.6969140625,17214.502490234376,76.0,Extreme Greed,0,,,1
2021-01-31,33114.359375,52754542671,-3.3708203284669613,5.659452543947543,30664.9109765625,17334.110102539064,78.0,Extreme Greed,0,,,1
2021-02-01,33537.17578125,61400400660,1.2768370405776608,5.412137341433513,30952.8068359375,17456.13484375,77.0,Extreme Greed,0,,,0
2021-02-02,35510.2890625,63088585433,5.883361479570781,5.499897548781009,31278.0797265625,17587.929326171874,76.0,Extreme Greed,0,,,0
2021-02-03,37472.08984375,61166818159,5.524598174340745,5.548795084326817,31639.18,17729.494575195313,78.0,Extreme Greed,0,,,0
2021-02-04,36926.06640625,68838074392,-1.4571470120209207,5.457149930229499,31951.489375,17868.1958203125,80.0,Extreme Greed,0,,,0
2021-02-05,38144.30859375,58598066402,3.2991388091470286,5.280101313665752,32258.2723046875,18013.096206054688,81.0,Extreme Greed,0,,,0
2021-02-06,39266.01171875,71326033653,2.9406828078771152,5.15555138312895,32580.8333203125,18162.551826171875,84.0,Extreme Greed,0,,,1
2021-02-07,38903.44140625,65500641143,-0.9233693380855112,5.1157108969328196,32881.5055078125,18309.442216796873,86.0,Extreme Greed,0,,,1
2021-02-08,46196.46484375,101467222687,18.746473766529938,6.148736592472337,33335.88890625,18492.5191796875,83.0,Extreme Greed,0,,,0
2021-02-09,46481.10546875,91809846886,0.6161523959955284,6.065142082023586,33809.449375,18677.240244140627,95.0,Extreme Greed,0,,,0
2021-02-10,44918.18359375,87301089896,-3.362488605290981,5.925700803229285,34232.1524609375,18853.445595703124,92.0,Extreme Greed,0,,,0
2021-02-11,47909.33203125,81388911810,6.65910372634968,5.918099055225501,34725.5121875,19043.466420898436,93.0,Extreme Greed,0,,,0
2021-02-12,47504.8515625,76555041196,-0.8442623839676311,5.696676491347824,35200.890234375,19226.03631347656,92.0,Extreme Greed,0,,,0
2021-02-13,47105.515625,70250456155,-0.8406213773231364,5.653163593307599,35649.7047265625,19406.999775390625,92.0,Extreme Greed,0,,,1
2021-02-14,48717.2890625,71248675228,3.421623595697554,5.523364613811917,36095.309765625,19595.083881835937,95.0,Extreme Greed,0,,,1
2021-02-15,47945.05859375,77069903166,-1.585126109458379,5.520398060211857,36528.7650390625,19779.25310546875,93.0,Extreme Greed,0,,,0
2021-02-16,49199.87109375,77049582886,2.6171883752032166,5.511777648876443,36971.0662890625,19968.635126953126,95.0,Extreme Greed,0,,,0
2021-02-17,52149.0078125,80820545404,5.994196027730325,5.5775861196568455,37466.7976953125,20170.58220214844,95.0,Extreme Greed,0,,,0
2021-02-18,51679.796875,52054723579,-0.8997504596578998,5.56762427447698,37923.5745703125,20373.713115234375,91.0,Extreme Greed,0,,,0
2021-02-19,55888.1328125,63495496918,8.14309690047519,5.675626655596109,38461.3028125,20596.92203613281,93.0,Extreme Greed,0,,,0
2021-02-20,56099.51953125,68145460026,0.37823185014820293,4.933889889725313,38995.81015625,20821.390170898438,91.0,Extreme Greed,0,,,1
2021-02-21,57539.9453125,51897585191,2.5676258785917394,4.845969020291343,39504.0637109375,21050.35478515625,91.0,Extreme Greed,0,,,1
2021-02-22,54207.3203125,92052420332,-5.791845963531039,4.975313881429169,39932.5696484375,21262.49251953125,94.0,Extreme Greed,0,,,0
2021-02-23,48824.42578125,106102492824,-9.930198541853997,5.420710553322502,40269.6198828125,21448.60728515625,94.0,Extreme Greed,0,,,0
2021-02-24,49705.33203125,63695521388,1.8042326886684945,5.415435285330939,40583.8779296875,21638.363715820313,76.0,Extreme Greed,0,,,0
2021-02-25,47093.8515625,54506565949,-5.253924200945182,5.555637457002133,40789.2676953125,21815.45427734375,79.0,Extreme Greed,0,,,0
2021-02-26,46339.76171875,350967941479,-1.6012490351298148,5.382183963222921,40928.6420703125,21987.762529296873,55.0,Greed,0,,,0
2021-02-27,46188.453125,45910946382,-0.3265200081699504,5.149870041693774,41036.4589453125,22161.65216796875,56.0,Greed,0,,,1
2021-02-28,45137.76953125,53443887451,-2.2747754528746222,5.181684818452393,41134.1233984375,22329.41634277344,55.0,Greed,0,,,1
2021-03-01,49631.2421875,53891300112,9.955017057586456,5.424385321689944,41359.6194140625,22518.651865234377,38.0,Fear,0,,,0
2021-03-02,48378.98828125,47530897720,-2.5231161886280384,5.4009473884322805,41615.8660546875,22701.702451171874,78.0,Extreme Greed,0,,,0
2021-03-03,50538.2421875,53220811975,4.463205996986197,5.429552266739448,41948.1716796875,22895.065170898437,78.0,Extreme Greed,0,,,0
2021-03-04,48561.16796875,52343816680,-3.9120359814156846,5.452174359366093,42173.0678515625,23078.4069921875,84.0,Extreme Greed,0,,,0
2021-03-05,48927.3046875,48625928883,0.7539701660092213,5.390515984334939,42367.8673828125,23261.77150390625,77.0,Extreme Greed,0,,,0
2021-03-06,48912.3828125,34363564661,-0.03049805235605385,5.374106021179328,42609.6076953125,23446.377250976562,77.0,Extreme Greed,0,,,1
2021-03-07,51206.69140625,43137459378,4.690649814679793,5.399904515844714,42910.1787109375,23643.61929199219,76.0,Extreme Greed,0,,,1
2021-03-08,52246.5234375,48597428048,2.0306565464276005,5.391884175367418,43239.2836328125,23845.460048828125,81.0,Extreme Greed,0,,,0
2021-03-09,54824.1171875,50912227385,4.9335220420617,5.422365371042558,43603.1644921875,24061.61818847656,81.0,Extreme Greed,0,,,0
2021-03-10,56008.55078125,57295577614,2.1604243798385436,4.31279734502552,44001.9394140625,24283.25181640625,68.0,Greed,0,,,0
2021-03-11,57805.12109375,56772343595,3.2076714848716215,4.336250575000089,44447.0868359375,24513.95318359375,73.0,Greed,0,,,0
2021-03-12,57332.08984375,55689944702,-0.8183206626845796,4.276090089897495,44977.2146484375,24741.740654296875,70.0,Greed,0,,,0
2021-03-13,61243.0859375,60669829814,6.821652767950437,4.283728864701213,45541.9611328125,24991.12541015625,74.0,Greed,0,,,1
2021-03-14,59302.31640625,43901225564,-3.1689610370558396,4.337255067123416,46086.654609375,25230.19517578125,78.0,Extreme Greed,0,,,1
2021-03-15,55907.19921875,66419369890,-5.725100456855314,4.491189730605279,46559.011015625,25453.114184570313,76.0,Extreme Greed,0,,,0
2021-03-16,56804.90234375,59749798599,1.6057021949669181,4.464986947152101,47047.7812109375,25679.426196289063,71.0,Greed,0,,,0
2021-03-17,58870.89453125,60258313191,3.6369962842253134,4.478251118788286,47573.802109375,25916.246342773436,71.0,Greed,0,,,0
2021-03-18,57858.921875,55746041000,-1.7189693893861602,4.486997500831503,48122.329609375,26146.98342285156,72.0,Greed,0,,,0
2021-03-19,58346.65234375,49063873786,0.8429650137686817,4.37209318874603,48619.940703125,26380.312583007813,71.0,Greed,0,,,0
2021-03-20,58313.64453125,50361731222,-0.056571904597946254,4.365707301211547,49099.885859375,26612.028413085936,75.0,Greed,0,,,1
2021-03-21,57523.421875,51943414539,-1.3551247955811196,4.130014383320319,49564.963828125,26842.5753515625,73.0,Greed,0,,,1
2021-03-22,54529.14453125,56521454974,-5.205318540083804,4.244931225514495,49993.25953125,27063.99458984375,70.0,Greed,0,,,0
2021-03-23,54738.9453125,56435023914,0.3847498123315862,4.217895092195743,50417.294921875,27285.130249023438,66.0,Greed,0,,,0
2021-03-24,52774.265625,70567223787,-3.5891807492523076,4.13336356137574,50762.574453125,27498.153740234375,65.0,Greed,0,,,0
2021-03-25,51704.16015625,67999812841,-2.0277031922222966,3.709176757507524,51047.215859375,27705.272783203123,60.0,Greed,0,,,0
2021-03-26,55137.3125,56652197978,6.639992475218648,3.8798901148815164,51411.44078125,27929.11152832031,54.0,Neutral,0,,,0
2021-03-27,55973.51171875,47266542233,1.5165759461888806,3.73271240514363,51768.02484375,28158.32150390625,65.0,Greed,0,,,1
2021-03-28,55950.74609375,47686580918,-0.04067213991215679,3.711160132209259,52101.71953125,28386.86349609375,74.0,Greed,0,,,1
2021-03-29,57750.19921875,57625587027,3.216137854506651,3.7338060897189136,52478.6546875,28623.798798828124,72.0,Greed,0,,,0
2021-03-30,58917.69140625,54414116432,2.021624519558274,3.6934345334006324,52733.07921875,28866.38268066406,72.0,Greed,0,,,0
2021-03-31,58918.83203125,65520826225,0.0019359634988669328,3.2813368325691212,52981.83375,29108.765986328126,76.0,Extreme Greed,0,,,0
2021-04-01,59095.80859375,61669163792,0.30037350775407035,3.2279794571594103,53265.38625,29352.62625,74.0,Greed,0,,,0
2021-04-02,59384.3125,58727860620,0.48819690112593683,3.14963563428132,53494.885859375,29596.143623046875,74.0,Greed,0,,,0
2021-04-03,57603.890625,59641344484,-2.998135029348026,3.1087764863643397,53696.866640625,29830.1783203125,73.0,Greed,0,,,1
2021-04-04,58758.5546875,50749662970,2.00448971410081,3.1190389534522946,53929.927421875,30069.096567382814,74.0,Greed,0,,,1
2021-04-05,59057.87890625,60706272115,0.5094138552963257,3.1164799772849636,54136.73921875,30309.641010742187,71.0,Greed,0,,,0
2021-04-06,58192.359375,66058027988,-1.4655445594718208,3.0449430279884258,54341.685234375,30545.87987792969,75.0,Greed,0,,,0
2021-04-07,56048.9375,75645303584,-3.6833390122360865,3.1218102968984156,54478.6665625,30770.65283203125,72.0,Greed,0,,,0
2021-04-08,58323.953125,53053855641,4.058980823677527,3.0806824307699006,54602.16546875,31007.581240234376,73.0,Greed,0,,,0
2021-04-09,58245.00390625,46655208546,-0.13536328475677317,3.060091039867019,54733.469609375,31246.4949609375,70.0,Greed,0,,,0
2021-04-10,59793.234375,58238470525,2.6581343719059625,3.0429117936689942,54811.571640625,31492.768833007813,70.0,Greed,0,,,1
2021-04-11,60204.96484375,46280252580,0.6885903949730876,3.038685811879802,54893.680546875,31742.562724609375,76.0,Extreme Greed,0,,,1
2021-04-12,59893.453125,51828688519,-0.5174186540237491,2.7715212518491734,54940.750703125,31988.229658203127,74.0,Greed,0,,,0
2021-04-13,63503.45703125,69983454362,6.027376479221824,2.917890861300196,55126.6734375,32252.283359375,74.0,Greed,0,,,0
2021-04-14,63109.6953125,77451779687,-0.620063437737306,2.696717740735989,55412.378828125,32514.078217773436,75.0,Greed,0,,,0
2021-04-15,63314.01171875,60954381579,0.3237480473297971,2.6877450413423665,55684.552421875,32776.771928710936,79.0,Extreme Greed,0,,,0
2021-04-16,61572.7890625,84293007468,-2.7501379378466195,2.675179342698638,55974.131171875,33031.08761230469,78.0,Extreme Greed,0,,,0
2021-04-17,60683.8203125,66138759198,-1.4437688523377457,2.6688934171756986,56261.01234375,33280.283510742185,76.0,Extreme Greed,0,,,1
2021-04-18,56216.18359375,97468872758,-7.36215468265391,2.999903728708786,56461.566953125,33507.44197265625,79.0,Extreme Greed,0,,,1
2021-04-19,55724.265625,65344865159,-0.8750468945115109,3.0033998806530944,56673.296875,33732.966040039064,74.0,Greed,0,,,0
2021-04-20,56473.03125,67849323955,1.3436976092944253,3.0051633161896785,56810.13265625,33962.45132324219,73.0,Greed,0,,,0
2021-04-21,53906.08984375,54926612466,-4.545428763840265,2.9680689479519606,56920.6746875,34179.23512695313,73.0,Greed,0,,,0
2021-04-22,51762.2734375,74798630778,-3.97694659817468,3.0543654996206504,56945.1553125,34384.69857910156,65.0,Greed,0,,,0
2021-04-23,51093.65234375,86668667320,-1.2917150838772984,2.9931174487693357,56995.805,34586.20014160156,55.0,Greed,0,,,0
2021-04-24,50050.8671875,49014494781,-2.040928977310741,2.993417545396336,57018.27625,34783.432446289065,37.0,Fear,0,,,1
2021-04-25,49004.25390625,46117114240,-2.091099195802515,2.732085940099974,57020.113671875,34975.10887207031,31.0,Fear,0,,,1
2021-04-26,54021.75390625,58284039825,10.238907033660748,3.335665057700024,57076.414921875,35190.63921386719,27.0,Fear,0,,,0
2021-04-27,55033.1171875,49448222757,1.8721407731506323,3.3543791537959033,57132.146796875,35410.48250976563,50.0,Neutral,0,,,0
2021-04-28,54824.703125,48000572955,-0.3787066282106566,3.2992300602012623,57132.158515625,35628.12421875,59.0,Greed,0,,,0
2021-04-29,53555.109375,46088929780,-2.315733013830157,3.2971210397346313,57083.0896875,35838.97885742188,52.0,Neutral,0,,,0
2021-04-30,57750.17578125,52395931985,7.833176806484676,3.6138501726943955,57081.99078125,36069.952919921874,51.0,Neutral,0,,,0
2021-05-01,57828.05078125,42836427360,0.13484807439372304,3.6134945027363394,57091.91,36301.96367675781,68.0,Greed,0,,,1
2021-05-02,56631.078125,38177405335,-2.0698824187899145,3.6314623564232518,56999.66984375,36527.97153320313,66.0,Greed,0,,,1
2021-05-03,57200.29296875,51713139031,1.0051280367532334,3.594491528172895,56957.629375,36756.49625,61.0,Greed,0,,,0
2021-05-04,53333.5390625,68564706967,-6.760024652955021,3.7805012288839372,56906.156171875,36966.553330078124,68.0,Greed,0,,,0
2021-05-05,57424.0078125,69241316747,7.669599321369813,4.047006356272887,56918.53828125,37196.88286132812,48.0,Neutral,0,,,0
2021-05-06,56396.515625,69523285106,-1.789307689659958,4.05143541016355,56869.050703125,37421.44864257812,65.0,Greed,0,,,0
2021-05-07,57356.40234375,68434023376,1.7020319573156195,4.002833203390563,56859.0003125,37649.52046875,64.0,Greed,0,,,0
2021-05-08,58803.77734375,65382980634,2.523475916996243,3.9607630876875115,56868.1428125,37883.95768066406,67.0,Greed,0,,,1
2021-05-09,58232.31640625,65906690347,-0.9718099130935132,3.965432218416414,56866.51625,38111.00081542969,73.0,Greed,0,,,1
2021-05-10,55859.796875,71776546298,-4.074231762821235,4.004456503260605,56833.24375,38325.47034179688,72.0,Greed,0,,,0
2021-05-11,56704.57421875,61308396325,1.512317249631967,4.013221999206902,56876.75234375,38544.335517578125,61.0,Greed,0,,,0
2021-05-12,49150.53515625,75215403907,-13.32174549686006,4.681808548555166,56764.984140625,38724.547880859376,68.0,Greed,0,,,0
2021-05-13,49716.19140625,96721152926,1.1508648851976444,4.527698268436836,56703.82265625,38907.97296875,31.0,Fear,0,,,0
2021-05-14,49880.53515625,55737497453,0.330563837155351,4.531690778725206,56667.35015625,39091.999404296876,26.0,Fear,0,,,0
2021-05-15,46760.1875,59161047474,-6.255641898138342,4.639336216649354,56499.80765625,39257.52924804688,27.0,Fear,0,,,1
2021-05-16,46456.05859375,64047871555,-0.6504013831210576,4.626280846536951,56309.45859375,39423.45311523438,20.0,Extreme Fear,0,,,1
2021-05-17,43537.51171875,74903638450,-6.282381595309616,4.731566078776251,56061.19390625,39573.95125976563,27.0,Fear,0,,,0
2021-05-18,42909.40234375,56187365084,-1.4426855146374762,4.577647162026442,55764.37796875,39720.765659179684,21.0,Extreme Fear,0,,,0
2021-05-19,37002.44140625,126358098747,-13.766122609163734,5.15425311065249,55326.07296875,39836.872890625,23.0,Extreme Fear,0,,,0
2021-05-20,40782.73828125,88281943359,10.216344466291027,5.54629617644772,54963.35109375,39972.10103515625,11.0,Extreme Fear,0,,,0
2021-05-21,37304.69140625,82051616861,-8.528232829817227,5.681885464113819,54527.52875,40090.87204589844,19.0,Extreme Fear,0,,,0
2021-05-22,37536.6328125,57377273240,0.6217486259949112,5.66249365541694,54090.57515625,40208.803706054685,12.0,Extreme Fear,0,,,1
2021-05-23,34770.58203125,78469274361,-7.36893688644572,5.784118811282264,53633.908984375,40311.98808105469,14.0,Extreme Fear,0,,,1
2021-05-24,38705.98046875,67359584098,11.318183957815453,6.208632006592171,53232.8575,40427.61874023438,10.0,Extreme Fear,0,,,0
2021-05-25,38402.22265625,56211915803,-0.7847826326095597,6.202860459368321,52819.744375,40541.80044921875,22.0,Extreme Fear,0,,,0
2021-05-26,39294.19921875,51346735160,2.3227211885217036,5.885186609904783,52441.781171875,40664.10267578125,22.0,Extreme Fear,0,,,0
2021-05-27,38436.96875,43210968721,-2.1815700174415475,5.866207781372047,52089.541796875,40778.889682617184,27.0,Fear,0,,,0
2021-05-28,35697.60546875,55200191952,-7.126897282320166,5.969242668658367,51637.01484375,40880.7161328125,21.0,Extreme Fear,0,,,0
2021-05-29,34616.06640625,45231013335,-3.029724398312339,5.975079545393421,51164.43609375,40977.341953125,18.0,Extreme Fear,0,,,1
2021-05-30,35678.12890625,31646080921,3.068120125307594,5.785093585034896,50682.133984375,41077.2258984375,10.0,Extreme Fear,0,,,1
2021-05-31,37332.85546875,39009847639,4.637929771620186,5.884595723173291,50224.691796875,41182.50845703125,18.0,Extreme Fear,0,,,0
2021-06-01,36684.92578125,34639423297,-1.7355481635803582,5.883359812938171,49760.52125,41284.34404296875,20.0,Extreme Fear,0,,,0
2021-06-02,37575.1796875,33070867190,2.426756732611457,5.907960334405315,49241.955703125,41391.87924804688,23.0,Extreme Fear,0,,,0
2021-06-03,39208.765625,35460750427,4.347513308215634,5.89677277645655,48763.937109375,41508.14513671875,24.0,Extreme Fear,0,,,0
2021-06-04,36894.40625,41831090187,-5.902658087058821,5.739235926271421,48235.545,41609.03661132813,27.0,Fear,0,,,0
2021-06-05,35551.95703125,35959473399,-3.6386253505570343,5.754571148388082,47715.128359375,41698.569365234376,24.0,Extreme Fear,0,,,1
2021-06-06,35862.37890625,28913440585,0.8731498936251025,5.741323262341854,47218.69953125,41788.86123046875,17.0,Extreme Fear,0,,,1
2021-06-07,33560.70703125,33683936663,-6.4180680289418035,5.763185152020062,46765.59,41867.57931640625,15.0,Extreme Fear,0,,,0
2021-06-08,33472.6328125,49902050442,-0.2624325484799517,5.767680419501627,46320.55734375,41941.835908203124,13.0,Extreme Fear,0,,,0
2021-06-09,37345.12109375,53972919008,11.569117681725526,6.230881234115177,45937.999140625,42035.3503515625,14.0,Extreme Fear,0,,,0
2021-06-10,36702.59765625,43576032854,-1.720501684509279,6.2112927698299965,45593.929296875,42127.01333007812,21.0,Extreme Fear,0,,,0
2021-06-11,37334.3984375,38699736985,1.721406171757467,5.7966031058610215,45305.371796875,42221.864716796874,21.0,Extreme Fear,0,,,0
2021-06-12,35552.515625,37924228550,-4.772764225685799,5.830422457886727,44994.5490625,42304.08997070313,28.0,Fear,0,,,1
2021-06-13,39097.859375,40669112838,9.972131894675185,6.159714521358708,44775.48890625,42405.918662109376,23.0,Extreme Fear,0,,,1
2021-06-14,40218.4765625,43148914673,2.8661855288592664,6.0970455252288,44599.773359375,42521.2579296875,28.0,Fear,0,,,0
2021-06-15,40406.26953125,46420149185,0.4669320789865594,6.0983809135397875,44327.463671875,42637.747265625,38.0,Fear,0,,,0
2021-06-16,38347.0625,39211635100,-5.096256237308472,6.061889592983769,43993.742578125,42740.8955078125,33.0,Fear,0,,,0
2021-06-17,38053.50390625,37096670047,-0.7655308506355651,6.058535628597308,43658.31859375,42840.27560546875,26.0,Fear,0,,,0
2021-06-18,35787.24609375,36200887275,-5.95545108824469,5.607479109333415,43302.961328125,42921.08265625,25.0,Extreme Fear,0,,,0
2021-06-19,35615.87109375,31207279719,-0.4788717174578294,5.267750163354293,42860.275234375,43005.14702148437,23.0,Extreme Fear,0,,,1
2021-06-20,35698.296875,36664034054,0.23142991795155332,5.03460960446908,42417.68015625,43087.633046875,21.0,Extreme Fear,0,,,1
2021-06-21,31676.693359375,52809038594,-11.265533282181261,5.433791729887891,41918.5924609375,43148.789521484374,23.0,Extreme Fear,0,,,0
2021-06-22,32505.66015625,58964353058,2.616961270137308,5.297765070025664,41424.6998046875,43217.81899414062,10.0,Extreme Fear,0,,,0
2021-06-23,33723.02734375,46317108925,3.74509295196066,4.90100045625302,41032.4895703125,43290.662978515626,14.0,Extreme Fear,0,,,0
2021-06-24,34662.4375,33123368116,2.7856637741157764,4.933132080275557,40577.2581640625,43367.24956054687,22.0,Extreme Fear,0,,,0
2021-06-25,31637.779296875,40230904226,-8.72604012088013,5.1444075095594,40082.0834375,43429.48030273437,27.0,Fear,0,,,0
2021-06-26,32186.27734375,38585385521,1.7336806155961115,5.15233761434687,39578.6809375,43498.80596679688,20.0,Extreme Fear,0,,,1
2021-06-27,34649.64453125,35511640894,7.6534703320648045,5.199410312708586,39095.59828125,43579.284609375,22.0,Extreme Fear,0,,,1
2021-06-28,34434.3359375,33892523752,-0.6213875976586625,5.169017729599603,38619.638671875,43660.131328125,25.0,Extreme Fear,0,,,0
2021-06-29,35867.77734375,37901460044,4.162825758718758,5.194408408391398,38219.79828125,43749.17569335937,25.0,Extreme Fear,0,,,0
2021-06-30,35040.8359375,34059036099,-2.305527321430456,5.141892356875186,37786.523515625,43830.36159179688,28.0,Fear,0,,,0
2021-07-01,33572.1171875,37838957079,-4.191448950075438,5.188447283062465,37474.95515625,43902.51026367187,28.0,Fear,0,,,0
2021-07-02,33897.046875,38728974942,0.967855812266083,5.170122731602931,37158.572265625,43975.762275390625,21.0,Extreme Fear,0,,,0
2021-07-03,34668.546875,24383958643,2.2760094790705843,5.120702773891234,36854.3325,44052.01962890625,24.0,Extreme Fear,0,,,1
2021-07-04,35287.78125,24924307911,1.7861561294527206,5.021165617106385,36624.884375,44121.905546875,27.0,Fear,0,,,1
2021-07-05,33746.00390625,26721554282,-4.369153540221515,5.041020173009599,36370.68328125,44176.609755859376,29.0,Fear,0,,,0
2021-07-06,34235.1953125,26501259870,1.4496276584600176,5.045759742989486,36184.636953125,44232.09592773437,20.0,Extreme Fear,0,,,0
2021-07-07,33855.328125,24796027477,-1.1095808977648836,4.905189080807167,36003.55546875,44282.023408203124,28.0,Fear,0,,,0
2021-07-08,32877.37109375,29910396946,-2.888635512966242,4.93605673123288,35921.0540625,44329.0237890625,20.0,Extreme Fear,0,,,0
2021-07-09,33798.01171875,27436021028,2.800225791699673,4.468374052050013,35781.35953125,44383.9984375,20.0,Extreme Fear,0,,,0
2021-07-10,33520.51953125,22971873468,-0.8210311003178261,4.461070092341508,35705.67609375,44432.68588867188,20.0,Extreme Fear,0,,,1
2021-07-11,34240.1875,20108729370,2.146947537847921,4.468075655310194,35639.7471875,44487.68009765625,20.0,Extreme Fear,0,,,1
2021-07-12,33155.84765625,24321499537,-3.1668630428790756,4.420648912904692,35607.4525,44534.77958984375,25.0,Extreme Fear,0,,,0
2021-07-13,32702.025390625,19120856669,-1.3687548281983153,3.990354418957108,35487.3733984375,44574.96576171875,20.0,Extreme Fear,0,,,0
2021-07-14,32822.34765625,21376531210,0.3679352094793975,3.943154431145352,35375.7758984375,44606.89231445312,21.0,Extreme Fear,0,,,0
2021-07-15,31780.73046875,21300524237,-3.1734999531688124,3.9652067922613288,35225.5065234375,44634.4344921875,20.0,Extreme Fear,0,,,0
2021-07-16,31421.5390625,23699476918,-1.1302175908234458,3.8794331926934573,35085.1979296875,44656.11814453125,22.0,Extreme Fear,0,,,0
2021-07-17,31533.068359375,18895018942,0.3549453661488622,3.883048332386015,35001.9071875,44676.971298828124,15.0,Extreme Fear,0,,,1
2021-07-18,31796.810546875,18787986667,0.8363987433579023,3.7528211565825202,34945.5220703125,44691.7505859375,19.0,Extreme Fear,0,,,1
2021-07-19,30817.83203125,20434789545,-3.078857592278905,3.7864071524023277,34848.3161328125,44700.83114257813,24.0,Extreme Fear,0,,,0
2021-07-20,29807.34765625,23148267245,-3.278895069501786,3.8199908364420816,34697.8059765625,44702.99711914062,19.0,Extreme Fear,0,,,0
2021-07-21,32110.693359375,28203024559,7.727442675168827,3.542719209667295,34606.321328125,44702.91424804687,10.0,Extreme Fear,0,,,0
2021-07-22,32313.10546875,19555230518,0.6303573302191001,3.5126057316596966,34501.07984375,44700.56965820312,21.0,Extreme Fear,0,,,0
2021-07-23,33581.55078125,22552046192,3.925482537500802,3.5193152305871083,34388.535546875,44708.61784179688,23.0,Extreme Fear,0,,,0
2021-07-24,34292.4453125,21664706865,2.1169199000986128,3.5034447992848374,34336.496328125,44710.117919921875,22.0,Extreme Fear,0,,,1
2021-07-25,35350.1875,20856685287,3.0844758309330533,3.1300217959646477,34332.4609375,44702.747041015624,27.0,Fear,0,,,1
2021-07-26,37337.53515625,51022126212,5.621887171744144,3.2640440941209916,34361.9640625,44692.57950195312,26.0,Fear,0,,,0
2021-07-27,39406.94140625,35097370560,5.542428661506316,3.1253616644481195,34478.88875,44685.62616210937,32.0,Fear,0,,,0
2021-07-28,39995.90625,38702404695,1.4945713184850051,3.1236068958624816,34609.35421875,44684.33295898438,50.0,Neutral,0,,,0
2021-07-29,40008.421875,27167146027,0.03129226506775051,3.0488746462693386,34662.620234375,44692.59286132813,50.0,Neutral,0,,,0
2021-07-30,42235.546875,33072782960,5.566640461246641,3.1444307614363374,34773.27921875,44725.93731445313,53.0,Neutral,0,,,0
2021-07-31,41626.1953125,25802845343,-1.4427457617713135,3.036018144808735,34859.11515625,44764.45348632812,60.0,Greed,0,,,1
2021-08-01,39974.89453125,26688438115,-3.9669750474507826,3.155874687541995,34947.562734375,44777.746162109375,60.0,Greed,0,,,1
2021-08-02,39201.9453125,25595265436,-1.9335866368471732,3.172273288106311,34949.644453125,44777.81924804687,48.0,Neutral,0,,,0
2021-08-03,38152.98046875,26189830450,-2.675797936526192,3.2122272671955105,34908.33453125,44784.457314453124,48.0,Neutral,0,,,0
2021-08-04,39747.50390625,25372562724,4.1792893187100555,3.161616644283944,34895.15921875,44802.304130859375,42.0,Fear,0,,,0
2021-08-05,40869.5546875,35185031017,2.822946527400849,3.1842827901550015,34945.6090625,44827.695517578126,50.0,Neutral,0,,,0
2021-08-06,42816.5,38226483046,4.763803587748594,3.252792489837218,35040.868984375,44858.627646484376,52.0,Neutral,0,,,0
2021-08-07,44555.80078125,40030862141,4.062220829002827,3.225760824667089,35216.240078125,44901.05762695312,69.0,Greed,0,,,1
2021-08-08,43798.1171875,36302664750,-1.7005273846830926,3.2470095613604966,35379.885,44942.309462890626,74.0,Greed,0,,,1
2021-08-09,46365.40234375,38734079049,5.8616336068955555,3.351152825551937,35593.227109375,45020.00797851563,65.0,Greed,0,,,0
2021-08-10,45585.03125,33546019517,-1.6830892309838696,3.384288165883265,35871.3938671875,45082.904326171876,71.0,Greed,0,,,0
2021-08-11,45593.63671875,34319709073,0.018877838873909702,3.297477238597271,36133.1533984375,45150.534296875,70.0,Greed,0,,,0
2021-08-12,44428.2890625,33723620826,-2.555943636254754,3.335272085446848,36347.2586328125,45211.22884765625,70.0,Greed,0,,,0
2021-08-13,47793.3203125,31744259539,7.574073458615982,3.5357155485560123,36609.8762890625,45288.363486328126,70.0,Greed,0,,,0
2021-08-14,47096.9453125,31211354442,-1.457055076832292,3.473843368757332,36919.059609375,45360.99896484375,76.0,Extreme Greed,0,,,1
2021-08-15,47047.00390625,30988958446,-0.10603958689597848,3.453325284696867,37216.274140625,45444.07125,71.0,Greed,0,,,1
2021-08-16,46004.484375,32776876610,-2.215910567498447,3.511842954856793,37443.3709375,45506.76318359375,72.0,Greed,0,,,0
2021-08-17,44695.359375,33451362600,-2.8456465011732934,3.592931726243736,37648.59140625,45558.658046875,72.0,Greed,0,,,0
2021-08-18,44801.1875,32194123075,0.23677653895135542,3.5066435266205422,37827.259609375,45611.3163671875,73.0,Greed,0,,,0
2021-08-19,46717.578125,37204312299,4.277544261522093,3.436092032098768,38060.794453125,45679.3324609375,70.0,Greed,0,,,0
2021-08-20,49339.17578125,34706867452,5.611587247171745,3.325169530653867,38376.135625,45758.3424609375,70.0,Greed,0,,,0
2021-08-21,48905.4921875,40585205312,-0.8789842693618932,3.3500232613911725,38676.30453125,45825.3184765625,78.0,Extreme Greed,0,,,1
2021-08-22,49321.65234375,25370975378,0.8509476904035029,3.318381218305332,38969.366640625,45884.5662890625,76.0,Extreme Greed,0,,,1
2021-08-23,49546.1484375,34305053719,0.45516742258624454,3.318866660437499,39254.533984375,45947.66669921875,79.0,Extreme Greed,0,,,0
2021-08-24,47706.1171875,35361168834,-3.7137725293038826,3.4223421840848314,39533.73625,45995.4757421875,79.0,Extreme Greed,0,,,0
2021-08-25,48960.7890625,32646349931,2.630002081428562,3.3270842192615695,39828.248125,46043.94962890625,73.0,Greed,0,,,0
2021-08-26,46942.21875,32666549568,-4.122830434622349,3.3360114550598348,40089.9859375,46084.143515625,75.0,Greed,0,,,0
2021-08-27,49058.66796875,34511076995,4.508626296557394,3.4073233696067233,40413.611875,46098.45453125,71.0,Greed,0,,,0
2021-08-28,48902.40234375,28568103401,-0.3185280633781984,3.410423942132519,40715.6996875,46110.561015625,78.0,Extreme Greed,0,,,1
2021-08-29,48829.83203125,25889650240,-0.14839825657210204,3.288178685397655,41021.8859375,46130.1192578125,72.0,Greed,0,,,1
2021-08-30,47054.984375,31847007016,-3.6347609287579297,3.3572988976975404,41278.181875,46125.84751953125,73.0,Greed,0,,,0
2021-08-31,47166.6875,34730363427,0.23738850726162664,3.252095537381992,41558.398671875,46124.15669921875,73.0,Greed,0,,,0
2021-09-01,48847.02734375,39139399125,3.562556399047523,3.2590550225422255,41881.2987109375,46132.8642578125,71.0,Greed,0,,,0
2021-09-02,49327.72265625,39508070319,0.9840830417728652,3.1928071548124404,42211.4062109375,46135.91642578125,74.0,Greed,0,,,0
2021-09-03,50025.375,43206179619,1.4143210068944922,3.1345112186127553,42576.2991015625,46146.3180078125,74.0,Greed,0,,,0
2021-09-04,49944.625,37471327794,-0.1614180803242382,3.115935072552636,42946.7608203125,46150.04177734375,72.0,Greed,0,,,1
2021-09-05,51753.41015625,30322676319,3.6215812136941583,3.0714408766887833,43351.16765625,46148.0637890625,73.0,Greed,0,,,1
2021-09-06,52633.53515625,38884105426,1.7006125728580734,3.0114119538276283,43767.9021484375,46152.83248046875,79.0,Extreme Greed,0,,,0
2021-09-07,46811.12890625,65210059683,-11.06216071695616,3.6708707876698,44087.7680859375,46107.4474609375,79.0,Extreme Greed,0,,,0
2021-09-08,46091.390625,49007762488,-1.5375366885328479,3.5293174036912522,44413.4489453125,46057.40681640625,47.0,Neutral,0,,,0
2021-09-09,46391.421875,38672657013,0.6509485739778498,3.515691146885265,44699.063515625,46001.66419921875,45.0,Fear,0,,,0
2021-09-10,44883.91015625,39154666597,-3.2495484247323514,3.569143532363361,44950.479609375,45955.0471484375,46.0,Fear,0,,,0
2021-09-11,45201.45703125,34499835245,0.707484873520503,3.5378277438181276,45182.877734375,45936.9323046875,31.0,Fear,0,,,1
2021-09-12,46063.26953125,27881980161,1.9066033632592516,3.2669593613798704,45418.29421875,45918.7219921875,32.0,Fear,0,,,1
2021-09-13,44963.07421875,40969943253,-2.3884438158555232,3.2849723163180644,45610.551953125,45908.06810546875,44.0,Fear,0,,,0
2021-09-14,47092.4921875,38652152880,4.73592610325122,3.4015912323228705,45805.65109375,45911.8317578125,30.0,Fear,0,,,0
2021-09-15,48176.34765625,30484496466,2.3015462091804384,3.3973320964149254,45981.03921875,45921.77123046875,49.0,Neutral,0,,,0
2021-09-16,47783.359375,31764293754,-0.8157286726135138,3.354295243903278,46136.78828125,45934.9991796875,53.0,Neutral,0,,,0
2021-09-17,47267.51953125,28727713711,-1.0795386730801604,3.363459587145762,46281.970234375,45923.18056640625,48.0,Neutral,0,,,0
2021-09-18,48278.36328125,28575630451,2.138558909002408,3.296817387912272,46402.8265625,45922.67744140625,50.0,Neutral,0,,,1
2021-09-19,47260.21875,26967722648,-2.1089044077959085,3.1551660293922223,46515.50703125,45906.28732421875,53.0,Neutral,0,,,1
2021-09-20,42843.80078125,43909845642,-9.344895316951952,3.5780662762550315,46572.88515625,45877.70048828125,50.0,Neutral,0,,,0
2021-09-21,40693.67578125,48701090088,-5.01852067461992,3.66800419748262,46602.719765625,45836.53234375,27.0,Fear,0,,,0
2021-09-22,43574.5078125,38139709246,7.079311406361999,3.922497610222301,46711.1503125,45809.84296875,21.0,Extreme Fear,0,,,0
2021-09-23,44895.09765625,34244064430,3.03064775724482,3.916378725707553,46814.1021875,45778.285,27.0,Fear,0,,,0
2021-09-24,42839.75,42839345714,-4.578111561282839,3.96230520173232,46853.50609375,45731.2511328125,33.0,Fear,0,,,0
2021-09-25,42716.59375,31604717236,-0.2874812528084303,3.8982772811770654,46851.50796875,45670.713515625,28.0,Fear,0,,,1
2021-09-26,43208.5390625,30661222077,1.151649205409777,3.804363845605809,46824.562734375,45606.71345703125,27.0,Fear,0,,,1
2021-09-27,42235.73046875,30980029059,-2.251426719942695,3.8201410619820986,46793.315,45528.86650390625,26.0,Fear,0,,,0
2021-09-28,41034.54296875,30214940550,-2.844007873591181,3.8452782818933793,46686.6978125,45447.37876953125,25.0,Extreme Fear,0,,,0
2021-09-29,41564.36328125,30602359905,1.2911568502261384,3.812037265197069,46606.284453125,45348.98515625,24.0,Extreme Fear,0,,,0
2021-09-30,43790.89453125,31141681925,5.356827518164842,3.950855930345793,46570.229609375,45271.428046875,20.0,Extreme Fear,0,,,0
2021-10-01,48116.94140625,42850641582,9.87887304268893,4.308708342575786,46644.00265625,45232.4767578125,27.0,Fear,0,,,0
2021-10-02,47711.48828125,30614346492,-0.8426411013467638,4.307824959851326,46642.366015625,45187.0096875,54.0,Neutral,0,,,1
2021-10-03,48199.953125,26638115879,1.0237887379882071,4.303929009454315,46664.426171875,45133.65498046875,49.0,Neutral,0,,,1
2021-10-04,49112.90234375,33383173002,1.8940873580984396,4.31815471706008,46705.744140625,45089.9248828125,54.0,Neutral,0,,,0
2021-10-05,51514.8125,35873904236,4.890588911725469,4.360504330704385,46815.950703125,45055.76568359375,59.0,Greed,0,,,0
2021-10-06,55361.44921875,49034730168,7.46704982911468,4.557172096280188,47029.2725,45041.00470703125,68.0,Greed,0,,,0
2021-10-07,53805.984375,36807860413,-2.809653406297008,4.072892395250276,47209.3684375,45022.41751953125,76.0,Extreme Greed,0,,,0
2021-10-08,53967.84765625,34800873924,0.30082765538104184,4.054266803376534,47354.373828125,45019.61103515625,74.0,Greed,0,,,0
2021-10-09,54968.22265625,32491211414,1.853649985027972,4.060665541773379,47466.954765625,45020.757421875,72.0,Greed,0,,,1
2021-10-10,54771.578125,39527792364,-0.3577422040362044,3.9988477594404297,47584.276484375,45030.743984375,71.0,Greed,0,,,1
2021-10-11,57484.7890625,42637331698,4.953684064585273,4.072035507287777,47747.53921875,45059.64712890625,71.0,Greed,0,,,0
2021-10-12,56041.05859375,41083758949,-2.5114999851183484,4.113468342648133,47877.437421875,45064.165859375,78.0,Extreme Greed,0,,,0
2021-10-13,57401.09765625,41684252783,2.426861834211813,4.081127701821546,48071.33703125,45071.3037890625,70.0,Greed,0,,,0
2021-10-14,57321.5234375,36615791366,-0.1386283921372633,4.019609102482539,48238.55171875,45078.15767578125,70.0,Greed,0,,,0
2021-10-15,61593.94921875,51780081801,7.453440740995654,4.195066868122056,48531.586328125,45097.37642578125,71.0,Greed,0,,,0
2021-10-16,60892.1796875,34250964237,-1.139348166745524,4.200061915770658,48768.2565625,45107.2488671875,78.0,Extreme Greed,0,,,1
2021-10-17,61553.6171875,29032367511,1.086243756414218,4.183515969721394,49021.280859375,45120.42279296875,79.0,Extreme Greed,0,,,1
2021-10-18,62026.078125,38055562075,0.7675599893030238,4.177774050778831,49285.20578125,45135.074140625,78.0,Extreme Greed,0,,,0
2021-10-19,64261.9921875,40471196346,3.6047967727284025,4.165034210817579,49629.3459375,45159.4625390625,75.0,Greed,0,,,0
2021-10-20,65992.8359375,40788955582,2.693417510228824,3.6736694594606347,50005.86890625,45201.407265625,82.0,Extreme Greed,0,,,0
2021-10-21,62210.171875,45908121370,-5.731931366129583,3.719438956417866,50273.131796875,45218.6653515625,84.0,Extreme Greed,0,,,0
2021-10-22,60692.265625,38434082775,-2.4399647264276236,3.631204962096853,50500.42265625,45226.83728515625,75.0,Greed,0,,,0
2021-10-23,61393.6171875,26882546034,1.1555863919028075,3.6142268074521633,50727.7875,45242.84357421875,74.0,Greed,0,,,1
2021-10-24,60930.8359375,27316183882,-0.7537937512081094,3.471278839663248,50947.51171875,45267.25306640625,73.0,Greed,0,,,1
2021-10-25,63039.82421875,31064911614,3.46128236844363,3.4819261640223154,51173.24,45290.832421875,72.0,Greed,0,,,0
2021-10-26,60363.79296875,34878965587,-4.244985266320056,3.629499774190904,51327.84515625,45301.4263671875,76.0,Extreme Greed,0,,,0
2021-10-27,58482.38671875,43657076893,-3.116779376295975,3.661038485048812,51561.2703125,45294.87212890625,73.0,Greed,0,,,0
2021-10-28,60622.13671875,45257083247,3.658793903693369,3.608273378380803,51851.885234375,45296.95798828125,66.0,Greed,0,,,0
2021-10-29,62227.96484375,36856881767,2.648913766352501,3.6157441391016913,52168.61609375,45308.630546875,70.0,Greed,0,,,0
2021-10-30,61888.83203125,32157938616,-0.5449845794435637,3.553980377254256,52508.71453125,45300.557421875,73.0,Greed,0,,,1
2021-10-31,61318.95703125,32241199927,-0.9208042570786446,3.173178044370147,52831.06453125,45291.60373046875,74.0,Greed,0,,,1
2021-11-01,61004.40625,36150572843,-0.5129747739996526,3.1676458474931892,53129.887265625,45280.055703125,74.0,Greed,0,,,0
2021-11-02,63226.40234375,37746665647,3.6423534468053242,3.2078357948317344,53495.153828125,45288.32376953125,73.0,Greed,0,,,0
2021-11-03,62970.046875,36124731509,-0.4054563588107407,3.2121643180963604,53812.704921875,45299.75490234375,76.0,Extreme Greed,0,,,0
2021-11-04,61452.23046875,32615846901,-2.4103783966732184,3.174275474370566,54078.222578125,45325.93513671875,73.0,Greed,0,,,0
2021-11-05,61125.67578125,30605102446,-0.5313959884109654,2.90541349613064,54345.06890625,45352.9421875,73.0,Greed,0,,,0
2021-11-06,61527.48046875,29094934221,0.6573419146120196,2.842804152061052,54630.268125,45378.21443359375,71.0,Greed,0,,,1
2021-11-07,63326.98828125,24726754302,2.9247220896912562,2.8770428853778047,54931.240625,45425.31892578125,73.0,Greed,0,,,1
2021-11-08,67566.828125,41125608330,6.695154718111462,3.0799183444266682,55337.3728125,45504.34169921875,75.0,Greed,0,,,0
2021-11-09,66971.828125,42357991721,-0.8806096371717143,3.0877884532779354,55819.933359375,45583.732578125,84.0,Extreme Greed,0,,,0
2021-11-10,64995.23046875,48730828378,-2.9513867421399387,3.0509611319631125,56305.964453125,45658.45439453125,75.0,Greed,0,,,0
2021-11-11,64949.9609375,35880633236,-0.06965054346836919,3.00126587526552,56733.473515625,45738.1829296875,77.0,Extreme Greed,0,,,0
2021-11-12,64155.94140625,36084893887,-1.222509636324598,2.995940946310698,57118.690390625,45788.8538671875,74.0,Greed,0,,,0
2021-11-13,64469.52734375,30474228777,0.48878705639170406,2.994136160619456,57551.2859375,45836.03591796875,72.0,Greed,0,,,1
2021-11-14,65466.83984375,25122092191,1.5469517787564335,2.6961034039787095,58006.290859375,45889.2466015625,74.0,Greed,0,,,1
2021-11-15,63557.87109375,30558763548,-2.915932332393234,2.746452238663824,58413.2775,45939.26041015625,72.0,Greed,0,,,0
2021-11-16,60161.24609375,46844335592,-5.344145330150951,2.91875207887777,58771.7878125,45951.31576171875,71.0,Greed,0,,,0
2021-11-17,60368.01171875,39178392930,0.3436857419438999,2.915757141251893,59158.4571875,45964.01556640625,52.0,Neutral,0,,,0
2021-11-18,56942.13671875,41388338699,-5.674983989800575,3.005597602327563,59466.01265625,45965.570859375,54.0,Neutral,0,,,0
2021-11-19,58119.578125,38702407772,2.0677857806173483,2.985796712756433,59752.586328125,45970.16728515625,34.0,Fear,0,,,0
2021-11-20,59697.1953125,30624264863,2.7144333086984274,2.8592153814277994,59984.19140625,46001.98556640625,43.0,Fear,0,,,1
2021-11-21,58730.4765625,26123447605,-1.619370466132397,2.8398962595292847,60204.571171875,46008.51791015625,49.0,Neutral,0,,,1
2021-11-22,56289.2890625,35036121783,-4.1565940596482776,2.9251453100325553,60366.357890625,46007.98177734375,50.0,Neutral,0,,,0
2021-11-23,57569.07421875,37485803899,2.2735855747423095,2.959101240728218,60535.481328125,46009.04513671875,33.0,Fear,0,,,0
2021-11-24,56280.42578125,36635566789,-2.238438701660228,2.9018886080147044,60630.79359375,45996.42837890625,42.0,Fear,0,,,0
2021-11-25,57274.6796875,34284016248,1.7666069374003168,2.8293503530741577,60669.058203125,45991.6401953125,32.0,Fear,0,,,0
2021-11-26,53569.765625,41810748221,-6.468677053655503,3.0114328031137374,60664.333828125,45980.1900390625,47.0,Neutral,0,,,0
2021-11-27,54815.078125,30560857714,2.324655494514305,2.9611819539157658,60681.2784375,45970.74255859375,21.0,Extreme Fear,0,,,1
2021-11-28,57248.45703125,28116886357,4.43925100444249,3.0395091840504045,60726.883125,46011.23216796875,27.0,Fear,0,,,1
2021-11-29,57806.56640625,32370840356,0.9748898117819094,3.0467835930762903,60787.582890625,46051.68404296875,33.0,Fear,0,,,0
2021-11-30,57005.42578125,36708594618,-1.3858989986877734,3.051851060835273,60777.995625,46087.30849609375,40.0,Fear,0,,,0
2021-12-01,57229.828125,36858195307,0.39365085108058473,3.05310910687945,60801.771015625,46139.65669921875,34.0,Fear,0,,,0
2021-12-02,56477.81640625,32379968686,-1.3140205787574133,2.9728923868063792,60783.305390625,46189.76548828125,32.0,Fear,0,,,0
2021-12-03,53598.24609375,39789134215,-5.0985864817913455,3.097717394187119,60708.83984375,46240.06916015625,31.0,Fear,0,,,0
2021-12-04,49200.703125,61385677469,-8.204639683653358,3.388619940414241,60460.974921875,46271.5256640625,25.0,Extreme Fear,0,,,1
2021-12-05,49368.84765625,37198201161,0.3417522933012007,3.393705598093306,60230.50828125,46333.3576953125,18.0,Extreme Fear,0,,,1
2021-12-06,50582.625,37707308001,2.458589579002135,3.4333908035160365,60011.0884375,46382.35712890625,16.0,Extreme Fear,0,,,0
2021-12-07,50700.0859375,33676814852,0.2322159783127109,3.37292357832287,59784.56859375,46449.3341015625,25.0,Extreme Fear,0,,,0
2021-12-08,50504.796875,28479699446,-0.385184874717448,3.0732739452951843,59509.4246875,46514.174921875,28.0,Fear,0,,,0
2021-12-09,47672.12109375,29603577251,-5.608726213196958,3.1902557254963555,59143.010390625,46578.6826171875,29.0,Fear,0,,,0
2021-12-10,47243.3046875,30966005122,-0.899511908452133,3.1706062598744995,58843.673046875,46621.36923828125,24.0,Extreme Fear,0,,,0
2021-12-11,49362.5078125,25775869261,4.4857216044006165,3.322537201082225,58617.077890625,46676.1706640625,16.0,Extreme Fear,0,,,1
2021-12-12,50098.3359375,21939223599,1.4906619570362878,3.3490415969460767,58391.172265625,46730.19134765625,27.0,Fear,0,,,1
2021-12-13,46737.48046875,32166727776,-6.70851717099511,3.509999055170371,58107.30515625,46771.69390625,28.0,Fear,0,,,0
2021-12-14,46612.6328125,34638619079,-0.267125345649466,3.480005650331319,57778.761328125,46826.26904296875,21.0,Extreme Fear,0,,,0
2021-12-15,48896.72265625,36541828520,4.900151967252708,3.626248092975408,57549.419921875,46897.67232421875,28.0,Fear,0,,,0
2021-12-16,47665.42578125,27268150947,-2.5181582897818466,3.5399620485942282,57333.080703125,46957.60880859375,29.0,Fear,0,,,0
2021-12-17,46202.14453125,32902725329,-3.0699007215741814,3.559687038344712,57044.680859375,47001.95525390625,23.0,Extreme Fear,0,,,0
2021-12-18,46848.77734375,26098292690,1.3995731563123393,3.460266675413594,56737.097109375,47052.77451171875,24.0,Extreme Fear,0,,,1
2021-12-19,46707.015625,25154053861,-0.30259427628138713,3.424378087743329,56433.46078125,47098.43369140625,29.0,Fear,0,,,1
2021-12-20,46880.27734375,30961902129,0.3709543768351198,3.3708614827694268,56144.6871875,47136.79125,25.0,Extreme Fear,0,,,0
2021-12-21,48936.61328125,27055803928,4.386356169401262,3.4933434137990083,55903.331328125,47197.00228515625,27.0,Fear,0,,,0
2021-12-22,48628.51171875,24447979559,-0.6295931447672265,3.426357317735642,55611.373515625,47262.38505859375,45.0,Fear,0,,,0
2021-12-23,50784.5390625,28223878108,4.433669194360079,3.5068531830244014,55367.663359375,47336.995859375,34.0,Fear,0,,,0
2021-12-24,50822.1953125,24367912228,0.07414904357732066,3.4894370666588594,55155.06265625,47423.30330078125,41.0,Fear,0,,,0
2021-12-25,50429.859375,19030650914,-0.7719775485643066,3.4688245601728975,54941.146328125,47508.08943359375,39.0,Fear,0,,,1
2021-12-26,50809.515625,20964372926,0.752840191714288,3.275798322204447,54726.78703125,47575.41140625,37.0,Fear,0,,,1
2021-12-27,50640.41796875,24324345758,-0.3328070621613999,3.243081032245564,54473.055625,47645.1005078125,40.0,Fear,0,,,0
2021-12-28,47588.85546875,33430376883,-6.025942562091624,3.288039008636911,54073.496171875,47696.37279296875,41.0,Fear,0,,,0
2021-12-29,46444.7109375,30049226299,-2.404227880624954,3.291489447459341,53662.953828125,47750.83376953125,27.0,Fear,0,,,0
2021-12-30,47178.125,26686491018,1.579112126431248,3.313802415611256,53306.61171875,47791.23509765625,22.0,Extreme Fear,0,,,0
2021-12-31,46306.4453125,36974172400,-1.8476352917798256,3.3164810798401225,52933.74140625,47821.67494140625,28.0,Fear,0,,,0
2022-01-01,47686.8125,24582667004,2.9809396471367267,3.378917971538805,52604.358828125,47858.07765625,21.0,Extreme Fear,0,,,1
2022-01-02,47345.21875,27951569547,-0.7163274962024402,3.2663922228716196,52261.87265625,47903.0684375,29.0,Fear,0,,,1
2022-01-03,46458.1171875,33071628362,-1.87368774698079,2.929220696713355,51881.698203125,47945.09150390625,29.0,Fear,0,,,0
2022-01-04,45897.57421875,42494677905,-1.2065555013512697,2.933908891940748,51528.492265625,47995.64314453125,23.0,Extreme Fear,0,,,0
2022-01-05,43569.00390625,36851084859,-5.073406061509756,3.0195110195435375,51196.647421875,48035.40880859375,24.0,Extreme Fear,0,,,0
2022-01-06,43160.9296875,30208048289,-0.9366159015892994,3.0179204262550807,50852.50578125,48072.72197265625,15.0,Extreme Fear,0,,,0
2022-01-07,41557.90234375,84196607520,-3.714070469186992,3.074569336079725,50544.82109375,48122.12801757813,18.0,Extreme Fear,0,,,0
2022-01-08,41733.94140625,28066355845,0.4235994902819673,2.9296650933416446,50217.108359375,48168.269423828126,10.0,Extreme Fear,0,,,1
2022-01-09,41911.6015625,21294384372,0.42569704720818446,2.931874545090908,49861.396484375,48209.212294921876,23.0,Extreme Fear,0,,,1
2022-01-10,41821.26171875,32104232331,-0.21554853640055605,2.7861514886722074,49523.2121875,48245.006416015625,23.0,Extreme Fear,0,,,0
2022-01-11,42735.85546875,26327648900,2.1869109453241498,2.8062466455406114,49252.143515625,48300.496796875,21.0,Extreme Fear,0,,,0
2022-01-12,43949.1015625,33499938689,2.8389418684672707,2.611311526073303,48979.7440625,48359.31091796875,22.0,Extreme Fear,0,,,0
2022-01-13,42591.5703125,47691135082,-3.0888714484173407,2.665128805514272,48705.966953125,48399.020546875,21.0,Extreme Fear,0,,,0
2022-01-14,43099.69921875,23577403399,1.1930269358978673,2.498048931544854,48422.46734375,48442.34736328125,21.0,Extreme Fear,0,,,0
2022-01-15,43177.3984375,18371348298,0.1802778677309158,2.4671457390446534,48214.62,48478.89546875,23.0,Extreme Fear,0,,,1
2022-01-16,43113.87890625,17902097845,-0.1471129191397358,2.411041623177579,47980.596015625,48519.26068359375,21.0,Extreme Fear,0,,,1
2022-01-17,42250.55078125,21690904261,-2.0024366790964976,2.413118358937066,47680.637890625,48562.6528515625,22.0,Extreme Fear,0,,,0
2022-01-18,42375.6328125,22417209227,0.29604828561313745,2.415701959869893,47372.01921875,48605.04578125,24.0,Extreme Fear,0,,,0
2022-01-19,41744.328125,23091543258,-1.489782324415878,2.421880773631674,47066.797265625,48640.4246875,24.0,Extreme Fear,0,,,0
2022-01-20,40680.41796875,20382033940,-2.548634039729203,2.280301212156977,46735.8090625,48667.38787109375,24.0,Extreme Fear,0,,,0
2022-01-21,36457.31640625,43011992031,-10.381165615712485,2.8977697157851416,46335.3990625,48680.94443359375,19.0,Extreme Fear,0,,,0
2022-01-22,35030.25,39714385405,-3.9143484680769114,2.764312190420078,45964.039140625,48684.91970703125,13.0,Extreme Fear,0,,,1
2022-01-23,36276.8046875,26017975951,3.5585092527173012,2.8897002391079982,45705.561171875,48697.02708984375,11.0,Extreme Fear,0,,,1
2022-01-24,36654.328125,41856658597,1.0406744495611076,2.9151118755654215,45451.27078125,48715.911875,13.0,Extreme Fear,0,,,0
2022-01-25,36954.00390625,26428189594,0.8175727030871549,2.9164894971529716,45178.698359375,48731.6918359375,12.0,Extreme Fear,0,,,0
2022-01-26,36852.12109375,31324598034,-0.2757016878562668,2.91696752215812,44901.7390625,48748.34984375,23.0,Extreme Fear,0,,,0
2022-01-27,37138.234375,25041426629,0.7763821260712289,2.774637996673497,44634.4078125,48762.840078125,20.0,Extreme Fear,0,,,0
2022-01-28,37784.33203125,22238830523,1.7397102127314046,2.794307790268734,44436.65203125,48785.9825,24.0,Extreme Fear,0,,,0
2022-01-29,38138.1796875,17194183075,0.9364930838458241,2.7790800932339597,44254.54953125,48813.16327148437,24.0,Extreme Fear,0,,,1
2022-01-30,37917.6015625,14643548444,-0.5783656346668664,2.7701478121949163,44025.65140625,48838.639541015626,29.0,Fear,0,,,1
2022-01-31,38483.125,20734730465,1.491453610450133,2.7160995033228175,43793.3471875,48872.15151367187,20.0,Extreme Fear,0,,,0
2022-02-01,38743.2734375,20288500328,0.676006528835682,2.7272461186412276,43633.463046875,48908.760185546875,26.0,Fear,0,,,0
2022-02-02,36952.984375,19155189416,-4.6209029430310355,2.8151906582234067,43440.270078125,48935.859765625,28.0,Fear,0,,,0
2022-02-03,37154.6015625,18591534769,0.5456046132945147,2.8229219687395517,43205.42765625,48962.648720703124,20.0,Extreme Fear,0,,,0
2022-02-04,41500.875,29412210792,11.6978066100073,3.498898127229742,43082.136640625,49016.063935546874,20.0,Extreme Fear,0,,,0
2022-02-05,41441.1640625,19652846215,-0.1438787435204647,3.4953767575885,42986.91703125,49074.233017578124,33.0,Fear,0,,,1
2022-02-06,42412.43359375,16142097334,2.3437312952531153,3.452709660454655,42898.19015625,49125.74171875,37.0,Fear,0,,,1
2022-02-07,43840.28515625,28641855926,3.3665872045371525,3.5029181968766467,42840.855546875,49183.3776171875,45.0,Fear,0,,,0
2022-02-08,44118.4453125,33079398868,0.6344852805099555,3.503541151823759,42785.61890625,49236.06208984375,48.0,Neutral,0,,,0
2022-02-09,44338.796875,23245887300,0.4994545046617338,3.502834450650114,42693.662578125,49286.29384765625,54.0,Neutral,0,,,0
2022-02-10,43565.11328125,32142048537,-1.7449359213132731,3.5015865101719497,42592.394609375,49327.3684765625,50.0,Neutral,0,,,0
2022-02-11,42407.9375,26954925781,-2.656198260703335,3.4983523904474514,42424.862578125,49352.72048828125,50.0,Neutral,0,,,0
2022-02-12,42244.46875,18152390304,-0.38546734323026133,3.452153745945144,42253.308046875,49366.908125,44.0,Fear,0,,,1
2022-02-13,42197.515625,14741589015,-0.1111462077505676,3.445209665821172,42088.661171875,49377.916171875,44.0,Fear,0,,,1
2022-02-14,42586.91796875,20827783012,0.9228086961576842,3.449313185611814,41924.20921875,49390.80865234375,46.0,Fear,0,,,0
2022-02-15,44575.203125,22721659051,4.668769779745485,3.552209396537517,41802.904921875,49402.50693359375,46.0,Fear,0,,,0
2022-02-16,43961.859375,19792547657,-1.3759752216496501,3.540809195834242,41730.365,49414.18525390625,51.0,Neutral,0,,,0
2022-02-17,40538.01171875,26246662813,-7.7882230299773365,3.8286171843736234,41612.231015625,49417.00083984375,52.0,Neutral,0,,,0
2022-02-18,40030.9765625,23310007704,-1.2507647384577658,3.8258227052626834,41469.288046875,49421.14599609375,30.0,Fear,0,,,0
2022-02-19,40122.15625,13736557863,0.22777282826873524,3.797237148231371,41345.602265625,49430.991875,25.0,Extreme Fear,0,,,1
2022-02-20,38431.37890625,18340576452,-4.214073972532317,3.3557909682837495,41160.49359375,49424.41125,27.0,Fear,0,,,1
2022-02-21,37075.28125,29280402798,-3.5286208687907883,3.3400687598107632,40955.09484375,49405.4398828125,25.0,Extreme Fear,0,,,0
2022-02-22,38286.02734375,25493150450,3.2656423712227323,3.3304562576201593,40791.653046875,49382.78751953125,20.0,Extreme Fear,0,,,0
2022-02-23,37296.5703125,21849073843,-2.5843815613622922,3.3657006249863017,40619.63296875,49346.4913671875,25.0,Extreme Fear,0,,,0
2022-02-24,38332.609375,46383802093,2.7778400368163814,3.3987429422487345,40514.905078125,49319.163828125,23.0,Extreme Fear,0,,,0
2022-02-25,39214.21875,26545599159,2.2998939789759643,3.419379065177148,40435.970859375,49283.40791015625,27.0,Fear,0,,,0
2022-02-26,39105.1484375,17467554129,-0.2781397053842838,3.4193388710859622,40386.91578125,49251.00849609375,26.0,Fear,0,,,1
2022-02-27,37709.78515625,23450127612,-3.568234201898368,3.475277082503815,40306.43265625,49211.58923828125,26.0,Fear,0,,,1
2022-02-28,43193.234375,35690014104,14.541183928864609,4.367849684550996,40332.0653125,49205.41396484375,20.0,Extreme Fear,0,,,0
2022-03-01,44354.63671875,32479047645,2.6888524570001016,4.38063661039596,40382.7328125,49188.220546875,51.0,Neutral,0,,,0
2022-03-02,43924.1171875,29183112630,-0.9706302725009275,4.38667504035725,40406.498046875,49172.35640625,52.0,Neutral,0,,,0
2022-03-03,42451.7890625,24967782593,-3.351981142193561,4.443366303852874,40376.551796875,49149.38033203125,39.0,Fear,0,,,0
2022-03-04,39137.60546875,28516271427,-7.806935036049167,4.602652145861885,40307.4725,49115.0459375,33.0,Fear,0,,,0
2022-03-05,39400.5859375,16975917450,0.671938064683042,4.60295119678435,40233.490234375,49088.5720703125,22.0,Extreme Fear,0,,,1
2022-03-06,38419.984375,19745229902,-2.4887994408395286,4.091378009982431,40138.341953125,49056.6660546875,22.0,Extreme Fear,0,,,1
2022-03-07,38062.0390625,28546143503,-0.9316643885282638,4.093679045327892,40037.30515625,49013.388359375,23.0,Extreme Fear,0,,,0
2022-03-08,38737.26953125,25776583476,1.7740259990833174,4.082758512551827,39967.03953125,48960.378828125,21.0,Extreme Fear,0,,,0
2022-03-09,41982.92578125,32284121034,8.378639716414904,4.329795009349404,39959.185390625,48925.76599609375,22.0,Extreme Fear,0,,,0
2022-03-10,39437.4609375,31078064711,-6.063095404577135,4.463559815568004,39913.048046875,48876.3450390625,28.0,Fear,0,,,0
2022-03-11,38794.97265625,26364890465,-1.6291319622939393,4.467668103533125,39875.339140625,48822.58916015625,22.0,Extreme Fear,0,,,0
2022-03-12,38904.01171875,14616450657,0.2810649293818468,4.461168681680783,39924.273046875,48778.5786328125,22.0,Extreme Fear,0,,,1
2022-03-13,37849.6640625,17300745310,-2.7101257933814904,4.462168734915882,39980.661328125,48723.0230078125,21.0,Extreme Fear,0,,,1
2022-03-14,39666.75390625,24322159070,4.80080837903738,4.557572319982658,40048.4603125,48686.64568359375,23.0,Extreme Fear,0,,,0
2022-03-15,39338.78515625,23934000868,-0.8268101563720931,4.559441615833731,40102.149453125,48638.04626953125,21.0,Extreme Fear,0,,,0
2022-03-16,41143.9296875,39616916192,4.588714481344902,4.637247133243825,40185.94796875,48599.25390625,24.0,Extreme Fear,0,,,0
2022-03-17,40951.37890625,22009601093,-0.467993171076464,4.552460548257381,40267.933125,48559.861640625,27.0,Fear,0,,,0
2022-03-18,41801.15625,34421564942,2.0750884742987363,4.564904022882176,40361.1915625,48533.5925,25.0,Extreme Fear,0,,,0
2022-03-19,42190.65234375,19664853187,0.9317830622209256,4.327949279497796,40449.31796875,48508.71232421875,28.0,Fear,0,,,1
2022-03-20,41247.82421875,20127946682,-2.2346848712323064,4.343188695313625,40511.510859375,48470.71630859375,31.0,Fear,0,,,1
2022-03-21,41077.99609375,24615543271,-0.4117262624553253,4.3445572362347455,40574.71875,48429.46767578125,30.0,Fear,0,,,0
2022-03-22,42358.80859375,32004652376,3.1180014163224357,4.295561185819654,40652.232421875,48391.13484375,26.0,Fear,0,,,0
2022-03-23,42892.95703125,25242943069,1.2610091153007819,4.232621217508073,40735.22609375,48355.87650390625,31.0,Fear,0,,,0
2022-03-24,43960.93359375,31042992291,2.4898646221148013,4.217934939914297,40875.385078125,48316.91412109375,40.0,Fear,0,,,0
2022-03-25,44348.73046875,30574413034,0.8821397620525806,4.176524473632626,41019.26765625,48275.49009765625,47.0,Neutral,0,,,0
2022-03-26,44500.828125,16950455995,0.3429583093865096,4.157578801032145,41079.26671875,48263.93859375,51.0,Neutral,0,,,1
2022-03-27,46820.4921875,28160889722,5.212631225612729,4.232475163496406,41186.85328125,48267.5841015625,49.0,Neutral,0,,,1
2022-03-28,47128.00390625,36362175703,0.65678873583499,4.228642953459736,41281.1646875,48271.26701171875,60.0,Greed,0,,,0
2022-03-29,47465.73046875,31397059069,0.7166154611000009,4.150882407982019,41353.67359375,48284.17611328125,56.0,Greed,0,,,0
2022-03-30,47062.6640625,29333883962,-0.8491735032190584,3.2548487286143897,41412.55796875,48293.4821484375,55.0,Greed,0,,,0
2022-03-31,45538.67578125,33327427106,-3.2382108229702333,3.286934782714184,41436.555546875,48290.8591796875,52.0,Neutral,0,,,0
2022-04-01,46281.64453125,38162644287,1.6315115388267687,3.290946188052372,41490.886171875,48297.45203125,50.0,Neutral,0,,,0
2022-04-02,45868.94921875,29336594194,-0.8917040798352427,3.228756629659652,41560.10640625,48291.33431640625,52.0,Neutral,0,,,1
2022-04-03,46453.56640625,25414397610,1.2745379989237415,2.844473692178311,41644.288359375,48282.72041015625,48.0,Neutral,0,,,1
2022-04-04,46622.67578125,32499785455,0.3640395949819908,2.8448035557429687,41732.7915625,48276.9169921875,52.0,Neutral,0,,,0
2022-04-05,45555.9921875,29640604055,-2.287907280900814,2.8375061607789385,41792.173046875,48268.35935546875,53.0,Neutral,0,,,0
2022-04-06,43206.73828125,39393395788,-5.156849392240015,3.015815092956804,41764.80375,48243.00123046875,48.0,Neutral,0,,,0
2022-04-07,43503.84765625,26101973106,0.6876459247305178,3.0060875594419114,41755.643515625,48224.219375,34.0,Fear,0,,,0
2022-04-08,42287.6640625,27215995394,-2.795577079433975,2.659669211748818,41790.6365625,48221.43869140625,37.0,Fear,0,,,0
2022-04-09,42782.13671875,16050772496,1.1693070951357853,2.4008553556866175,41845.659765625,48231.88099609375,30.0,Fear,0,,,1
2022-04-10,42207.671875,17654475582,-1.3427680050824398,2.3934809705988638,41887.370078125,48225.04681640625,34.0,Fear,0,,,1
2022-04-11,39521.90234375,33949912166,-6.3632259538124565,2.685725246808537,41909.180546875,48198.18083984375,32.0,Fear,0,,,0
2022-04-12,40127.18359375,30991500854,1.5315083892861292,2.644700231873177,41970.21859375,48184.6180078125,20.0,Extreme Fear,0,,,0
2022-04-13,41166.73046875,27691105228,2.5906300465151855,2.5417312053964953,42027.83265625,48176.86869140625,25.0,Extreme Fear,0,,,0
2022-04-14,39935.515625,24342001973,-2.9908006531745968,2.600588252406758,42080.6115625,48160.50357421875,28.0,Fear,0,,,0
2022-04-15,40553.46484375,21756855753,1.5473675726454417,2.4751464172488746,42125.028671875,48152.09224609375,22.0,Extreme Fear,0,,,0
2022-04-16,40424.484375,16833150693,-0.3180504286056762,2.4743581731067206,42149.233984375,48149.041953125,28.0,Fear,0,,,1
2022-04-17,39716.953125,19087633042,-1.7502542356175654,2.4615618653471567,42161.470078125,48139.80490234375,28.0,Fear,0,,,1
2022-04-18,40826.21484375,33705182072,2.7929174608607443,2.5124513794269743,42223.798671875,48124.98150390625,24.0,Extreme Fear,0,,,0
2022-04-19,41502.75,25303206547,1.6571096753378534,2.4977228293136573,42189.988984375,48091.910546875,27.0,Fear,0,,,0
2022-04-20,41374.37890625,27819532341,-0.3093074404708074,2.497138462583812,42130.383828125,48060.225,27.0,Fear,0,,,0
2022-04-21,40527.36328125,35372786395,-2.0471984048854197,2.4563592846366396,42062.44875,48021.86205078125,27.0,Fear,0,,,0
2022-04-22,39740.3203125,28011716745,-1.9420038833716236,2.4639629422510234,42008.219375,47974.999140625,26.0,Fear,0,,,0
2022-04-23,39486.73046875,16138021249,-0.63811726165236,2.410747159678267,42015.201875,47914.85873046875,24.0,Extreme Fear,0,,,1
2022-04-24,39469.29296875,17964398167,-0.04416040475622163,2.400613659324362,42016.576015625,47835.39794921875,24.0,Extreme Fear,0,,,1
2022-04-25,40458.30859375,35445730570,2.5057850055308917,2.4543177919960044,42057.3425,47768.6595703125,23.0,Extreme Fear,0,,,0
2022-04-26,38117.4609375,34569088416,-5.785826787162362,2.4256755012947075,42058.4509375,47689.40763671875,27.0,Fear,0,,,0
2022-04-27,39241.12109375,30981015184,2.9478882606909007,2.5032009065102403,42068.52796875,47610.77212890625,21.0,Extreme Fear,0,,,0
2022-04-28,39773.828125,33903704907,1.3575224570606004,2.5173241796923596,42024.346015625,47535.78337890625,24.0,Extreme Fear,0,,,0
2022-04-29,38609.82421875,30882994649,-2.926557389929385,2.5539597362234536,42007.79328125,47441.4085546875,23.0,Extreme Fear,0,,,0
2022-04-30,37714.875,23895713731,-2.317931347419566,2.526881599495344,41986.191328125,47349.77763671875,20.0,Extreme Fear,0,,,1
2022-05-01,38469.09375,27002760110,1.9997911964443782,2.5389372346073187,41977.49296875,47255.1176171875,22.0,Extreme Fear,0,,,1
2022-05-02,38529.328125,32922642426,0.1565786170879102,2.541750474341062,41991.08625,47161.156640625,28.0,Fear,0,,,0
2022-05-03,37750.453125,27326943244,-2.0215120218891713,2.5314788445298038,41952.760234375,47041.93916015625,27.0,Fear,0,,,0
2022-05-04,39698.37109375,36754404490,5.1599856624237495,2.7409892932389237,41959.951953125,46935.9701171875,21.0,Extreme Fear,0,,,0
2022-05-05,36575.140625,43106256317,-7.8674020689017965,3.039660265872096,41868.576171875,46811.077734375,27.0,Fear,0,,,0
2022-05-06,36040.921875,37795577489,-1.4606061408683924,2.9248414594399814,41770.36703125,46681.151953125,22.0,Extreme Fear,0,,,0
2022-05-07,35501.953125,24375896406,-1.4954355270636377,2.9198681760289573,41644.38296875,46537.3517578125,23.0,Extreme Fear,0,,,1
2022-05-08,34059.265625,36763041910,-4.063684876492268,2.9611371079742623,41481.755234375,46377.68390625,18.0,Extreme Fear,0,,,1
2022-05-09,30296.953125,63355494961,-11.046369999353145,3.4911532752677927,41262.7378125,46218.1178125,11.0,Extreme Fear,0,,,0
2022-05-10,31022.90625,59811038817,2.396125848050934,3.5478297431024948,41061.636015625,46069.771015625,10.0,Extreme Fear,0,,,0
2022-05-11,28936.35546875,70388855818,-6.725839173272163,3.5674426865084334,40793.186953125,45907.48470703125,12.0,Extreme Fear,0,,,0
2022-05-12,29047.751953125,66989173272,0.3849706798608521,3.5457928226709448,40516.2828515625,45748.06928710938,12.0,Extreme Fear,0,,,0
2022-05-13,29283.103515625,42841124537,0.8102229834508146,3.498054547902344,40222.72625,45579.28568359375,10.0,Extreme Fear,0,,,0
2022-05-14,30101.265625,28579868620,2.7939733537411415,3.5474876826920223,39937.776953125,45427.973046875,9.0,Extreme Fear,0,,,1
2022-05-15,31305.11328125,25835372065,3.9993257135678917,3.6324504086335074,39673.86265625,45292.0866796875,10.0,Extreme Fear,0,,,1
2022-05-16,29862.91796875,32613897286,-4.606900155712879,3.6969278705531865,39334.711171875,45138.2905859375,14.0,Extreme Fear,0,,,0
2022-05-17,30425.857421875,29101473475,1.8850785235190015,3.7287680412054356,39000.6682421875,44979.28004882813,8.0,Extreme Fear,0,,,0
2022-05-18,28720.271484375,31285268319,-5.605711989808215,3.7636618230620402,38625.7590625,44813.43724609375,12.0,Extreme Fear,0,,,0
2022-05-19,30314.333984375,33773447707,5.550304428240649,3.92547007521771,38290.7924609375,44658.414130859375,13.0,Extreme Fear,0,,,0
2022-05-20,29200.740234375,30749382605,-3.6734890846488066,3.954034580606843,37964.03375,44499.39580078125,13.0,Extreme Fear,0,,,0
2022-05-21,29432.2265625,17274840442,0.7927413013061102,3.9639984144263205,37627.045390625,44330.424921875,13.0,Extreme Fear,0,,,1
2022-05-22,30323.72265625,21631532270,3.028979448282265,4.025928560866961,37316.140859375,44167.19330078125,14.0,Extreme Fear,0,,,1
2022-05-23,29098.91015625,31483454557,-4.039123144227663,4.068378387049875,36969.047734375,44005.42669921875,10.0,Extreme Fear,0,,,0
2022-05-24,29655.5859375,26616506245,1.9130468401079792,4.098659850613405,36629.7059375,43848.07625,12.0,Extreme Fear,0,,,0
2022-05-25,29562.361328125,27525063551,-0.3143576713387941,4.050740707374372,36309.8333203125,43688.25065429688,11.0,Extreme Fear,0,,,0
2022-05-26,29267.224609375,36774325352,-0.9983529917456657,3.947007366548818,36031.043046875,43517.9518359375,12.0,Extreme Fear,0,,,0
2022-05-27,28627.57421875,36582005748,-2.185551924250806,3.889802613253467,35733.517578125,43323.25556640625,12.0,Extreme Fear,0,,,0
2022-05-28,28814.900390625,35519577634,0.6543557286537771,3.8773885190750743,35464.0623046875,43132.47092773437,13.0,Extreme Fear,0,,,1
2022-05-29,29445.95703125,18093886409,2.190035821988534,3.901908933129739,35197.3387109375,42954.72456054688,14.0,Extreme Fear,0,,,1
2022-05-30,31726.390625,39277993274,7.744470968730455,4.190814332886686,34987.7130859375,42788.60670898438,10.0,Extreme Fear,0,,,0
2022-05-31,31792.310546875,33538210634,0.20777630413166825,4.1668323141038375,34833.12125,42626.7885546875,16.0,Extreme Fear,0,,,0
2022-06-01,29799.080078125,41135817341,-6.269536357891181,4.292643509738914,34626.5591796875,42453.436318359374,17.0,Extreme Fear,0,,,0
2022-06-02,30467.48828125,29083562061,2.243049790035867,4.3200227615405025,34412.5743359375,42278.439560546874,13.0,Extreme Fear,0,,,0
2022-06-03,29704.390625,26175547452,-2.504629358369581,4.191130823963215,34207.9518359375,42109.172158203124,10.0,Extreme Fear,0,,,0
2022-06-04,29832.9140625,16588370958,0.4326748833952898,3.9824123505260776,33993.5408203125,41957.53049804687,14.0,Extreme Fear,0,,,1
2022-06-05,29906.662109375,17264085441,0.247203631266113,3.9818738085486944,33783.184375,41805.22375,10.0,Extreme Fear,0,,,1
2022-06-06,31370.671875,31947336829,4.895263002841332,4.098340256174081,33616.25875,41677.36642578125,13.0,Extreme Fear,0,,,0
2022-06-07,31155.478515625,40770974039,-0.6859698773187373,4.038151197142871,33422.8440234375,41542.545927734376,15.0,Extreme Fear,0,,,0
2022-06-08,30214.35546875,30242059107,-3.020730515832104,3.529770880449542,33197.0761328125,41395.131728515626,17.0,Extreme Fear,0,,,0
2022-06-09,30111.998046875,21692004719,-0.3387708269364409,3.5023336594036194,32971.828515625,41252.0393359375,11.0,Extreme Fear,0,,,0
2022-06-10,29083.8046875,29867476527,-3.414563715680452,3.332414704448713,32742.95734375,41116.0119140625,13.0,Extreme Fear,0,,,0
2022-06-11,28360.810546875,27246574439,-2.4858994495164377,3.3641433402428262,32515.3671484375,40969.970595703126,12.0,Extreme Fear,0,,,1
2022-06-12,26762.6484375,34163220274,-5.635107313782672,3.511533367786748,32260.8855078125,40822.38170898437,14.0,Extreme Fear,0,,,1
2022-06-13,22487.388671875,68204556440,-15.974726027617203,4.488410690827689,31921.247421875,40648.44525390625,11.0,Extreme Fear,0,,,0
2022-06-14,22206.79296875,50913575242,-1.247791405304166,4.393527851468527,31556.217109375,40491.630390625,8.0,Extreme Fear,0,,,0
2022-06-15,22572.83984375,54912007015,1.6483554177098458,4.366788827214005,31245.3246875,40330.41919921875,7.0,Extreme Fear,0,,,0
2022-06-16,20381.650390625,31183975654,-9.707194434960298,4.623414703366566,30868.1352734375,40146.085166015626,7.0,Extreme Fear,0,,,0
2022-06-17,20471.482421875,27132421514,0.44074954445947334,4.556878315483411,30482.088359375,39959.40974609375,9.0,Extreme Fear,0,,,0
2022-06-18,19017.642578125,42009436760,-7.101780974085614,4.513393858169732,30090.2447265625,39769.47083007813,6.0,Extreme Fear,0,,,1
2022-06-19,20553.271484375,35329942625,8.07475952890373,4.81255631945566,29747.01265625,39586.088046875,6.0,Extreme Fear,0,,,1
2022-06-20,20599.537109375,30818458597,0.2251010260589048,4.806185240282412,29389.6215234375,39406.69665039062,9.0,Extreme Fear,0,,,0
2022-06-21,20710.59765625,28970212744,0.539140983048858,4.754251622493507,29033.2469140625,39242.258408203124,9.0,Extreme Fear,0,,,0
2022-06-22,19987.029296875,28574793478,-3.4937106663198714,4.743849803219601,28677.9784375,39096.1900390625,11.0,Extreme Fear,0,,,0
2022-06-23,21085.876953125,26188097173,5.497803800296652,4.866719988651297,28305.7285546875,38954.775185546874,11.0,Extreme Fear,0,,,0
2022-06-24,21231.65625,24957784918,0.6913598955313738,4.875142703381613,27998.8588671875,38808.02034179687,11.0,Extreme Fear,0,,,0
2022-06-25,21502.337890625,18372538715,1.2748964915301864,4.892447269110392,27708.0871875,38662.0316015625,14.0,Extreme Fear,0,,,1
2022-06-26,21027.294921875,18027170497,-2.209261947079333,4.892663682181881,27418.5940234375,38514.64409179687,14.0,Extreme Fear,0,,,1
2022-06-27,20735.478515625,20965695707,-1.3877981325425726,4.884451882897388,27152.11828125,38379.96087890625,12.0,Extreme Fear,0,,,0
2022-06-28,20280.634765625,21381535161,-2.193553187871977,4.852094133767319,26951.7919140625,38245.147529296875,10.0,Extreme Fear,0,,,0
2022-06-29,20104.0234375,23552740328,-0.8708372798288844,4.555418999556468,26733.4142578125,38098.85510742188,13.0,Extreme Fear,0,,,0
2022-06-30,19784.7265625,26267239923,-1.588223750298734,4.54529531043624,26550.3816796875,37947.28706054688,11.0,Extreme Fear,0,,,0
2022-07-01,19269.3671875,30767551159,-2.604834458398897,4.460138250698093,26354.813984375,37809.946494140626,11.0,Extreme Fear,0,,,0
2022-07-02,19242.255859375,18100418740,-0.1406965151537931,4.415076418493156,26153.99703125,37673.094609375,14.0,Extreme Fear,0,,,1
2022-07-03,19297.076171875,16390821947,0.2848954556089245,4.4208447078419235,25937.9132421875,37525.09637695312,11.0,Extreme Fear,0,,,1
2022-07-04,20231.26171875,21594638208,4.841073013105235,4.552697473351894,25716.4362109375,37387.92555664063,14.0,Extreme Fear,0,,,0
2022-07-05,20190.115234375,26715546990,-0.20338071321012174,4.548563451376075,25522.98015625,37257.86541015625,19.0,Extreme Fear,0,,,0
2022-07-06,20548.24609375,24598943708,1.7737930428710857,4.43878857113312,25325.4279296875,37126.36275390625,18.0,Extreme Fear,0,,,0
2022-07-07,21637.587890625,25814972520,5.301385782051415,4.5990776413233085,25183.7742578125,37001.01561523438,18.0,Extreme Fear,0,,,0
2022-07-08,21731.1171875,49899834488,0.4322538045727464,4.592576392331811,25012.109921875,36875.269814453124,20.0,Extreme Fear,0,,,0
2022-07-09,21592.20703125,29641127858,-0.6392223420980114,4.591444325124274,24859.9392578125,36738.547783203125,24.0,Extreme Fear,0,,,1
2022-07-10,20860.44921875,28688807249,-3.388990349346599,4.590982117851931,24688.5037109375,36599.70747070313,24.0,Extreme Fear,0,,,1
2022-07-11,19970.556640625,24150249025,-4.265931997884009,4.622312038331616,24481.440390625,36445.63755859375,22.0,Extreme Fear,0,,,0
2022-07-12,19323.9140625,25810220018,-3.237979740682695,4.560702327094075,24285.94046875,36288.14615234375,16.0,Extreme Fear,0,,,0
2022-07-13,20212.07421875,33042430345,4.596171114078618,3.6911543173475647,24097.070234375,36137.0572265625,15.0,Extreme Fear,0,,,0
2022-07-14,20569.919921875,31158743333,1.7704551212910147,3.705216623751076,23917.22140625,35985.85924804687,18.0,Extreme Fear,0,,,0
2022-07-15,20836.328125,25905575359,1.2951348577769028,3.6997370702649017,23748.6034765625,35836.838798828125,15.0,Extreme Fear,0,,,0
2022-07-16,21190.31640625,24302954056,1.6988995331921108,3.2474487454690633,23599.8583203125,35704.84610351562,21.0,Extreme Fear,0,,,1
2022-07-17,20779.34375,22927802083,-1.939436147960416,3.269866630598966,23439.1471875,35576.51926757812,24.0,Extreme Fear,0,,,1
2022-07-18,22485.689453125,39974475562,8.211740099467768,3.3017996294381815,23299.9418359375,35453.05708984375,20.0,Extreme Fear,0,,,0
2022-07-19,23389.43359375,48765202697,4.01919693193753,3.0598537679522053,23133.2026953125,35338.47203125,30.0,Fear,0,,,0
2022-07-20,23231.732421875,42932549127,-0.6742410894342465,3.0667974832391756,22961.9911328125,35216.19663085938,31.0,Fear,0,,,0
2022-07-21,23164.62890625,33631012204,-0.28884421706671937,3.0696578697894568,22829.302109375,35095.29368164062,34.0,Fear,0,,,0
2022-07-22,22714.978515625,31421555646,-1.9411076794918158,3.0140043856288474,22674.2519140625,34976.57798828125,33.0,Fear,0,,,0
2022-07-23,22465.478515625,24021799169,-1.0983941711781742,2.8718589744011207,22529.473671875,34859.417509765626,31.0,Fear,0,,,1
2022-07-24,22609.1640625,23565495303,0.6395837363315726,2.8716005185083144,22384.998671875,34754.61831054687,30.0,Fear,0,,,1
2022-07-25,21361.701171875,35574561406,-5.517510011323534,3.0501407768293953,22214.099453125,34645.62216796875,30.0,Fear,0,,,0
2022-07-26,21239.75390625,28624673855,-0.5708686992848544,3.0233534903314294,22011.48109375,34544.03142578125,26.0,Fear,0,,,0
2022-07-27,22930.548828125,31758955233,7.960520302344309,3.3330572296508274,21846.9825,34450.01446289063,28.0,Fear,0,,,0
2022-07-28,23843.88671875,40212386158,3.9830616243461403,3.35871764266739,21719.573125,34359.675888671874,32.0,Fear,0,,,0
2022-07-29,23804.6328125,35887249746,-0.16462880701044735,3.350557623508572,21593.4258203125,34269.592744140624,39.0,Fear,0,,,0
2022-07-30,23656.20703125,28148218301,-0.6235163651508224,3.333236615787693,21484.8738671875,34174.19450195313,42.0,Fear,0,,,1
2022-07-31,23336.896484375,23553591896,-1.34979604487393,3.2986702577679288,21384.3955859375,34071.1334765625,39.0,Fear,0,,,1
2022-08-01,23314.19921875,25849159141,-0.09725914343493569,3.2983016097061677,21315.4266015625,33974.74662109375,33.0,Fear,0,,,0
2022-08-02,22978.1171875,28389250717,-1.4415336683737068,3.320663143485523,21325.241171875,33874.1387109375,31.0,Fear,0,,,0
2022-08-03,22846.5078125,26288169966,-0.5727596126613665,3.230132958046244,21338.03546875,33772.4842578125,34.0,Fear,0,,,0
2022-08-04,22630.95703125,25120229769,-0.9434736504108754,3.238155301842483,21339.1978125,33670.0696484375,30.0,Fear,0,,,0
2022-08-05,23289.314453125,28881249043,2.909101108565171,3.2609445448259002,21397.35109375,33575.263466796874,31.0,Fear,0,,,0
2022-08-06,22961.279296875,15978259885,-1.4085221654344782,3.1461406098327087,21447.14703125,33478.19169921875,31.0,Fear,0,,,1
2022-08-07,23175.890625,15886817043,0.9346662498644243,3.1485076517417214,21530.3119921875,33385.34951171875,30.0,Fear,0,,,1
2022-08-08,23809.486328125,28575544847,2.733856978257987,3.1753347136806163,21595.4362890625,33300.99485351562,30.0,Fear,0,,,0
2022-08-09,23164.318359375,23555719219,-2.709709734425869,3.149894417990842,21646.7319140625,33234.52986328125,42.0,Fear,0,,,0
2022-08-10,23947.642578125,32837431722,3.3815983988709775,3.0679107006789317,21711.4728125,33179.11682617188,31.0,Fear,0,,,0
2022-08-11,23957.529296875,37127036580,0.041284726535173455,2.981749124153604,21790.8828125,33117.52044921875,41.0,Fear,0,,,0
2022-08-12,24402.818359375,27265804688,1.8586602023192844,2.901136511079247,21857.221640625,33056.262900390626,42.0,Fear,0,,,0
2022-08-13,24424.068359375,22987346289,0.08708010561344626,2.895389338809506,21921.0698828125,32993.61322265625,46.0,Fear,0,,,1
2022-08-14,24319.333984375,22994133555,-0.4288162539464846,2.8985057269760484,21977.4098046875,32930.949287109375,47.0,Neutral,0,,,1
2022-08-15,24136.97265625,35123501685,-0.7498615226969818,2.8996988184743184,22039.603359375,32865.942978515624,45.0,Fear,0,,,0
2022-08-16,23883.291015625,27753685646,-1.0510085263709001,2.8786540313742806,22102.559609375,32796.4377734375,44.0,Fear,0,,,0
2022-08-17,23335.998046875,30931623076,-2.291530796119967,2.526051970485931,22163.666875,32722.426865234374,41.0,Fear,0,,,0
2022-08-18,23212.73828125,23747613147,-0.5281958173694035,2.4203530254580103,22225.841171875,32648.902548828126,30.0,Fear,0,,,0
2022-08-19,20877.552734375,40509610260,-10.059931398792521,3.0385176901619437,22247.6976953125,32560.8746875,33.0,Fear,0,,,0
2022-08-20,21166.060546875,27595671000,1.3819043648011897,3.0541945372329087,22285.6315625,32472.988623046876,29.0,Fear,0,,,1
2022-08-21,21534.12109375,23102307723,1.7389185203353419,3.0580205045450835,22331.4688671875,32395.894306640625,27.0,Fear,0,,,1
2022-08-22,21398.908203125,31666498758,-0.6279006699941081,3.054096865032658,22373.5055078125,32317.11583984375,29.0,Fear,0,,,0
2022-08-23,21528.087890625,31878280659,0.6036741981122917,3.0537974527298353,22399.44203125,32217.251904296874,28.0,Fear,0,,,0
2022-08-24,21395.01953125,31962253368,-0.6181150878381003,2.881176970986229,22423.5401171875,32117.021181640626,25.0,Extreme Fear,0,,,0
2022-08-25,21600.904296875,31028679593,0.9623023027591993,2.8834563044050436,22444.59328125,32012.96353515625,25.0,Extreme Fear,0,,,0
2022-08-26,20260.01953125,42326789564,-6.207539958496023,2.7059098473627508,22417.0419140625,31895.06220703125,27.0,Fear,0,,,0
2022-08-27,20041.73828125,30116729776,-1.0773990107132536,2.5796341212908684,22383.2543359375,31774.678671875,28.0,Fear,0,,,1
2022-08-28,19616.814453125,24366810591,-2.1201944769558057,2.5943841717232163,22343.746484375,31651.068759765625,28.0,Fear,0,,,1
2022-08-29,20297.994140625,32637854078,3.472427641744291,2.699257625498235,22332.4973828125,31534.7331640625,24.0,Extreme Fear,0,,,0
2022-08-30,19796.80859375,34483360283,-2.4691382971281484,2.7194616781076544,22329.022421875,31421.67751953125,27.0,Fear,0,,,0
2022-08-31,20049.763671875,33225232872,1.2777568511970205,2.7381792530004314,22343.5394140625,31310.703994140626,23.0,Extreme Fear,0,,,0
2022-09-01,20127.140625,30182031010,0.38592451457939436,2.736010906856047,22341.8407421875,31200.352119140625,20.0,Extreme Fear,0,,,0
2022-09-02,19969.771484375,29123998928,-0.7818752974256604,2.73672417083497,22329.8377734375,31087.26638671875,25.0,Extreme Fear,0,,,0
2022-09-03,19832.087890625,23613051457,-0.6894600364241943,2.7354098106631994,22309.75296875,30963.550810546876,21.0,Extreme Fear,0,,,1
2022-09-04,19986.712890625,25245861652,0.7796708085036963,2.673463193112801,22285.6808984375,30843.675078125,20.0,Extreme Fear,0,,,1
2022-09-05,19812.37109375,28813460025,-0.8722884940063236,2.668778787458294,22266.3414453125,30740.046875,23.0,Extreme Fear,0,,,0
2022-09-06,18837.66796875,43403978910,-4.919669232863699,2.7755789854293638,22193.381015625,30634.08033203125,22.0,Extreme Fear,0,,,0
2022-09-07,19290.32421875,35239757134,2.4029314602578067,2.7622930753383543,22111.398828125,30529.921171875,24.0,Extreme Fear,0,,,0
2022-09-08,19329.833984375,32194477850,0.20481649337233954,2.7389062408485163,22033.360859375,30434.413447265626,20.0,Extreme Fear,0,,,0
2022-09-09,21381.15234375,48469528171,10.612188190716765,3.3483934970238893,21997.691328125,30355.942802734375,22.0,Extreme Fear,0,,,0
2022-09-10,21680.5390625,36913738894,1.4002365912589188,3.3626504048991466,21977.0025390625,30272.915361328123,28.0,Fear,0,,,1
2022-09-11,21769.255859375,34493951963,0.4092001431295067,3.3412444252801445,21963.0780859375,30195.2787890625,26.0,Fear,0,,,1
2022-09-12,22370.44921875,50212088965,2.7616624254801714,3.387996069975735,21958.3037890625,30115.46798828125,25.0,Extreme Fear,0,,,0
2022-09-13,20296.70703125,51091116622,-9.270006906083372,3.76845422236937,21937.00390625,30020.8804296875,34.0,Fear,0,,,0
2022-09-14,20241.08984375,37872380889,-0.27402074343571003,3.7685041995937896,21917.030625,29926.56013671875,27.0,Fear,0,,,0
2022-09-15,19701.2109375,36389011503,-2.6672422800232853,3.7879267439858757,21852.4438671875,29836.517265625,28.0,Fear,0,,,0
2022-09-16,19772.583984375,30123362273,0.3622774615297697,3.7772943137417494,21771.0178125,29719.414013671874,20.0,Extreme Fear,0,,,0
2022-09-17,20127.576171875,24957448100,1.7953757980268437,3.8000447337366654,21697.4766796875,29598.2787109375,22.0,Extreme Fear,0,,,1
2022-09-18,19419.505859375,31254779144,-3.5179114785287124,3.3926670518090907,21612.74265625,29475.755654296874,27.0,Fear,0,,,1
2022-09-19,19544.12890625,40177002624,0.6417415961943007,3.3835554950310005,21536.8873046875,29361.217353515625,21.0,Extreme Fear,0,,,0
2022-09-20,18890.7890625,36791346508,-3.3428956945789956,3.409724170591129,21448.4191015625,29259.983271484376,23.0,Extreme Fear,0,,,0
2022-09-21,18547.400390625,46363793975,-1.8177571658806957,3.4196196540371426,21359.804765625,29155.71734375,23.0,Extreme Fear,0,,,0
2022-09-22,19413.55078125,41135767926,4.669928789927913,3.540023607057558,21291.145625,29060.68517578125,22.0,Extreme Fear,0,,,0
2022-09-23,19297.638671875,38896078052,-0.5970680514919002,3.539957104873717,21224.4792578125,28966.863173828126,20.0,Extreme Fear,0,,,0
2022-09-24,18937.01171875,26149643168,-1.8687620763186419,3.543352407422362,21137.433203125,28867.861884765625,24.0,Extreme Fear,0,,,1
2022-09-25,18802.09765625,23359966112,-0.7124358610731463,3.369326248854112,21054.2495703125,28751.957744140625,24.0,Extreme Fear,0,,,1
2022-09-26,19222.671875,44148798321,2.2368473265013344,3.3936113639640473,20975.1851953125,28650.883798828127,21.0,Extreme Fear,0,,,0
2022-09-27,19110.546875,58571439619,-0.5832956039052206,3.3733466515849027,20881.20640625,28552.461669921875,20.0,Extreme Fear,0,,,0
2022-09-28,19426.720703125,53071298734,1.6544467837213528,3.3241860220593287,20806.454453125,28455.07521484375,20.0,Extreme Fear,0,,,0
2022-09-29,19573.05078125,41037843771,0.7532412719634118,3.296706204934501,20718.9626171875,28363.6921484375,22.0,Extreme Fear,0,,,0
2022-09-30,19431.7890625,43975248085,-0.72171538473359,3.290491118480446,20628.4478125,28262.51732421875,21.0,Extreme Fear,0,,,0
2022-10-01,19312.095703125,18719537670,-0.6159667490729825,3.2909753728900477,20526.633359375,28162.383876953125,20.0,Extreme Fear,0,,,1
2022-10-02,19044.107421875,20765955327,-1.3876706359042923,3.297247607660576,20419.034140625,28051.884765625,24.0,Extreme Fear,0,,,1
2022-10-03,19623.580078125,30484729489,3.042792415591977,3.3445373069762203,20325.1190625,27945.245771484377,24.0,Extreme Fear,0,,,0
2022-10-04,20336.84375,35887278685,3.6347275524413414,3.406977011015121,20249.116484375,27837.924208984376,20.0,Extreme Fear,0,,,0
2022-10-05,20160.716796875,33223790572,-0.8660486125090072,3.4069149249169164,20174.665,27727.77453125,25.0,Extreme Fear,0,,,0
2022-10-06,19955.443359375,34711412966,-1.018185214187517,3.2802525918777747,20107.05390625,27621.312626953124,26.0,Fear,0,,,0
2022-10-07,19546.849609375,29227315390,-2.047530303595302,3.2798863810478505,20033.7361328125,27513.65689453125,23.0,Extreme Fear,0,,,0
2022-10-08,19416.568359375,16437423167,-0.6665076603316944,3.282743443796125,20004.5164453125,27398.945693359376,24.0,Extreme Fear,0,,,1
2022-10-09,19446.42578125,16837262532,0.15377290838616275,2.6107806937002995,19970.12375,27281.713037109374,22.0,Extreme Fear,0,,,1
2022-10-10,19141.484375,27425022774,-1.568110303046133,2.6010594632227915,19922.271015625,27157.615791015625,22.0,Extreme Fear,0,,,0
2022-10-11,19051.41796875,28711532910,-0.470529894576166,2.596800223160885,19875.3212109375,27031.129228515623,24.0,Extreme Fear,0,,,0
2022-10-12,19157.4453125,24950173846,0.5565325579645286,2.5343802898969594,19827.908359375,26904.412314453126,20.0,Extreme Fear,0,,,0
2022-10-13,19382.904296875,44219840004,1.1768739552548313,1.9315038465607304,19787.6660546875,26767.224375,20.0,Extreme Fear,0,,,0
2022-10-14,19185.65625,38452356727,-1.0176392755898878,1.938102972834396,19739.36109375,26627.51263671875,24.0,Extreme Fear,0,,,0
2022-10-15,19067.634765625,16192235532,-0.6151547950047354,1.8819723351416862,19715.5133984375,26485.522158203126,24.0,Extreme Fear,0,,,1
2022-10-16,19268.09375,17988916650,1.0513049302600663,1.8918844293258061,19700.0405078125,26346.549306640623,24.0,Extreme Fear,0,,,1
2022-10-17,19550.7578125,27472552998,1.4670058500208416,1.881648665539599,19698.719375,26216.609716796876,20.0,Extreme Fear,0,,,0
2022-10-18,19334.416015625,30580012344,-1.1065647631146036,1.7783911887845283,19679.4478125,26081.87357421875,22.0,Extreme Fear,0,,,0
2022-10-19,19139.53515625,22425387184,-1.007947999140535,1.783378077714175,19666.30234375,25948.22650390625,23.0,Extreme Fear,0,,,0
2022-10-20,19053.740234375,24493974420,-0.4482602172654282,1.6742960905110293,19646.381875,25811.227373046873,23.0,Extreme Fear,0,,,0
2022-10-21,19172.46875,32459287866,0.6231244583192241,1.639755175436343,19627.2884375,25673.976337890625,23.0,Extreme Fear,0,,,0
2022-10-22,19208.189453125,16104440957,0.18631248583989013,1.3975078387044793,19612.056796875,25542.23732421875,20.0,Extreme Fear,0,,,1
2022-10-23,19567.0078125,22128794335,1.8680488353712166,1.434752832947659,19606.7551953125,25424.038671875,23.0,Extreme Fear,0,,,1
2022-10-24,19345.572265625,30202235805,-1.1316781236911488,1.4066906946917006,19593.9323828125,25303.247294921875,22.0,Extreme Fear,0,,,0
2022-10-25,20095.857421875,47761524910,3.878330120960949,1.558905214638639,19599.602109375,25192.28826171875,20.0,Extreme Fear,0,,,0
2022-10-26,20770.44140625,58895950537,3.356831063305088,1.6207166150663117,19638.257578125,25082.22978515625,33.0,Fear,0,,,0
2022-10-27,20285.8359375,49625110402,-2.33314959115013,1.6828211003075613,19658.1678125,24972.62060546875,32.0,Fear,0,,,0
2022-10-28,20595.3515625,43994715910,1.525772100068279,1.6791796926179914,19683.4781640625,24877.9878515625,30.0,Fear,0,,,0
2022-10-29,20818.4765625,40369840645,1.083375534148523,1.6839484157525797,19672.2246484375,24781.44431640625,34.0,Fear,0,,,1
2022-10-30,20635.603515625,31486345556,-0.8784170461560437,1.6872081902857714,19651.3259375,24678.788681640624,34.0,Fear,0,,,1
2022-10-31,20495.7734375,45668466815,-0.6776156462742766,1.6882913438135734,19625.8562890625,24581.589970703124,31.0,Fear,0,,,0
2022-11-01,20485.2734375,39819303159,-0.051230074493258115,1.662050792248084,19588.1527734375,24481.249013671873,30.0,Fear,0,,,0
2022-11-02,20159.50390625,55552169483,-1.5902620594443806,1.60863175397471,19585.4087109375,24379.924111328124,30.0,Fear,0,,,0
2022-11-03,20209.98828125,43228750179,0.25042468919260763,1.4645805566885866,19584.7866796875,24282.389287109374,30.0,Fear,0,,,0
2022-11-04,21147.23046875,64072727950,4.63751969796804,1.682241425071806,19613.7070703125,24183.994365234375,30.0,Fear,0,,,0
2022-11-05,21282.69140625,37846047609,0.6405611254872046,1.6689509371399307,19643.90921875,24082.894072265626,38.0,Fear,0,,,1
2022-11-06,20926.486328125,35082693210,-1.6736843631552811,1.6526895199781195,19659.887421875,23980.654609375,40.0,Fear,0,,,1
2022-11-07,20602.81640625,53510852236,-1.5466997985227438,1.6769834312123122,19683.5536328125,23881.031875,33.0,Fear,0,,,0
2022-11-08,18541.271484375,118992465607,-10.006131594948432,2.5086583565424885,19663.496484375,23775.036630859377,31.0,Fear,0,,,0
2022-11-09,15880.7802734375,102905151606,-14.349022466876315,3.6067096500263154,19603.29630859375,23657.006879882814,29.0,Fear,0,,,0
2022-11-10,17586.771484375,83202283721,10.742489862358795,4.154936649237737,19584.08373046875,23547.594272460938,22.0,Extreme Fear,0,,,0
2022-11-11,17034.29296875,55871616488,-3.1414436476635332,4.187073771448128,19536.49857421875,23430.474194335937,25.0,Extreme Fear,0,,,0
2022-11-12,16799.185546875,29717699419,-1.3802006476365758,4.181935371625885,19486.52951171875,23323.88281738281,21.0,Extreme Fear,0,,,1
2022-11-13,16353.365234375,27209183682,-2.6538209918333333,4.201053835170979,19434.85658203125,23209.444038085938,22.0,Extreme Fear,0,,,1
2022-11-14,16618.19921875,49630243054,1.6194463988263186,4.217667617356517,19391.17861328125,23093.665893554688,24.0,Extreme Fear,0,,,0
2022-11-15,16884.61328125,36599436183,1.6031463998783302,4.225268527750518,19344.41744140625,22985.03983886719,22.0,Extreme Fear,0,,,0
2022-11-16,16669.439453125,33925512989,-1.27437818409466,4.21425140555147,19295.59529296875,22879.81266113281,23.0,Extreme Fear,0,,,0
2022-11-17,16687.517578125,27868914022,0.10845070736082985,4.213474519732495,19240.81123046875,22770.90478027344,20.0,Extreme Fear,0,,,0
2022-11-18,16697.77734375,26862218609,0.06148167681003791,4.2126833692104375,19183.30576171875,22661.747026367186,23.0,Extreme Fear,0,,,0
2022-11-19,16711.546875,16106223492,0.08246325823211276,4.213436062506807,19128.90091796875,22556.552495117186,23.0,Extreme Fear,0,,,1
2022-11-20,16291.83203125,21313378652,-2.5115259939095247,4.2273847644829265,19068.49564453125,22439.519799804686,24.0,Extreme Fear,0,,,1
2022-11-21,15787.2841796875,37429485518,-3.0969374751391165,4.2527183360741825,19003.3591796875,22335.580517578124,21.0,Extreme Fear,0,,,0
2022-11-22,16189.76953125,30726828760,2.5494274188105903,4.267932333090833,18934.68296875,22236.324755859376,22.0,Extreme Fear,0,,,0
2022-11-23,16610.70703125,32958875628,2.600021570334854,4.304275278338266,18860.160234375,22141.868525390626,22.0,Extreme Fear,0,,,0
2022-11-24,16604.46484375,26129037414,-0.03757930043709612,4.228319903290448,18789.0351953125,22054.594521484374,20.0,Extreme Fear,0,,,0
2022-11-25,16521.841796875,18678255976,-0.49759536156385176,4.1637479857274275,18720.3631640625,21985.71896484375,20.0,Extreme Fear,0,,,0
2022-11-26,16464.28125,18000008764,-0.34839061881034583,4.152214879087886,18658.711796875,21912.92583984375,22.0,Extreme Fear,0,,,1
2022-11-27,16444.626953125,20443898509,-0.11937537130568554,4.133899255923824,18599.27296875,21850.467197265625,26.0,Fear,0,,,1
2022-11-28,16217.322265625,27743025156,-1.3822428939733733,4.122499574828504,18534.6908984375,21786.315048828124,28.0,Fear,0,,,0
2022-11-29,16444.982421875,23581685468,1.4038085481754337,4.140950437581309,18480.760859375,21722.124443359375,26.0,Fear,0,,,0
2022-11-30,17168.56640625,29523576583,4.400028931697086,4.24305387841267,18443.103828125,21657.460947265627,29.0,Fear,0,,,0
2022-12-01,16967.1328125,22895392882,-1.1732697360023692,4.243918613423797,18399.297578125,21585.771044921876,27.0,Fear,0,,,0
2022-12-02,17088.66015625,19539705127,0.7162515027905547,4.245055332466018,18353.4126953125,21521.899755859376,27.0,Fear,0,,,0
2022-12-03,16908.236328125,16217776704,-1.0558102652595158,4.244224402072531,18307.864296875,21454.311650390624,27.0,Fear,0,,,1
2022-12-04,17130.486328125,16824520830,1.3144481522908036,4.147709846746896,18269.121328125,21396.362724609375,26.0,Fear,0,,,1
2022-12-05,16974.826171875,22209086834,-0.908673304822849,4.141196537357375,18223.2559765625,21329.665185546874,26.0,Fear,0,,,0
2022-12-06,17089.50390625,19889922369,0.6755753090715411,4.143679514068,18174.0308984375,21269.10900390625,25.0,Extreme Fear,0,,,0
2022-12-07,16848.126953125,19675404389,-1.412428087141393,4.142679414120753,18124.3051171875,21206.188505859376,29.0,Fear,0,,,0
2022-12-08,17233.474609375,20496603770,2.2871839541696026,3.76957917964663,18086.18390625,21140.737265625,25.0,Extreme Fear,0,,,0
2022-12-09,17133.15234375,20328426366,-0.5821360340788395,2.6585043387585383,18047.7721484375,21080.9084765625,26.0,Fear,0,,,0
2022-12-10,17128.724609375,12706781969,-0.025843080632004245,1.7797867808081247,18006.897265625,21018.274169921875,27.0,Fear,0,,,1
2022-12-11,17104.193359375,14122486832,-0.1432170261326582,1.6830750979720455,17964.81734375,20955.983330078125,26.0,Fear,0,,,1
2022-12-12,17206.4375,19617581341,0.5977723618808328,1.6646794338176734,17917.6059375,20895.67939453125,27.0,Fear,0,,,0
2022-12-13,17781.318359375,26634741631,3.3410801008343594,1.683265479194187,17886.320859375,20841.448115234376,27.0,Fear,0,,,0
2022-12-14,17815.650390625,25534481470,0.19307922256450727,1.6645483672920458,17840.71671875,20786.451865234376,30.0,Fear,0,,,0
2022-12-15,17364.865234375,20964448341,-2.530276169357326,1.7184906134854931,17772.6051953125,20726.04640625,31.0,Fear,0,,,0
2022-12-16,16647.484375,24031608960,-4.131220425223303,1.8701781157340762,17699.8381640625,20650.651875,29.0,Fear,0,,,0
2022-12-17,16795.091796875,14463581825,0.8866650272798315,1.876940038386154,17623.83296875,20575.66578125,28.0,Fear,0,,,1
2022-12-18,16757.9765625,10924354698,-0.22098857704312413,1.8775288029190669,17542.62296875,20510.460263671874,26.0,Fear,0,,,1
2022-12-19,16439.6796875,17221074814,-1.899375344110854,1.9101652498282744,17458.7044921875,20440.321220703125,29.0,Fear,0,,,0
2022-12-20,16906.3046875,22722096615,2.8384068842582266,1.9208868636677692,17386.9151171875,20376.330791015625,29.0,Fear,0,,,0
2022-12-21,16817.53515625,14882945045,-0.5250676176186131,1.8264518890669896,17313.5603515625,20311.253896484373,26.0,Fear,0,,,0
2022-12-22,16830.341796875,16441573050,0.07615052090579333,1.7730462251992567,17246.977109375,20245.872294921875,28.0,Fear,0,,,0
2022-12-23,16796.953125,15329265213,-0.1983838015767403,1.7119701483295584,17178.71640625,20173.003701171874,27.0,Fear,0,,,0
2022-12-24,16847.755859375,9744636213,0.3024520816182319,1.7124870525085019,17092.7269140625,20101.465087890625,29.0,Fear,0,,,1
2022-12-25,16841.986328125,11656379938,-0.0342451024228807,1.7093468213977627,17003.9128125,20034.6032421875,29.0,Fear,0,,,1
2022-12-26,16919.8046875,11886957804,0.4620497716771643,1.7087787103501584,16923.7791796875,19968.642275390626,28.0,Fear,0,,,0
2022-12-27,16717.173828125,15748580239,-1.1975957353969946,1.7249252617485253,16846.066328125,19906.80912109375,27.0,Fear,0,,,0
2022-12-28,16552.572265625,17005713920,-0.9846255365429935,1.7148870242047052,16806.29234375,19847.7679296875,28.0,Fear,0,,,0
2022-12-29,16642.341796875,14472237479,0.5423297950882588,1.699137231970933,16821.52357421875,19797.166396484376,28.0,Fear,0,,,0
2022-12-30,16602.5859375,15929162910,-0.2388838052975517,1.4879105313228063,16801.83986328125,19767.7423828125,28.0,Fear,0,,,0
2022-12-31,16547.49609375,11239186456,-0.33181483870876605,1.4748733138739911,16792.10392578125,19739.4458984375,25.0,Extreme Fear,0,,,1
2023-01-01,16625.080078125,9244361700,0.46885633896178724,1.4709952629861776,16788.62181640625,19709.707099609375,26.0,Fear,0,,,1
2023-01-02,16688.470703125,12097775227,0.38129515588565255,1.4615301230072562,16795.32392578125,19691.241201171873,27.0,Fear,0,,,0
2023-01-03,16679.857421875,13903079207,-0.0516121662866742,1.4392034187840714,16796.55708984375,19672.283076171876,26.0,Fear,0,,,0
2023-01-04,16863.23828125,18421743322,1.0994150293785143,1.4459563912381257,16796.12958984375,19661.5110546875,29.0,Fear,0,,,0
2023-01-05,16836.736328125,13692758566,-0.15715814888571655,1.4402868272329012,16799.47552734375,19642.92837890625,29.0,Fear,0,,,0
2023-01-06,16951.96875,14413662913,0.6844106816741524,1.4221323699566166,16804.76455078125,19624.690537109374,26.0,Fear,0,,,0
2023-01-07,16955.078125,7714767174,0.018342264818071996,1.3568007340493038,16809.91056640625,19605.912939453126,25.0,Extreme Fear,0,,,1
2023-01-08,17091.14453125,9768827914,0.8025112314249405,1.3614536662927363,16817.50251953125,19591.433515625,25.0,Extreme Fear,0,,,1
2023-01-09,17196.5546875,18624736866,0.6167530562816603,1.3660669526717395,16835.59697265625,19571.986904296875,25.0,Extreme Fear,0,,,0
2023-01-10,17446.29296875,15808338949,1.4522576515372032,1.39024634232135,16868.7771484375,19553.060087890626,26.0,Fear,0,,,0
2023-01-11,17934.896484375,18372283782,2.800615102017323,1.4744122223924072,16903.6796875,19535.222880859375,26.0,Fear,0,,,0
2023-01-12,18869.587890625,34971338710,5.211579598824612,1.6438719290268455,16948.8573046875,19524.434345703125,30.0,Fear,0,,,0
2023-01-13,19909.57421875,29225029694,5.511441660269112,1.9074858061275652,17014.9594921875,19520.30482421875,31.0,Fear,0,,,0
2023-01-14,20976.298828125,38967784639,5.357847423830919,2.0309502914249555,17104.0486328125,19523.78314453125,46.0,Fear,0,,,1
2023-01-15,20880.798828125,19298407543,-0.4552757413617381,1.8337710115329449,17192.378984375,19527.667021484376,52.0,Neutral,0,,,1
2023-01-16,21169.6328125,26792494050,1.3832516023570829,1.8370618994973633,17286.8791015625,19534.591552734375,45.0,Fear,0,,,0
2023-01-17,21161.51953125,24999983362,-0.03832509199314105,1.8338937912109945,17385.763046875,19544.052314453125,51.0,Neutral,0,,,0
2023-01-18,20688.78125,30005625418,-2.2339524368838015,1.851784334757968,17470.6390234375,19551.28494140625,52.0,Neutral,0,,,0
2023-01-19,21086.79296875,21152848261,1.9238045679950355,1.8241422967648773,17549.0035546875,19560.233525390624,45.0,Fear,0,,,0
2023-01-20,22676.552734375,28799154319,7.539125404137925,2.1870802723287204,17663.191953125,19572.45998046875,51.0,Neutral,0,,,0
2023-01-21,22777.625,32442278429,0.4457126566322689,2.1825950261578733,17776.97125,19585.397529296875,53.0,Neutral,0,,,1
2023-01-22,22720.416015625,24746386230,-0.2511630794474806,2.1836454069253097,17893.21484375,19596.25837890625,53.0,Neutral,0,,,1
2023-01-23,22934.431640625,26518700512,0.9419529327844067,2.179371850070852,18009.29375,19602.74259765625,50.0,Neutral,0,,,0
2023-01-24,22636.46875,26405069715,-1.2991945703908492,2.213159877302484,18122.5266015625,19607.26935546875,52.0,Neutral,0,,,0
2023-01-25,23117.859375,30685366709,2.1266153759075257,2.219715019481246,18243.0937109375,19614.8976171875,51.0,Neutral,0,,,0
2023-01-26,23032.77734375,26357839322,-0.3680359408276712,2.1955414649060865,18366.78671875,19625.7592578125,54.0,Neutral,0,,,0
2023-01-27,23078.728515625,25383335641,0.19950339114214177,2.1672977395775876,18483.691796875,19641.3001171875,55.0,Greed,0,,,0
2023-01-28,23031.08984375,14712928379,-0.20641809553220147,2.1786524617418617,18601.650546875,19659.83599609375,52.0,Neutral,0,,,1
2023-01-29,23774.56640625,27423687259,3.2281432079158012,2.196454070556137,18734.5673828125,19677.64845703125,55.0,Greed,0,,,1
2023-01-30,22840.138671875,27205595568,-3.9303670923283462,2.375467287480385,18849.2862890625,19688.99955078125,61.0,Greed,0,,,0
2023-01-31,23139.283203125,22837828665,1.3097316769725253,2.3726404338332663,18967.943203125,19700.514326171877,51.0,Neutral,0,,,0
2023-02-01,23723.76953125,26683255504,2.525948288865165,2.381448652544208,19086.7922265625,19713.181591796874,56.0,Greed,0,,,0
2023-02-02,23471.87109375,32066936882,-1.061797692681965,2.4068539880402127,19199.916640625,19726.644228515626,60.0,Greed,0,,,0
2023-02-03,23449.322265625,27083066007,-0.09606745041729203,2.4179779345368666,19321.60578125,19731.462392578123,60.0,Greed,0,,,0
2023-02-04,23331.84765625,15639298538,-0.5009723012217249,2.4251066844631763,19455.293046875,19731.174462890624,58.0,Greed,0,,,1
2023-02-05,22955.666015625,19564262605,-1.612309690031044,2.475109840162855,19578.50453125,19729.794130859376,58.0,Greed,0,,,1
2023-02-06,22760.109375,23825006542,-0.8518883333286542,2.4925911016251394,19698.5471875,19727.771533203126,56.0,Greed,0,,,0
2023-02-07,23264.291015625,27187964471,2.2151986720186922,2.5017519639026204,19835.0394140625,19730.518095703126,54.0,Neutral,0,,,0
2023-02-08,22939.3984375,25371367758,-1.3965290320121615,2.5408274293414186,19955.7012890625,19732.8876953125,58.0,Greed,0,,,0
2023-02-09,21819.0390625,32572572185,-4.883996317743455,2.7558226164953883,20055.7313671875,19728.9370703125,55.0,Greed,0,,,0
2023-02-10,21651.18359375,27078406594,-0.7693073387383564,2.7428074004820875,20152.148203125,19730.384482421876,48.0,Neutral,0,,,0
2023-02-11,21870.875,16356226232,1.0146854341645195,2.6065867006641303,20253.626640625,19733.540087890626,49.0,Neutral,0,,,1
2023-02-12,21788.203125,17821046406,-0.3779998514005456,2.4342100165696303,20352.4355859375,19727.828359375,50.0,Neutral,0,,,1
2023-02-13,21808.1015625,23918742607,0.09132665684197239,2.2413157735324747,20451.757890625,19717.64943359375,48.0,Neutral,0,,,0
2023-02-14,22220.8046875,26792596581,1.8924303145655852,2.260225350810581,20557.777890625,19709.73029296875,50.0,Neutral,0,,,0
2023-02-15,24307.841796875,32483312909,9.392266116037785,2.807608929609616,20709.59125,19712.988466796876,53.0,Neutral,0,,,0
2023-02-16,23623.474609375,39316664596,-2.8154173176657027,2.8710000081005824,20851.009296875,19714.421357421874,62.0,Greed,0,,,0
2023-02-17,24565.6015625,41358451255,3.9880964536483487,2.898296877350178,21009.4744921875,19720.678369140624,61.0,Greed,0,,,0
2023-02-18,24641.27734375,19625427158,0.30805588480080637,2.888107992456148,21170.2483203125,19728.994169921876,60.0,Greed,0,,,1
2023-02-19,24327.642578125,25555105670,-1.2728023845912761,2.586136337207025,21325.85125,19736.39984375,60.0,Greed,0,,,1
2023-02-20,24829.1484375,28987376573,2.0614650916729094,2.6067467381144485,21489.9326171875,19747.39080078125,58.0,Greed,0,,,0
2023-02-21,24436.353515625,31252098714,-1.5819911136450981,2.628039367510676,21644.8902734375,19753.12599609375,60.0,Greed,0,,,0
2023-02-22,24188.84375,30199996781,-1.012875204423358,2.635174556018832,21795.07,19759.263818359374,59.0,Greed,0,,,0
2023-02-23,23947.4921875,30476264066,-0.997780485063493,2.6297890893715348,21936.755078125,19763.121826171875,56.0,Greed,0,,,0
2023-02-24,23198.126953125,26811744928,-3.1292012896705357,2.6731425035855216,22063.982890625,19760.065029296875,53.0,Neutral,0,,,0
2023-02-25,23175.375,16100721565,-0.09807668166905703,2.67215706360721,22188.451015625,19760.1203125,52.0,Neutral,0,,,1
2023-02-26,23561.212890625,16644534842,1.6648614774302573,2.6882459711000934,22320.5737109375,19758.1881640625,51.0,Neutral,0,,,1
2023-02-27,23522.87109375,22660763494,-0.16273269569350157,2.6880842919226513,22449.2082421875,19756.014873046875,50.0,Neutral,0,,,0
2023-02-28,23147.353515625,20535363434,-1.596393470118429,2.6386371673939903,22568.22421875,19749.737548828125,53.0,Neutral,0,,,0
2023-03-01,23646.55078125,24662841200,2.156606219747892,2.5634126162498023,22692.229375,19745.8499609375,50.0,Neutral,0,,,0
2023-03-02,23475.466796875,20386398516,-0.7235050302163204,2.558477883109522,22803.04078125,19741.630625,51.0,Neutral,0,,,0
2023-03-03,22362.6796875,26062404610,-4.740212916759257,2.6607328301994926,22872.9026171875,19732.75916015625,50.0,Neutral,0,,,0
2023-03-04,22353.349609375,11166012913,-0.04172164631153219,2.655366260848196,22921.778125,19725.109453125,50.0,Neutral,0,,,1
2023-03-05,22435.513671875,13317001733,0.36756935285233716,2.6569146643987267,22950.962421875,19720.60703125,47.0,Neutral,0,,,1
2023-03-06,22429.7578125,17353192895,-0.025655126328649747,2.6559431069995827,22981.9416015625,19716.69212890625,48.0,Neutral,0,,,0
2023-03-07,22219.76953125,22765452204,-0.9362039617430651,2.6454977822985275,23002.9443359375,19723.403212890626,49.0,Neutral,0,,,0
2023-03-08,21718.080078125,22536575684,-2.257851740628636,2.6720481152682622,23014.075546875,19726.163310546875,50.0,Neutral,0,,,0
2023-03-09,20363.021484375,30364664171,-6.239311158608585,2.856495507670729,23007.5603515625,19720.3078125,44.0,Fear,0,,,0
2023-03-10,20187.244140625,39578257695,-0.8632183779056501,2.8517616831110937,22989.569375,19714.2494921875,34.0,Fear,0,,,0
2023-03-11,20632.41015625,30180288176,2.2051846825845045,2.758404393898443,22948.6865234375,19709.771103515624,33.0,Fear,0,,,1
2023-03-12,22163.94921875,29279035521,7.4229770099644155,3.081559237360839,22936.4130078125,19713.615751953126,33.0,Fear,0,,,1
2023-03-13,24197.533203125,49466362688,9.175187888693825,3.4953664970327076,22965.9553515625,19726.598896484375,49.0,Neutral,0,,,0
2023-03-14,24746.07421875,54622230164,2.2669294883089997,3.508525979246322,23002.188203125,19749.029169921876,56.0,Greed,0,,,0
2023-03-15,24375.9609375,43655701450,-1.4956444322371198,3.5265564205275766,23036.978046875,19770.700283203125,50.0,Neutral,0,,,0
2023-03-16,25052.7890625,33866061747,2.7766213062754286,3.542854023391724,23075.676640625,19797.88015625,52.0,Neutral,0,,,0
2023-03-17,27423.9296875,50730261335,9.464577453171529,3.5491597362066702,23163.4996875,19833.509833984375,51.0,Neutral,0,,,0
2023-03-18,26965.87890625,35723036817,-1.6702594648891012,3.5187198299233517,23241.2426953125,19869.355185546876,64.0,Greed,0,,,1
2023-03-19,28038.67578125,37769448859,3.9783493752593824,3.5183871235920976,23341.3944140625,19909.29974609375,63.0,Greed,0,,,1
2023-03-20,27767.236328125,44774027664,-0.9680894177838351,3.5284889825653822,23421.2478125,19947.500224609375,66.0,Greed,0,,,0
2023-03-21,28175.81640625,36102192830,1.4714466837708162,3.517638226713265,23527.9613671875,19988.53044921875,68.0,Greed,0,,,0
2023-03-22,27307.4375,33382021890,-3.0820008681536337,3.5663886788036723,23611.324453125,20025.907197265624,62.0,Greed,0,,,0
2023-03-23,28333.97265625,24220433689,3.7591779025402783,3.5983664927637067,23703.528515625,20067.64349609375,57.0,Greed,0,,,0
2023-03-24,27493.28515625,25980310960,-2.967065403073854,3.6451236258275266,23783.956796875,20106.04806640625,61.0,Greed,0,,,0
2023-03-25,27494.70703125,13383005987,0.00517171735541222,3.6355899990245484,23864.8644921875,20149.33326171875,64.0,Greed,0,,,1
2023-03-26,27994.330078125,13878363192,1.8171608313816145,3.5758750014301577,23958.114140625,20192.853291015625,64.0,Greed,0,,,1
2023-03-27,27139.888671875,18188895178,-3.052194511765327,3.638418215453366,24041.79859375,20231.903564453125,64.0,Greed,0,,,0
2023-03-28,27268.130859375,17783600385,0.4725228944394866,3.6327836137469336,24131.9590234375,20261.33845703125,59.0,Greed,0,,,0
2023-03-29,28348.44140625,20684945906,3.9618063755315402,3.6825636224417733,24233.64203125,20294.67796875,57.0,Greed,0,,,0
2023-03-30,28033.5625,22435349951,-1.11074503792854,3.6732306321255854,24335.5253125,20325.999501953123,60.0,Greed,0,,,0
2023-03-31,28478.484375,19001327598,1.5871042968584437,3.6669322010487524,24468.71421875,20356.539677734374,63.0,Greed,0,,,0
2023-04-01,28411.03515625,10876469901,-0.23684272611504964,3.6615575689969737,24603.91125,20397.111318359373,61.0,Greed,0,,,1
2023-04-02,28199.30859375,12284641999,-0.745226498561502,3.526999081519135,24730.479921875,20436.902412109375,63.0,Greed,0,,,1
2023-04-03,27790.220703125,19556501327,-1.450701847050495,3.548387729410986,24850.5202734375,20477.3474609375,63.0,Greed,0,,,0
2023-04-04,28168.08984375,15284538859,1.35971982612757,3.5489605494982235,24977.7200390625,20519.324990234374,62.0,Greed,0,,,0
2023-04-05,28177.984375,17052315986,0.0351267384649967,3.548477992660093,25096.8636328125,20559.57703125,62.0,Greed,0,,,0
2023-04-06,28044.140625,13837809380,-0.4749940528704033,3.5415868194646154,25171.589609375,20602.700205078127,63.0,Greed,0,,,0
2023-04-07,27925.859375,10861680497,-0.4217681389550476,3.5018813712967476,25257.6373046875,20644.608857421874,64.0,Greed,0,,,0
2023-04-08,27947.794921875,9373255556,0.07854922772632111,3.237786217583262,25325.281171875,20689.89388671875,61.0,Greed,0,,,1
2023-04-09,28333.05078125,12175322951,1.3784839213681899,3.216475278368865,25399.116640625,20738.822138671876,61.0,Greed,0,,,1
2023-04-10,29652.98046875,19282400094,4.658621825410658,3.2739928860672705,25505.6233984375,20790.019287109375,62.0,Greed,0,,,0
2023-04-11,30235.05859375,20121259843,1.9629666758571807,3.0650455522116236,25613.7416015625,20844.70638671875,68.0,Greed,0,,,0
2023-04-12,30139.052734375,18651929926,-0.3175315803583212,2.664858946434281,25727.7955859375,20900.716591796874,65.0,Greed,0,,,0
2023-04-13,30399.06640625,17487721001,0.8627134839524819,2.649914088853618,25852.0000390625,20958.701435546875,61.0,Greed,0,,,0
2023-04-14,30485.69921875,22659995079,0.2849851088919886,2.6183000960148015,25982.7641796875,21015.016572265624,68.0,Greed,0,,,0
2023-04-15,30318.49609375,11940685378,-0.5484641300179338,2.6012136918007287,26125.1715625,21071.056318359377,68.0,Greed,0,,,1
2023-04-16,30315.35546875,12854816417,-0.010358775680330279,2.0029651165879856,26267.971171875,21125.4994921875,68.0,Greed,0,,,1
2023-04-17,29445.044921875,17872186762,-2.8708571396173888,2.056093139201912,26385.6478125,21174.859462890625,69.0,Greed,0,,,0
2023-04-18,30397.552734375,19480529496,3.2348662229154,2.014460508785916,26523.1414453125,21229.68828125,58.0,Greed,0,,,0
2023-04-19,28822.6796875,24571565421,-5.18092051895368,2.239401459905353,26636.64796875,21277.241201171873,63.0,Greed,0,,,0
2023-04-20,28245.98828125,21340360360,-2.0008250880993006,2.258329417966251,26728.63671875,21323.25060546875,52.0,Neutral,0,,,0
2023-04-21,27276.91015625,20759504330,-3.4308522518338824,2.2757526314418226,26804.6655859375,21361.517255859377,50.0,Neutral,0,,,0
2023-04-22,27817.5,13125734602,1.9818587979846258,2.1968573938786036,26913.7619921875,21398.920537109374,53.0,Neutral,0,,,1
2023-04-23,27591.384765625,12785446832,-0.8128524647254443,2.132064262031584,27018.5226953125,21436.073876953124,56.0,Greed,0,,,1
2023-04-24,27525.33984375,17703288330,-0.2393679129772508,2.1326452042503714,27120.31921875,21473.923359375,53.0,Neutral,0,,,0
2023-04-25,28307.59765625,17733373139,2.841955147295372,2.17020560457649,27237.876015625,21517.727099609376,53.0,Neutral,0,,,0
2023-04-26,28422.701171875,31854242019,0.4066170397882152,2.089549786928005,27361.9346484375,21562.757763671874,56.0,Greed,0,,,0
2023-04-27,29473.787109375,27153445027,3.6980508331842854,2.1861294359576746,27517.0487890625,21612.8945703125,59.0,Greed,0,,,0
2023-04-28,29340.26171875,17544464887,-0.453030993708059,2.0757342976527577,27696.59359375,21663.88845703125,64.0,Greed,0,,,0
2023-04-29,29248.48828125,10662634333,-0.31279011203009244,2.064294637779823,27877.8184765625,21714.87380859375,64.0,Greed,0,,,1
2023-04-30,29268.806640625,14652199272,0.0694680667924441,2.0466907905950946,28050.54640625,21765.430615234374,60.0,Greed,0,,,1
2023-05-01,28091.568359375,18655599976,-4.022160164248023,2.181172879468849,28169.0987890625,21808.973935546874,63.0,Greed,0,,,0
2023-05-02,28680.537109375,16432924527,2.0966033026897257,2.209870017734046,28258.7588671875,21856.44833984375,55.0,Greed,0,,,0
2023-05-03,29006.30859375,19122972518,1.135862564681589,2.198514310237302,28343.9635546875,21906.141708984374,64.0,Greed,0,,,0
2023-05-04,28847.7109375,15548678514,-0.5467695268338013,2.19036791425813,28433.3985546875,21954.039794921875,64.0,Greed,0,,,0
2023-05-05,29534.384765625,17936566518,2.3803407820215394,2.2293732047165515,28523.03046875,22003.9579296875,61.0,Greed,0,,,0
2023-05-06,28904.623046875,15913866714,-2.1323001096775096,2.266413988745518,28552.6443359375,22051.80896484375,60.0,Greed,0,,,1
2023-05-07,28454.978515625,11301355486,-1.5556145829018653,2.2852343844708995,28582.426328125,22098.386181640624,64.0,Greed,0,,,1
2023-05-08,27694.2734375,19122903752,-2.6733637409259936,2.3401937058399263,28575.53828125,22141.58884765625,60.0,Greed,0,,,0
2023-05-09,27658.775390625,14128593256,-0.12817829272578907,2.3256272230472206,28573.3690625,22184.020380859376,51.0,Neutral,0,,,0
2023-05-10,27621.755859375,20656025026,-0.13384371045779275,2.1486104007953286,28562.2878515625,22226.088212890623,52.0,Neutral,0,,,0
2023-05-11,27000.7890625,16724343943,-2.2481076150133283,2.1390323343379998,28556.1548828125,22263.257119140624,52.0,Neutral,0,,,0
2023-05-12,26804.990234375,19313599897,-0.7251596524522896,2.140086036582168,28525.575234375,22300.554208984377,49.0,Neutral,0,,,0
2023-05-13,26784.078125,9999171605,-0.07801573211611013,2.128294491822459,28511.39109375,22333.9953125,48.0,Neutral,0,,,1
2023-05-14,26930.638671875,10014858959,0.5471927993601522,2.131736346382757,28500.1097265625,22364.796298828125,48.0,Neutral,0,,,1
2023-05-15,27192.693359375,14413231792,0.9730726801279843,2.1458982548644787,28484.0769921875,22399.3305859375,50.0,Neutral,0,,,0
2023-05-16,27036.650390625,12732238816,-0.5738415341494774,2.145382613862526,28482.0122265625,22431.537080078124,54.0,Neutral,0,,,0
2023-05-17,27398.802734375,15140006925,1.3394867282656264,2.1128268294656385,28484.6256640625,22464.4387109375,50.0,Neutral,0,,,0
2023-05-18,26832.208984375,15222938600,-2.067950762275983,2.0343503324524366,28454.301015625,22495.42173828125,51.0,Neutral,0,,,0
2023-05-19,26890.12890625,11258983301,0.21585968530852817,1.824304194706619,28431.43234375,22527.393515625,48.0,Neutral,0,,,0
2023-05-20,27129.5859375,7044911360,0.8905016115201336,1.8029528702434765,28404.454375,22560.615078125,48.0,Neutral,0,,,1
2023-05-21,26753.826171875,8647416921,-1.3850552916312875,1.7096261492671876,28371.3101953125,22593.586689453125,52.0,Neutral,0,,,1
2023-05-22,26851.27734375,11056770492,0.3642513457661867,1.6683309242402502,28344.3495703125,22626.793134765627,49.0,Neutral,0,,,0
2023-05-23,27225.7265625,13697203143,1.3945303754316907,1.6846012788045075,28333.0596875,22657.185615234375,50.0,Neutral,0,,,0
2023-05-24,26334.818359375,16299104428,-3.2723027651064163,1.785538000962478,28296.3942578125,22682.44625,50.0,Neutral,0,,,0
2023-05-25,26476.20703125,13851122697,0.5368887301425707,1.7007395982752498,28262.3587109375,22710.194853515626,51.0,Neutral,0,,,0
2023-05-26,26719.291015625,12711619225,0.9181223884829448,1.7096610904342966,28235.86171875,22740.7772265625,49.0,Neutral,0,,,0
2023-05-27,26868.353515625,7892015141,0.5578834405180588,1.5521830103261949,28214.7116015625,22782.41263671875,48.0,Neutral,0,,,1
2023-05-28,28085.646484375,14545229578,4.53058267244435,1.784174200112638,28217.4686328125,22843.436967773436,50.0,Neutral,0,,,1
2023-05-29,27745.884765625,15181308984,-1.20973437068298,1.7948235858702881,28205.7253125,22894.232534179686,52.0,Neutral,0,,,0
2023-05-30,27702.349609375,13251081851,-0.15690671469931194,1.7943011202798427,28166.7126953125,22947.572817382814,51.0,Neutral,0,,,0
2023-05-31,27219.658203125,15656371534,-1.742420455507676,1.6693503055214267,28106.4046875,22999.675180664064,51.0,Neutral,0,,,0
2023-06-01,26819.97265625,14678970415,-1.4683709247646393,1.6347384155580535,28040.0230859375,23052.008217773437,52.0,Neutral,0,,,0
2023-06-02,27249.58984375,14837415000,1.601855426947596,1.650113598063587,27977.0335546875,23105.16517089844,50.0,Neutral,0,,,0
2023-06-03,27075.12890625,8385597470,-0.640233260391676,1.6508888701715296,27908.8221484375,23156.117749023437,53.0,Neutral,0,,,1
2023-06-04,27119.06640625,9360912318,0.1622799291266075,1.5795616178972514,27844.8335546875,23208.36588378906,52.0,Neutral,0,,,1
2023-06-05,25760.09765625,21513292646,-5.011119223804861,1.7721789252141638,27753.7283984375,23253.728784179686,53.0,Neutral,0,,,0
2023-06-06,27238.783203125,21929670693,5.7402171630208665,2.0778171226805093,27709.6031640625,23306.433813476564,44.0,Fear,0,,,0
2023-06-07,26345.998046875,19530045082,-3.277624957004588,2.1061112908798085,27628.5720703125,23354.606069335936,53.0,Neutral,0,,,0
2023-06-08,26508.216796875,11904824295,0.6157244440365472,2.1106888827621813,27582.2828125,23405.68799316406,50.0,Neutral,0,,,0
2023-06-09,26480.375,11015551640,-0.10503081775867784,2.110688956715455,27546.970546875,23459.153447265624,50.0,Neutral,0,,,0
2023-06-10,25851.240234375,19872933189,-2.375852931180167,2.115256086859595,27518.4571484375,23507.46080078125,49.0,Neutral,0,,,1
2023-06-11,25940.16796875,10732609603,0.3439979419507688,2.113773589206293,27480.9105078125,23554.10810546875,47.0,Neutral,0,,,1
2023-06-12,25902.5,11677889997,-0.1452109670044499,2.113798537776282,27447.1328125,23600.59828125,47.0,Neutral,0,,,0
2023-06-13,25918.728515625,14143474486,0.06265231396582749,2.1106108869703997,27415.0005859375,23647.58271484375,45.0,Fear,0,,,0
2023-06-14,25124.67578125,14265717766,-3.0636253390914137,2.167348992003381,27351.3421484375,23690.8846875,46.0,Fear,0,,,0
2023-06-15,25576.39453125,15837384409,1.7979087727655774,2.1978202066267336,27294.416015625,23736.543525390625,41.0,Fear,0,,,0
2023-06-16,26327.462890625,16324646965,2.9365685552642073,2.254057146180629,27231.48953125,23787.094228515623,47.0,Neutral,0,,,0
2023-06-17,26510.67578125,11090276850,0.6959002900740696,2.227529902131989,27174.8978125,23837.4226953125,47.0,Neutral,0,,,1
2023-06-18,26336.212890625,9565695129,-0.6580854145875503,2.2301028089915533,27116.6523046875,23883.260927734376,49.0,Neutral,0,,,1
2023-06-19,26851.029296875,12826986222,1.9547852547670663,2.2538430740959057,27068.2967578125,23932.68041015625,47.0,Neutral,0,,,0
2023-06-20,28327.48828125,22211859147,5.498705349618893,2.4508182051934972,27073.01515625,23988.87455078125,49.0,Neutral,0,,,0
2023-06-21,30027.296875,33346760979,6.000562340273241,2.6686499215662582,27099.9503515625,24054.469853515624,59.0,Greed,0,,,0
2023-06-22,29912.28125,20653160491,-0.38303689299371557,2.665709426641919,27118.0698046875,24118.378828125,65.0,Greed,0,,,0
2023-06-23,30695.46875,24115570085,2.618280743799839,2.606114499898312,27155.0249609375,24186.982041015624,65.0,Greed,0,,,0
2023-06-24,30548.6953125,12147822496,-0.47815994828226405,2.612797595787633,27175.311171875,24254.277998046877,62.0,Greed,0,,,1
2023-06-25,30480.26171875,12703464114,-0.2240147837737516,2.6149762834303836,27206.8239453125,24322.438671875,64.0,Greed,0,,,1
2023-06-26,30271.130859375,16493186997,-0.6861189753050945,2.6234272083060057,27243.1469921875,24387.626953125,55.0,Greed,0,,,0
2023-06-27,30688.1640625,16428827944,1.3776598074988877,2.5144266672621547,27303.0248046875,24455.40201171875,59.0,Greed,0,,,0
2023-06-28,30086.24609375,14571500779,-1.961401038928634,2.533927511047246,27351.57421875,24520.189619140627,62.0,Greed,0,,,0
2023-06-29,30445.3515625,13180860821,1.1935868224670187,2.5375056911617495,27408.0461328125,24586.89541015625,54.0,Neutral,0,,,0
2023-06-30,30477.251953125,26387306197,0.10477918298796851,2.5073135879010353,27477.575390625,24653.249482421874,56.0,Greed,0,,,0
2023-07-01,30590.078125,9086606733,0.37019798257575953,2.482223191355852,27553.2771484375,24717.29328125,59.0,Greed,0,,,1
2023-07-02,30620.76953125,10533418042,0.10033124506771962,2.4737138371978786,27630.0109765625,24781.318876953126,63.0,Greed,0,,,1
2023-07-03,31156.439453125,15271884873,1.749367929268808,2.4769068915508656,27714.5269921875,24850.276748046876,62.0,Greed,0,,,0
2023-07-04,30777.58203125,12810828427,-1.21598433108826,2.496065771095705,27786.224765625,24920.927236328123,64.0,Greed,0,,,0
2023-07-05,30514.166015625,12481622280,-0.85586975402272,2.289141379321323,27855.775078125,24989.522607421874,61.0,Greed,0,,,0
2023-07-06,29909.337890625,21129219509,-1.9821224171432172,2.1179382156374453,27905.98578125,25055.2794140625,56.0,Greed,0,,,0
2023-07-07,30342.265625,13384770155,1.4474667943441766,2.013227544499815,27976.1869140625,25124.79234375,55.0,Greed,0,,,0
2023-07-08,30292.541015625,7509378699,-0.16387902600796256,2.01659260349531,28044.23515625,25191.723525390626,58.0,Greed,0,,,1
2023-07-09,30171.234375,7903327692,-0.4004505286051452,2.0201909465852967,28105.068125,25258.492021484373,55.0,Greed,0,,,1
2023-07-10,30414.470703125,14828209155,0.8061862007427312,1.9486880385467382,28178.281015625,25326.412666015625,56.0,Greed,0,,,0
2023-07-11,30620.951171875,12151839152,0.6788889103658935,1.948359092805088,28253.6744921875,25395.53265625,57.0,Greed,0,,,0
2023-07-12,30391.646484375,14805659717,-0.7488490028050299,1.9591142848092093,28316.992890625,25463.252109375,64.0,Greed,0,,,0
2023-07-13,31476.048828125,23686079548,3.5680934374763718,2.0320758101749887,28419.8175,25536.422421875,57.0,Greed,0,,,0
2023-07-14,30334.068359375,20917902660,-3.6280934592069825,2.070089278684949,28496.9747265625,25603.493740234375,60.0,Greed,0,,,0
2023-07-15,30295.806640625,8011667756,-0.1261344778969442,2.0631061684229186,28568.5050390625,25671.386904296876,56.0,Greed,0,,,1
2023-07-16,30249.1328125,8516564470,-0.1540603578530031,2.0183794245537228,28636.120625,25739.86970703125,57.0,Greed,0,,,1
2023-07-17,30145.888671875,13240156074,-0.34131272874816654,2.0234888280561303,28677.32546875,25807.38744140625,54.0,Neutral,0,,,0
2023-07-18,29856.5625,13138897269,-0.9597533349379406,2.029917986156451,28719.5390234375,25873.65732421875,56.0,Greed,0,,,0
2023-07-19,29913.923828125,12128602812,0.19212301525000086,2.0099322782130313,28763.7705078125,25940.489462890626,50.0,Neutral,0,,,0
2023-07-20,29792.015625,14655207121,-0.40752996439197275,1.7656696613244676,28815.21765625,26006.324140625,56.0,Greed,0,,,0
2023-07-21,29908.744140625,10972789818,0.39181140710413676,1.3841633930316861,28876.9930859375,26072.4255078125,50.0,Neutral,0,,,0
2023-07-22,29771.802734375,7873300598,-0.4578641136054662,1.384937290739565,28927.43734375,26137.885234375,52.0,Neutral,0,,,1
2023-07-23,30084.5390625,9220145050,1.0504447141318263,1.3100333797000638,28987.625546875,26203.99173828125,54.0,Neutral,0,,,1
2023-07-24,29176.916015625,15395817395,-3.016908602087709,1.415793960596313,29028.7825390625,26265.69263671875,55.0,Greed,0,,,0
2023-07-25,29227.390625,10266772793,0.17299501204297574,1.4168686726389157,29098.1283984375,26327.06974609375,50.0,Neutral,0,,,0
2023-07-26,29354.97265625,13497554655,0.43651529788248933,1.4165016259840013,29140.4521875,26389.06921875,51.0,Neutral,0,,,0
2023-07-27,29210.689453125,10770779217,-0.4915119656712763,1.3904677407087902,29197.746015625,26449.666943359374,51.0,Neutral,0,,,0
2023-07-28,29319.24609375,11218474952,0.3716332707559111,1.350622758129228,29253.9666015625,26510.280400390624,52.0,Neutral,0,,,0
2023-07-29,29356.91796875,6481775959,0.1284885528077373,1.3299063262648194,29311.4974609375,26569.833525390626,52.0,Neutral,0,,,1
2023-07-30,29275.30859375,8678454527,-0.2779902682116475,1.329583992023196,29379.978828125,26626.5355859375,52.0,Neutral,0,,,1
2023-07-31,29230.111328125,11656781982,-0.15438698273756435,1.3262860011441393,29445.7776953125,26678.338203125,50.0,Neutral,0,,,0
2023-08-01,29675.732421875,18272392391,1.5245275282999904,1.360345706640997,29521.24234375,26727.168994140626,53.0,Neutral,0,,,0
2023-08-02,29151.958984375,19212655598,-1.7649890828436932,1.3472556490674343,29585.906953125,26768.047294921875,53.0,Neutral,0,,,0
2023-08-03,29178.6796875,12780357746,0.09166006009861949,1.3347694752910306,29666.98703125,26809.53669921875,52.0,Neutral,0,,,0
2023-08-04,29074.091796875,12036639988,-0.35843942133476636,1.32902031928651,29736.9409765625,26849.058994140625,54.0,Neutral,0,,,0
2023-08-05,29042.126953125,6598366353,-0.10994270766331304,1.2833122346011745,29791.2342578125,26888.46203125,50.0,Neutral,0,,,1
2023-08-06,29041.85546875,7269806994,-0.0009347950838400898,1.2502950847918233,29841.8578515625,26930.22740234375,49.0,Neutral,0,,,1
2023-08-07,29180.578125,13618163710,0.47766457759308434,1.2553192113282476,29898.74515625,26970.696328125,49.0,Neutral,0,,,0
2023-08-08,29765.4921875,17570561357,2.0044635853149417,1.31209411956787,29957.0344140625,27006.141025390625,54.0,Neutral,0,,,0
2023-08-09,29561.494140625,18379521213,-0.6853508270246889,1.307301164577761,29981.71453125,27040.06037109375,50.0,Neutral,0,,,0
2023-08-10,29429.591796875,11865344789,-0.4461964714047806,1.300708566487431,29969.7604296875,27073.60625,53.0,Neutral,0,,,0
2023-08-11,29397.71484375,10195168197,-0.10831598801986919,1.2953440064979151,29959.4691015625,27105.922666015624,51.0,Neutral,0,,,0
2023-08-12,29415.96484375,6194358008,0.06207965516027425,1.0954869075723854,29933.8790234375,27139.820146484373,54.0,Neutral,0,,,1
2023-08-13,29282.9140625,7329897180,-0.45230806453818717,0.8886685875869639,29908.5633984375,27170.645419921875,54.0,Neutral,0,,,1
2023-08-14,29408.443359375,14013695304,0.4286776125049352,0.8941558838735136,29887.12703125,27202.52375,50.0,Neutral,0,,,0
2023-08-15,29170.34765625,12640195779,-0.8096168172366025,0.9036055291532772,29865.1113671875,27232.981845703125,53.0,Neutral,0,,,0
2023-08-16,28701.779296875,14949271904,-1.6063173634291772,0.9430868576892073,29825.383671875,27261.33529296875,52.0,Neutral,0,,,0
2023-08-17,26664.55078125,31120851211,-7.097917151940503,1.576139738242921,29756.949765625,27275.78521484375,50.0,Neutral,0,,,0
2023-08-18,26049.556640625,24026236529,-2.306411031148714,1.6113709069680773,29669.0338671875,27291.8323046875,37.0,Fear,0,,,0
2023-08-19,26096.205078125,10631443812,0.17907574452629138,1.6154212602590914,29581.4129296875,27306.6169140625,39.0,Fear,0,,,1
2023-08-20,26189.583984375,9036580420,0.357825614760654,1.6148386853021715,29493.403046875,27318.945986328126,37.0,Fear,0,,,1
2023-08-21,26124.140625,13371557893,-0.2498831574187843,1.6151553313080602,29403.47046875,27332.207333984374,38.0,Fear,0,,,0
2023-08-22,26031.65625,14503820706,-0.35401882238949023,1.5911897639016863,29300.9748046875,27345.11900390625,37.0,Fear,0,,,0
2023-08-23,26431.640625,16985265785,1.5365306423789304,1.5565163186492645,29214.0559765625,27360.61796875,37.0,Fear,0,,,0
2023-08-24,26162.373046875,12871532023,-1.018731988472621,1.5587920277836318,29127.0201171875,27376.65150390625,41.0,Fear,0,,,0
2023-08-25,26047.66796875,12406045118,-0.4384352975912553,1.551612269991383,29049.78671875,27393.089296875,39.0,Fear,0,,,0
2023-08-26,26008.462890625,6034817316,-0.15051281432193475,1.5520588710520105,28963.1106640625,27406.81015625,38.0,Fear,0,,,1
2023-08-27,26089.693359375,6913768611,0.31232321991347956,1.5511134693731001,28879.0537109375,27422.561630859374,38.0,Fear,0,,,1
2023-08-28,26106.150390625,11002805166,0.06307866874213364,1.5504253412183144,28797.75203125,27443.9971875,39.0,Fear,0,,,0
2023-08-29,27727.392578125,29368391712,6.2101924766441385,1.9626454489615823,28744.01046875,27474.378232421874,39.0,Fear,0,,,0
2023-08-30,27297.265625,16343655235,-1.5512708305083889,1.978957240263254,28677.5367578125,27501.510185546875,49.0,Neutral,0,,,0
2023-08-31,25931.47265625,20181001451,-5.00340578984273,2.134578441078172,28588.33328125,27522.226533203124,52.0,Neutral,0,,,0
2023-09-01,25800.724609375,17202862221,-0.5042060225742162,2.119672709417049,28474.826796875,27542.1896484375,40.0,Fear,0,,,0
2023-09-02,25868.798828125,10100387473,0.2638461507599166,2.121238435847158,28385.52140625,27560.429619140625,39.0,Fear,0,,,1
2023-09-03,25969.56640625,8962524523,0.38953327054152,2.1258736064684816,28298.9966015625,27568.7382421875,40.0,Fear,0,,,1
2023-09-04,25812.416015625,10680635106,-0.6051329012069284,2.1258388143590037,28210.262265625,27579.68294921875,40.0,Fear,0,,,0
2023-09-05,25779.982421875,11094740040,-0.12565113521479931,2.1252138025480636,28122.944140625,27585.754853515624,40.0,Fear,0,,,0
2023-09-06,25753.236328125,12752705327,-0.10374752516241204,2.119820975558965,28040.8776171875,27591.3146484375,42.0,Fear,0,,,0
2023-09-07,26240.1953125,11088307100,1.8908652030005024,2.115486546940975,27967.403046875,27600.877412109374,41.0,Fear,0,,,0
2023-09-08,25905.654296875,10817356400,-1.2749181613965876,2.120984625015966,27889.6758203125,27606.25994140625,46.0,Fear,0,,,0
2023-09-09,25895.677734375,5481314132,-0.03851113886439439,2.1220975264674364,27809.4144921875,27613.5565625,41.0,Fear,0,,,1
2023-09-10,25832.2265625,7899553047,-0.24502611024840304,2.1215884927257838,27730.62296875,27621.7734765625,40.0,Fear,0,,,1
2023-09-11,25162.654296875,14600006467,-2.592003689674205,2.1563597470610794,27632.1852734375,27627.849287109377,40.0,Fear,0,,,0
2023-09-12,25833.34375,18657279324,2.6654161568650414,2.232353878640305,27565.313828125,27641.02537109375,30.0,Fear,0,,,0
2023-09-13,26228.32421875,13072077070,1.528956036711282,2.255233485649113,27505.3325,27656.2901171875,41.0,Fear,0,,,0
2023-09-14,26539.673828125,13811359124,1.1870739692642074,2.2707922395194764,27449.0265234375,27671.182421875,45.0,Fear,0,,,0
2023-09-15,26608.693359375,11479735788,0.2600617162704433,2.259003993649124,27396.9866015625,27686.611533203126,45.0,Fear,0,,,0
2023-09-16,26568.28125,7402031417,-0.1518755875352329,1.8493249576152118,27341.9673046875,27703.716171875,43.0,Fear,0,,,1
2023-09-17,26534.1875,6774210670,-0.12832501161511578,1.7975064532626586,27285.5126953125,27718.15435546875,46.0,Fear,0,,,1
2023-09-18,26754.28125,15615339655,0.8294723552398242,1.8026951731370302,27235.0921484375,27734.548427734375,46.0,Fear,0,,,0
2023-09-19,27211.1171875,13807690550,1.7075246134672373,1.8260770802330404,27194.712265625,27758.790615234375,46.0,Fear,0,,,0
2023-09-20,27132.0078125,13281116604,-0.290724465500225,1.8263957728083053,27143.8377734375,27782.68390625,47.0,Neutral,0,,,0
2023-09-21,26567.6328125,13371443708,-2.080107760178318,1.8692549086520132,27092.15125,27803.344501953125,47.0,Neutral,0,,,0
2023-09-22,26579.568359375,10578746709,0.04492514240630463,1.8490355223302988,27040.1690234375,27824.0935546875,43.0,Fear,0,,,0
2023-09-23,26579.390625,7404700301,-0.0006686879658768241,1.8383403769649205,26990.275,27845.89166015625,47.0,Neutral,0,,,1
2023-09-24,26256.826171875,8192867686,-1.213588594546644,1.8511209490538678,26934.568984375,27868.585390625,44.0,Fear,0,,,1
2023-09-25,26298.48046875,11997833257,0.15864178176880905,1.8508663409698132,26879.701484375,27898.262685546873,47.0,Neutral,0,,,0
2023-09-26,26217.25,9985498161,-0.30887894396227633,1.851344831148056,26820.434921875,27928.41271484375,46.0,Fear,0,,,0
2023-09-27,26352.716796875,11718380997,0.5167086436411061,1.8534526821896982,26752.1794140625,27957.014248046875,44.0,Fear,0,,,0
2023-09-28,27021.546875,14079002707,2.537992888096885,1.524513309861947,26701.38046875,27981.302236328123,46.0,Fear,0,,,0
2023-09-29,26911.720703125,10396435377,-0.4064392478456136,1.5004123827967302,26651.023046875,27994.873173828124,48.0,Neutral,0,,,0
2023-09-30,26967.916015625,5331172801,0.20881352448591795,1.1710496037975977,26602.4270703125,28005.9823828125,47.0,Neutral,0,,,1
2023-10-01,27983.75,9503917434,3.7668241913332734,1.3380753681194173,26573.7827734375,28024.021328125,48.0,Neutral,0,,,1
2023-10-02,27530.78515625,19793041322,-1.6186709920936293,1.3822565782917235,26538.7401953125,28036.41130859375,50.0,Neutral,0,,,0
2023-10-03,27429.978515625,11407814187,-0.3661597010505724,1.385884037543028,26499.1708984375,28036.441552734374,50.0,Neutral,0,,,0
2023-10-04,27799.39453125,11143355314,1.3467601347721292,1.3929817577016677,26471.7518359375,28040.609130859375,49.0,Neutral,0,,,0
2023-10-05,27415.912109375,11877253670,-1.379463216164356,1.4233313995289723,26446.0344921875,28037.4953125,48.0,Neutral,0,,,0
2023-10-06,27946.59765625,13492391599,1.9356844476223989,1.4559116356052497,26471.6754296875,28038.392119140626,50.0,Neutral,0,,,0
2023-10-07,27968.83984375,6553044316,0.07958817661306572,1.4241454039543102,26510.06109375,28037.357236328124,49.0,Neutral,0,,,1
2023-10-08,27935.08984375,7916875290,-0.1206700034343422,1.3976371013512738,26546.8387890625,28040.495498046876,50.0,Neutral,0,,,1
2023-10-09,27583.677734375,12007668568,-1.2579594744121514,1.4241334667395735,26574.7206640625,28036.7440234375,50.0,Neutral,0,,,0
2023-10-10,27391.01953125,9973350678,-0.6984500217130485,1.4316303160136488,26600.0582421875,28036.2326953125,50.0,Neutral,0,,,0
2023-10-11,26873.3203125,13648094333,-1.8900326735168282,1.3894480779419696,26616.8915234375,28033.12576171875,47.0,Neutral,0,,,0
2023-10-12,26756.798828125,9392909295,-0.43359541366684295,1.3152635593686643,26623.3946875,28026.93810546875,45.0,Fear,0,,,0
2023-10-13,26862.375,15165312851,0.39457699163931714,1.289577968321743,26637.3947265625,28025.550537109375,44.0,Fear,0,,,0
2023-10-14,26861.70703125,5388116782,-0.0024866332556272575,1.2727856395907844,26653.6755078125,28023.51841796875,47.0,Neutral,0,,,1
2023-10-15,27159.65234375,7098201980,1.1091823470242623,1.2870260970389564,26676.699296875,28017.57447265625,45.0,Fear,0,,,1
2023-10-16,28519.466796875,27833876539,5.006744695824206,1.569174639088554,26725.294765625,28020.003994140625,47.0,Neutral,0,,,0
2023-10-17,28415.748046875,14872527508,-0.36367703063566736,1.5717084662366045,26771.48671875,28019.6903125,52.0,Neutral,0,,,0
2023-10-18,28328.341796875,12724128586,-0.30759792019486865,1.570722932170343,26783.505703125,28019.276845703123,50.0,Neutral,0,,,0
2023-10-19,28719.806640625,14448058195,1.3818840741083749,1.5610590340966572,26811.9565234375,28021.8793359375,52.0,Neutral,0,,,0
2023-10-20,29682.94921875,21536125230,3.3535830870205396,1.6608345836567517,26886.9860546875,28031.342978515626,53.0,Neutral,0,,,0
2023-10-21,29918.412109375,11541146996,0.7932597562652743,1.5997907950054813,26969.3398046875,28040.09458984375,63.0,Greed,0,,,1
2023-10-22,29993.896484375,10446520040,0.2523007395046406,1.598611482863236,27051.8417578125,28049.174150390623,53.0,Neutral,0,,,1
2023-10-23,33086.234375,38363572311,10.309890521346299,2.408942053212688,27194.1751171875,28074.384619140626,53.0,Neutral,0,,,0
2023-10-24,33901.52734375,44934999645,2.464145540134477,2.3986274106563528,27355.95734375,28104.262958984375,66.0,Greed,0,,,0
2023-10-25,34502.8203125,25254318008,1.7736456610143003,2.399953768412681,27530.4141015625,28137.0380859375,72.0,Greed,0,,,0
2023-10-26,34156.6484375,19427195376,-1.0033147199696724,2.415671480677458,27698.48234375,28166.15607421875,71.0,Greed,0,,,0
2023-10-27,33909.80078125,16418032871,-0.7226928505637331,2.4332131447780094,27851.874453125,28187.44017578125,70.0,Greed,0,,,0
2023-10-28,34089.57421875,10160330825,0.5301518539129857,2.4133252259505595,28015.5528515625,28206.71275390625,65.0,Greed,0,,,1
2023-10-29,34538.48046875,11160323986,1.3168432293093613,2.403998519005243,28188.40890625,28228.709892578125,72.0,Greed,0,,,1
2023-10-30,34502.36328125,17184860315,-0.10457086417764438,2.4076127243084264,28361.811640625,28249.226376953124,68.0,Greed,0,,,0
2023-10-31,34667.78125,15758270810,0.4794395311462418,2.3443300230733306,28551.9141796875,28270.136787109375,66.0,Greed,0,,,0
2023-11-01,35437.25390625,22446272005,2.2195613001625203,2.3156170824076594,28743.9923828125,28295.730576171874,66.0,Greed,0,,,0
2023-11-02,34938.2421875,20998158544,-1.4081557224217889,2.342455713848414,28918.1907421875,28318.845009765624,72.0,Greed,0,,,0
2023-11-03,34732.32421875,17158456701,-0.5893770145759425,2.3545147546757526,29082.04375,28345.28140625,65.0,Greed,0,,,0
2023-11-04,35082.1953125,9561294264,1.0073356782761111,2.31942145527239,29251.5137890625,28368.704619140626,68.0,Greed,0,,,1
2023-11-05,35049.35546875,12412743996,-0.0936082917772807,2.3162610143798332,29421.1352734375,28399.837998046874,70.0,Greed,0,,,1
2023-11-06,35037.37109375,12693436420,-0.03419285416157436,2.317544519003071,29591.1989453125,28433.794912109373,74.0,Greed,0,,,0
2023-11-07,35443.5625,18834737789,1.1593090279608864,2.312191461833333,29764.9845703125,28474.628173828125,68.0,Greed,0,,,0
2023-11-08,35655.27734375,17295394918,0.5973294692089626,2.2792343610703103,29933.8677734375,28513.817060546877,66.0,Greed,0,,,0
2023-11-09,36693.125,37762672382,2.9107827327892632,2.2881047775089716,30125.0901171875,28559.32576171875,69.0,Greed,0,,,0
2023-11-10,37313.96875,22711265155,1.6919893031732691,2.2244772607789076,30340.0168359375,28608.26890625,70.0,Greed,0,,,0
2023-11-11,37138.05078125,13924272142,-0.47145338500075296,2.225401278445124,30551.186484375,28652.421171875,70.0,Greed,0,,,1
2023-11-12,37054.51953125,11545715999,-0.2249209321512735,2.2352334988441336,30760.6890625,28695.580263671876,73.0,Greed,0,,,1
2023-11-13,36502.35546875,19057712790,-1.4901395821212304,2.276676935434933,30965.5996484375,28730.72310546875,72.0,Greed,0,,,0
2023-11-14,35537.640625,23857403554,-2.6428838121854925,2.3743603506055417,31150.3828515625,28761.71,69.0,Greed,0,,,0
2023-11-15,37880.58203125,27365821679,6.592844558740318,2.4835013539619846,31383.6494921875,28804.87046875,60.0,Greed,0,,,0
2023-11-16,36154.76953125,26007385366,-4.5559292055657234,2.6724299448351934,31579.690546875,28839.300283203123,70.0,Greed,0,,,0
2023-11-17,36596.68359375,22445028430,1.2222842746045792,2.664370261783456,31771.19328125,28881.825859375,63.0,Greed,0,,,0
2023-11-18,36585.703125,11886022717,-0.030003999465888498,2.6678588320076737,31964.6729296875,28921.351689453124,69.0,Greed,0,,,1
2023-11-19,37386.546875,12915986553,2.1889527372586093,2.6383840757524273,32173.045546875,28963.252880859374,66.0,Greed,0,,,1
2023-11-20,37476.95703125,20888209068,0.24182537251242753,2.640386115521956,32362.9096875,29006.399111328126,69.0,Greed,0,,,0
2023-11-21,35813.8125,25172163756,-4.437779006078834,2.806701588390916,32528.570234375,29037.79625,71.0,Greed,0,,,0
2023-11-22,37432.33984375,24397247860,4.5192824521265385,2.2648523902106303,32728.6174609375,29080.434833984375,62.0,Greed,0,,,0
2023-11-23,37289.62109375,14214948217,-0.3812712499291715,2.236429398200049,32918.4219921875,29124.608046875,66.0,Greed,0,,,0
2023-11-24,37720.28125,22922957823,1.1549062275727495,2.2255985327896255,33124.509375,29174.7380859375,66.0,Greed,0,,,0
2023-11-25,37796.79296875,9099571165,0.20283973558654633,2.211693266984245,33321.51328125,29225.428173828124,73.0,Greed,0,,,1
2023-11-26,37479.12109375,13744796068,-0.8404730932136117,2.2137879685815314,33511.71890625,29274.715,73.0,Greed,0,,,1
2023-11-27,37254.16796875,19002925720,-0.6002091789647501,2.220361197699349,33698.10046875,29325.98189453125,66.0,Greed,0,,,0
2023-11-28,37831.0859375,21696137014,1.548599794884531,2.2243485962266427,33903.0486328125,29381.112373046875,68.0,Greed,0,,,0
2023-11-29,37858.4921875,20728546658,0.07244373065387055,2.2233968368769386,34112.3980859375,29436.484443359375,72.0,Greed,0,,,0
2023-11-30,37712.74609375,18115982627,-0.38497596002547985,2.227040428231424,34329.1866015625,29490.39498046875,74.0,Greed,0,,,0
2023-12-01,38688.75,23512784002,2.5879947957747618,2.238947439254112,34567.825625,29547.875263671875,71.0,Greed,0,,,0
2023-12-02,39476.33203125,15534035612,2.0356874575942596,2.2357233204822493,34820.104765625,29610.073671875,74.0,Greed,0,,,1
2023-12-03,39978.390625,15769696322,1.2717964611113297,2.2322266170543816,35082.4384375,29672.971611328125,73.0,Greed,0,,,1
2023-12-04,41980.09765625,39856129827,5.006972516793251,2.378588699029378,35378.84734375,29748.7110546875,74.0,Greed,0,,,0
2023-12-05,44080.6484375,36312154535,5.003682455553493,2.5040664658394,35690.0709765625,29834.66365234375,75.0,Greed,0,,,0
2023-12-06,43746.4453125,29909761586,-0.7581629055975703,2.5158158440230367,35996.684921875,29917.74794921875,72.0,Greed,0,,,0
2023-12-07,43292.6640625,27635760671,-1.0372985662227885,2.53606982769536,36295.9713671875,30000.442138671875,72.0,Greed,0,,,0
2023-12-08,44166.6015625,24421116687,2.018673414826888,2.5473405579802986,36604.907265625,30087.018759765626,72.0,Greed,0,,,0
2023-12-09,43725.984375,17368210171,-0.9976252913108663,2.532774988536753,36885.76796875,30169.520048828126,73.0,Greed,0,,,1
2023-12-10,43779.69921875,13000481418,0.12284421841561866,2.526001291857066,37162.9937109375,30256.744453125,74.0,Greed,0,,,1
2023-12-11,41243.83203125,40632672038,-5.792335792051162,2.7757165697375945,37387.992421875,30330.582578125,74.0,Greed,0,,,0
2023-12-12,41450.22265625,24779520132,0.5004157345118276,2.773358365197089,37555.2721875,30404.237236328125,67.0,Greed,0,,,0
2023-12-13,42890.7421875,26797884674,3.475299863154757,2.8039592785345095,37735.056484375,30484.3491796875,65.0,Greed,0,,,0
2023-12-14,43023.97265625,25578530178,0.31062756659134827,2.738085696213962,37905.47953125,30559.040810546874,72.0,Greed,0,,,0
2023-12-15,41929.7578125,19639442462,-2.543267802098337,2.5594828215958354,38060.94171875,30629.96017578125,70.0,Greed,0,,,0
2023-12-16,42240.1171875,14386729590,0.7401888090740938,2.3846188732120543,38227.548046875,30702.649013671875,67.0,Greed,0,,,1
2023-12-17,41364.6640625,16678702876,-2.072563201266564,2.4279454936619813,38373.04984375,30773.37404296875,73.0,Greed,0,,,1
2023-12-18,42623.5390625,25224642008,3.0433584522719714,2.4719761960899476,38534.751015625,30852.391875,65.0,Greed,0,,,0
2023-12-19,42270.52734375,23171001281,-0.8282083715112631,2.4639393502402642,38690.114296875,30927.4965625,73.0,Greed,0,,,0
2023-12-20,43652.25,27868908174,3.2687613405284255,2.5169734083048065,38869.803671875,31010.38216796875,74.0,Greed,0,,,0
2023-12-21,43869.15234375,22452766169,0.49688697318006625,2.3350996375778887,39038.441640625,31094.13259765625,70.0,Greed,0,,,0
2023-12-22,43997.90234375,21028503216,0.2934864092908329,2.221772528519497,39219.63484375,31185.32162109375,74.0,Greed,0,,,0
2023-12-23,43739.54296875,13507796558,-0.5872083923035065,2.2251093621839346,39399.77921875,31267.825419921875,70.0,Greed,0,,,1
2023-12-24,43016.1171875,18830554085,-1.653939964043194,2.257940795718817,39558.45765625,31351.176015625,71.0,Greed,0,,,1
2023-12-25,43613.140625,21115795370,1.3879063861056418,2.2635829783570367,39729.733359375,31436.700634765624,73.0,Greed,0,,,0
2023-12-26,42520.40234375,30026850982,-2.5055253200995553,2.3174320595624907,39879.393984375,31516.900771484376,71.0,Greed,0,,,0
2023-12-27,43442.85546875,25260941032,2.1694364920222586,2.329392774462051,40039.37984375,31604.85884765625,73.0,Greed,0,,,0
2023-12-28,42627.85546875,22992093014,-1.8760276947869081,2.361937032065092,40178.83140625,31688.29728515625,73.0,Greed,0,,,0
2023-12-29,42099.40234375,26000021055,-1.2396896798793966,2.3807767938779487,40286.956953125,31769.281796875,65.0,Greed,0,,,0
2023-12-30,42156.90234375,16013925945,0.13658151137276864,2.3768847659063472,40383.815625,31850.472666015627,68.0,Greed,0,,,1
2023-12-31,42265.1875,16397498810,0.2568622223877659,2.340693823224362,40486.358359375,31936.175224609375,67.0,Greed,0,,,1
2024-01-01,44167.33203125,18426978443,4.50049945064126,2.443917415851337,40628.614609375,32029.129912109376,65.0,Greed,0,,,0
2024-01-02,44957.96875,39335274536,1.7900939051301412,2.45208377675341,40797.726875,32122.28244140625,71.0,Greed,0,,,0
2024-01-03,42848.17578125,46342323118,-4.692812036242189,2.465995880930741,40943.937578125,32203.96994140625,70.0,Greed,0,,,0
2024-01-04,44179.921875,30448091210,3.108057856532498,2.3578682519689034,41069.924375,32293.188486328127,68.0,Greed,0,,,0
2024-01-05,44162.69140625,32336029347,-0.03900067727314882,2.3531825188404354,41230.0828125,32379.746796875,72.0,Greed,0,,,0
2024-01-06,43989.1953125,16092503468,-0.3928567037593367,2.34576432909936,41377.933046875,32458.05533203125,70.0,Greed,0,,,1
2024-01-07,43943.09765625,19330573863,-0.10479313368322307,2.3171097902920006,41525.0809375,32527.6343359375,71.0,Greed,0,,,1
2024-01-08,46970.50390625,42746192015,6.889378335779228,2.6258061864122597,41716.760078125,32612.92544921875,71.0,Greed,0,,,0
2024-01-09,46139.73046875,39821290992,-1.7687130611972357,2.652092157789723,41890.015546875,32690.1467578125,76.0,Extreme Greed,0,,,0
2024-01-10,46627.77734375,50114613298,1.0577584004972662,2.4005316509320864,42106.29484375,32770.54216796875,73.0,Greed,0,,,0
2024-01-11,46368.5859375,45833734549,-0.5558733892443213,2.407311940788311,42285.019765625,32849.9837890625,76.0,Extreme Greed,0,,,0
2024-01-12,42853.16796875,43332698900,-7.581464687080208,2.743508380082909,42396.290703125,32912.893974609375,71.0,Greed,0,,,0
2024-01-13,42842.3828125,20601860469,-0.025167698821859652,2.7430241185103212,42498.732734375,32973.665068359376,64.0,Greed,0,,,1
2024-01-14,41796.26953125,17521429522,-2.44177193838242,2.739811256012951,42578.722265625,33032.21518554688,60.0,Greed,0,,,1
2024-01-15,42511.96875,22320220558,1.712351907901466,2.754263351855434,42679.37921875,33092.548271484375,52.0,Neutral,0,,,0
2024-01-16,43154.9453125,24062872740,1.5124600939588229,2.7363415431399947,42797.394765625,33155.93673828125,64.0,Greed,0,,,0
2024-01-17,42742.65234375,20851232595,-0.9553782672285682,2.6889185849740067,42895.62609375,33216.699609375,60.0,Greed,0,,,0
2024-01-18,41262.05859375,25218357242,-3.4639725632667706,2.7605214711065362,42963.697421875,33269.9060546875,63.0,Greed,0,,,0
2024-01-19,41618.40625,25752407154,0.863620644230223,2.695162120967517,43041.810625,33322.215888671875,51.0,Neutral,0,,,0
2024-01-20,41665.5859375,11586690904,0.11336255217606617,2.6930260520704636,43101.34734375,33376.65590820312,52.0,Neutral,0,,,1
2024-01-21,41545.78515625,9344043642,-0.28752933279206916,2.69191677749333,43142.73640625,33431.81400390625,56.0,Greed,0,,,1
2024-01-22,39507.3671875,31338708143,-4.906437466721814,2.8278591458081337,43133.3159375,33479.80415039063,55.0,Greed,0,,,0
2024-01-23,39845.55078125,29244553045,0.8560013431039293,2.823538891820842,43090.625,33527.32057617188,50.0,Neutral,0,,,0
2024-01-24,40077.07421875,22359526178,0.5810521700930993,2.811550794310291,43010.553515625,33576.2432421875,48.0,Neutral,0,,,0
2024-01-25,39933.80859375,18491782013,-0.35747525934159974,2.77910879989375,42934.30078125,33625.05611328125,52.0,Neutral,0,,,0
2024-01-26,41816.87109375,25598119893,4.715459322091098,2.889729948946267,42904.784921875,33682.068115234375,49.0,Neutral,0,,,0
2024-01-27,42120.0546875,11422941934,0.7250269707417489,2.87315974166893,42863.853984375,33739.5636328125,55.0,Greed,0,,,1
2024-01-28,42035.59375,16858971687,-0.2005242826170095,2.8639456388103346,42830.046171875,33797.78336914063,54.0,Neutral,0,,,1
2024-01-29,43288.24609375,20668476578,2.9799801358818767,2.914041112055406,42820.217109375,33856.84435546875,55.0,Greed,0,,,0
2024-01-30,42952.609375,23842814518,-0.7753530092744043,2.9185770892558955,42854.39265625,33919.93706054687,61.0,Greed,0,,,0
2024-01-31,42582.60546875,24673628793,-0.861423582021903,2.8013222989844015,42877.0403125,33981.3710546875,60.0,Greed,0,,,0
2024-02-01,43075.7734375,21423953779,1.1581441842771323,2.7890967914936393,42880.7409375,34045.5042578125,63.0,Greed,0,,,0
2024-02-02,43185.859375,18603843039,0.25556346111748063,2.6513142170123283,42883.978671875,34110.70411132812,63.0,Greed,0,,,0
2024-02-03,42992.25,11169245236,-0.44831659668692625,2.5891229128108115,42905.228515625,34176.38254882812,60.0,Greed,0,,,1
2024-02-04,42583.58203125,14802225490,-0.9505619472114146,2.594233764533447,42912.0978125,34239.73083984375,60.0,Greed,0,,,1
2024-02-05,42658.66796875,18715487317,0.17632602500394778,2.5940130664347105,42937.977890625,34304.0641015625,60.0,Greed,0,,,0
2024-02-06,43084.671875,16798476726,0.9986338686479135,2.6013095494532052,42947.200546875,34369.943740234376,64.0,Greed,0,,,0
2024-02-07,44318.22265625,21126587775,2.8630850081180936,2.3205716631420645,42988.154453125,34442.67583984375,62.0,Greed,0,,,0
2024-02-08,45301.56640625,26154524080,2.2188248784866804,2.3397870154304847,43021.14078125,34518.7609765625,66.0,Greed,0,,,0
2024-02-09,47147.19921875,39316770844,4.0741037427910465,2.4505138149798458,43086.70171875,34608.61239257813,72.0,Greed,0,,,0
2024-02-10,47771.27734375,16398681570,1.3236801662479536,2.458070445331426,43162.16921875,34701.331826171874,74.0,Greed,0,,,1
2024-02-11,48293.91796875,19315867136,1.0940478338881565,1.9843447918765662,43253.25671875,34796.02655273437,71.0,Greed,0,,,1
2024-02-12,49958.22265625,34511985805,3.4461993507690414,2.057460850803196,43392.098828125,34899.76421875,70.0,Greed,0,,,0
2024-02-13,49742.44140625,35593051468,-0.4319233922406296,1.988800184479226,43514.68484375,35001.8801953125,79.0,Extreme Greed,0,,,0
2024-02-14,51826.6953125,39105608050,4.190091694992915,2.0856360637387725,43700.810703125,35114.22908203125,74.0,Greed,0,,,0
2024-02-15,51938.5546875,38564360533,0.21583350882306007,2.0812968809044747,43870.7246875,35227.5453125,72.0,Greed,0,,,0
2024-02-16,52160.203125,28180567298,0.4267512618200353,2.059944234278124,44061.371640625,35342.195771484374,72.0,Greed,0,,,0
2024-02-17,51662.99609375,20009091006,-0.9532306269177337,1.932573418948313,44252.643515625,35452.13208984375,76.0,Extreme Greed,0,,,1
2024-02-18,52122.546875,17595377311,0.8895163192163213,1.9326224129572254,44451.95640625,35566.98502929688,72.0,Greed,0,,,1
2024-02-19,51779.14453125,21362184346,-0.6588364620277343,1.9467733256151059,44642.235546875,35679.98735351562,75.0,Greed,0,,,0
2024-02-20,52284.875,33353758256,0.9767068832988945,1.9373070039567037,44804.58640625,35796.04126953125,72.0,Greed,0,,,0
2024-02-21,51839.1796875,28624907020,-0.8524364120598982,1.6459283821664301,44942.210625,35910.02653320313,78.0,Extreme Greed,0,,,0
2024-02-22,51304.97265625,25413900611,-1.0305082651198116,1.6841503415137589,45111.3465625,36021.34211914062,74.0,Greed,0,,,0
2024-02-23,50731.94921875,21427078270,-1.1168964874795462,1.721941634203388,45242.387109375,36129.09897460938,76.0,Extreme Greed,0,,,0
2024-02-24,51571.1015625,15174077879,1.6540904827679226,1.7143422742524321,45390.5553125,36238.127021484375,72.0,Greed,0,,,1
2024-02-25,51733.23828125,15413239245,0.3143945229742817,1.5548168820471,45545.436171875,36348.9857421875,74.0,Greed,0,,,1
2024-02-26,54522.40234375,34074411896,5.391435284481116,1.7730864403646185,45757.022265625,36474.44979492188,72.0,Greed,0,,,0
2024-02-27,57085.37109375,49756832031,4.700762695380023,1.8920142906418296,45959.319609375,36612.888076171876,79.0,Extreme Greed,0,,,0
2024-02-28,62504.7890625,83239156760,9.493531994124748,2.421644263119538,46286.62078125,36778.33219726563,82.0,Extreme Greed,0,,,0
2024-02-29,61198.3828125,65496611844,-2.090089846865484,2.4711279886707627,46578.032890625,36937.90954101562,80.0,Extreme Greed,0,,,0
2024-03-01,62440.6328125,40186368423,2.029873900109447,2.4435572618910846,46899.473828125,37103.07048828125,80.0,Extreme Greed,0,,,0
2024-03-02,62029.84765625,23888473685,-0.6578811548619723,2.469851828459069,47283.007421875,37267.36798828125,80.0,Extreme Greed,0,,,1
2024-03-03,63167.37109375,26253811450,1.833832389535761,2.4647116245143703,47689.5071875,37439.69594726562,83.0,Extreme Greed,0,,,1
2024-03-04,68330.4140625,70670471105,8.173591649219114,2.740572971418547,48220.190078125,37648.02526367187,82.0,Extreme Greed,0,,,0
2024-03-05,63801.19921875,102802940877,-6.628402455760396,3.095273434609711,48645.9746875,37836.7834765625,90.0,Extreme Greed,0,,,0
2024-03-06,66106.8046875,68750229073,3.613733749494208,3.111908557321188,49105.011875,38036.83647460937,75.0,Greed,0,,,0
2024-03-07,66925.484375,46989543159,1.2384196927533564,3.1108396571770993,49588.668515625,38240.5159765625,82.0,Extreme Greed,0,,,0
2024-03-08,68300.09375,59202881172,2.0539401213709896,3.1023319641836107,50129.42921875,38451.3957421875,81.0,Extreme Greed,0,,,0
2024-03-09,68498.8828125,21609650379,0.2910524006418447,3.1068435169621513,50667.03875,38663.731875,84.0,Extreme Greed,0,,,1
2024-03-10,69019.7890625,35683977532,0.7604594828588107,3.0683933510442696,51214.1228125,38876.6726171875,79.0,Extreme Greed,0,,,1
2024-03-11,72123.90625,65716656765,4.497430707429584,3.122647970971142,51825.685234375,39106.48028320313,82.0,Extreme Greed,0,,,0
2024-03-12,71481.2890625,62554434520,-0.8909905479502545,3.150890409009755,52465.163671875,39333.64838867188,81.0,Extreme Greed,0,,,0
2024-03-13,73083.5,48212536929,2.2414410239567806,3.1310348160562023,53129.92265625,39569.02357421875,81.0,Extreme Greed,0,,,0
2024-03-14,71396.59375,59594605698,-2.30819028918976,3.185552748037525,53756.313046875,39795.558076171874,88.0,Extreme Greed,0,,,0
2024-03-15,69403.7734375,78320453976,-2.7911980219644583,3.218944627626943,54345.71234375,40012.04619140625,83.0,Extreme Greed,0,,,0
2024-03-16,65315.1171875,46842198371,-5.891115205258901,3.456373473890665,54815.677265625,40199.98481445313,81.0,Extreme Greed,0,,,1
2024-03-17,68390.625,44716864318,4.708722796395115,3.527104967338174,55341.088671875,40405.45161132813,79.0,Extreme Greed,0,,,1
2024-03-18,67548.59375,49261579492,-1.23120859035869,3.5326826849245645,55851.348671875,40613.537216796874,77.0,Extreme Greed,0,,,0
2024-03-19,61912.7734375,74215844794,-8.343356981432349,3.9197523926773474,56223.83921875,40794.0974609375,79.0,Extreme Greed,0,,,0
2024-03-20,67913.671875,66792634382,9.692504638897837,4.242899447597977,56723.06046875,41004.32182617187,74.0,Greed,0,,,0
2024-03-21,65491.390625,44480350565,-3.5667063539995048,4.323869065231871,57181.236171875,41201.930947265624,78.0,Extreme Greed,0,,,0
2024-03-22,63778.76171875,41401116964,-2.615044343853401,4.359529796869367,57595.2959375,41391.76267578125,75.0,Greed,0,,,0
2024-03-23,64062.203125,24738964812,0.4444134671348854,4.346655935916189,58012.8228125,41583.17377929688,73.0,Greed,0,,,1
2024-03-24,67234.171875,27206630673,4.951388799118828,4.39370866813597,58497.66125,41790.57845703125,74.0,Greed,0,,,1
2024-03-25,69958.8125,42700139523,4.052464020923141,4.427042075809684,59045.165859375,42009.17154296875,75.0,Greed,0,,,0
2024-03-26,69987.8359375,36010437368,0.041486463910467286,4.429025243970221,59591.74921875,42229.582451171875,81.0,Extreme Greed,0,,,0
2024-03-27,69455.34375,40827113309,-0.7608353371227561,4.365763342381462,60119.16265625,42447.38078125,83.0,Extreme Greed,0,,,0
2024-03-28,70744.953125,34374900617,1.8567460837021654,4.310952759889514,60647.697265625,42671.9444140625,80.0,Extreme Greed,0,,,0
2024-03-29,69892.828125,25230851763,-1.204502883045766,3.9987642464980984,61139.5225,42895.595283203125,79.0,Extreme Greed,0,,,0
2024-03-30,69645.3046875,17130241883,-0.35414711944022903,3.9732175212129404,61589.484609375,43114.65508789063,75.0,Greed,0,,,1
2024-03-31,71333.6484375,20050941373,2.424203264779501,3.9790740253456622,62060.73203125,43340.181708984375,75.0,Greed,0,,,1
2024-04-01,69702.1484375,34873527352,-2.2871394296192005,4.006742252893091,62488.896640625,43555.99408203125,79.0,Extreme Greed,0,,,0
2024-04-02,65446.97265625,50705240709,-6.104798598949213,4.172080395492734,62798.671640625,43750.185478515625,79.0,Extreme Greed,0,,,0
2024-04-03,65980.8125,34488018367,0.8156830210526378,3.894333796610004,63123.4390625,43947.24813476563,71.0,Greed,0,,,0
2024-04-04,68508.84375,34439527442,3.8314642609167615,3.7499825116131897,63457.08203125,44157.12141601562,70.0,Greed,0,,,0
2024-04-05,67837.640625,33748230056,-0.9797320875087778,3.7037407959802784,63775.06375,44362.53821289063,79.0,Extreme Greed,0,,,0
2024-04-06,68896.109375,19967785809,1.5602971156545964,3.707459601974038,64109.781875,44570.963173828124,75.0,Greed,0,,,1
2024-04-07,69362.5546875,21204930369,0.6770270726916605,3.6917347181078903,64463.773046875,44782.11590820312,78.0,Extreme Greed,0,,,1
2024-04-08,71631.359375,37261432669,3.270935878474601,3.7363901325690736,64853.949296875,45007.434541015624,76.0,Extreme Greed,0,,,0
2024-04-09,69139.015625,36426900409,-3.4794031158228322,3.794838067123925,65201.14671875,45220.23177734375,80.0,Extreme Greed,0,,,0
2024-04-10,70587.8828125,38318601774,2.09558550176423,3.7229804295915665,65567.206875,45440.27423828125,78.0,Extreme Greed,0,,,0
2024-04-11,70060.609375,30153382941,-0.7469744331340511,3.7218910330475445,65931.63546875,45659.29315429687,76.0,Extreme Greed,0,,,0
2024-04-12,67195.8671875,44129299406,-4.088948430588779,3.7695758680526033,66249.453359375,45863.78008789063,79.0,Extreme Greed,0,,,0
2024-04-13,63821.47265625,52869738185,-5.0217292706919885,3.8532599806359857,66511.243828125,46051.801201171875,72.0,Greed,0,,,1
2024-04-14,65738.7265625,49084320047,3.004089104268326,3.869372020206657,66794.596328125,46248.73125,72.0,Greed,0,,,1
2024-04-15,63426.2109375,43595917654,-3.517737178558533,3.7700482148466947,67028.45578125,46430.7545703125,74.0,Greed,0,,,0
2024-04-16,63811.86328125,42847528078,0.6080330797783695,3.6652255833737573,67214.245,46615.25528320312,65.0,Greed,0,,,0
2024-04-17,61276.69140625,41915247049,-3.9728848910527192,3.72637553394799,67298.07140625,46786.79916015625,67.0,Greed,0,,,0
2024-04-18,63512.75390625,36006307335,3.649124077498622,3.462962178553394,67318.230703125,46964.4441796875,57.0,Greed,0,,,0
2024-04-19,63843.5703125,49920425401,0.5208661031110617,2.9589585044161186,67371.134453125,47146.00810546875,66.0,Greed,0,,,0
2024-04-20,64994.44140625,23097485495,1.8026421268684478,2.907941494464728,67422.210625,47333.83041992188,66.0,Greed,0,,,1
2024-04-21,64926.64453125,20506644853,-0.10431180502996629,2.86543483036019,67480.1465625,47519.46666992187,72.0,Greed,0,,,1
2024-04-22,66837.6796875,28282686673,2.9433758205850147,2.911757216841645,67553.552734375,47716.5755078125,73.0,Greed,0,,,0
2024-04-23,66407.2734375,24310975583,-0.6439574982440521,2.7716011704240144,67515.089921875,47908.87888671875,71.0,Greed,0,,,0
2024-04-24,64276.8984375,30276655120,-3.208044676017341,2.721742621687018,67524.60390625,48090.4191796875,72.0,Greed,0,,,0
2024-04-25,64481.70703125,32155786816,0.31863484195515657,2.7232212749031213,67492.101953125,48273.152265625,72.0,Greed,0,,,0
2024-04-26,63755.3203125,24139372950,-1.1265004482557628,2.7264652522551547,67428.698671875,48454.01047851562,70.0,Greed,0,,,0
2024-04-27,63419.140625,19530783039,-0.5272966802647994,2.6975714007532434,67331.079609375,48634.151083984376,67.0,Greed,0,,,1
2024-04-28,63113.23046875,17334827993,-0.4823625063903991,2.692699811288952,67223.3665625,48815.35063476562,65.0,Greed,0,,,1
2024-04-29,63841.12109375,26635912073,1.1533090916022948,2.705767952688746,67119.793203125,49000.77224609375,67.0,Greed,0,,,0
2024-04-30,60636.85546875,37840840057,-5.0191249309274655,2.791630406999377,66890.0521875,49169.6446484375,67.0,Greed,0,,,0
2024-05-01,58254.01171875,48439780271,-3.929695449375714,2.843475672561399,66625.506640625,49326.606171875,54.0,Neutral,0,,,0
2024-05-02,59123.43359375,32711813559,1.4924669552331737,2.6650336666469334,66346.3053125,49486.425078125,43.0,Fear,0,,,0
2024-05-03,62889.8359375,33172023048,6.370405294167747,2.9256872747299045,66176.17015625,49658.276923828125,48.0,Neutral,0,,,0
2024-05-04,63891.47265625,20620477992,1.5926845790239064,2.8490124014258433,66065.924140625,49835.655546875,67.0,Greed,0,,,1
2024-05-05,64031.1328125,18296164805,0.2185896653241981,2.8460002744874235,66040.244453125,50014.169501953125,69.0,Greed,0,,,1
2024-05-06,63161.94921875,28697928697,-1.3574390387488533,2.8352652789208515,65935.6709375,50186.38021484375,71.0,Greed,0,,,0
2024-05-07,62334.81640625,25930730982,-1.309542885757653,2.8360591021495547,65831.395390625,50349.63955078125,68.0,Greed,0,,,0
2024-05-08,61187.94140625,26088172222,-1.8398626419713127,2.7657629485280113,65816.89875,50505.987197265626,64.0,Greed,0,,,0
2024-05-09,63049.9609375,25453338161,3.043115176709965,2.7787449994073365,65719.62453125,50671.26751953125,55.0,Greed,0,,,0
2024-05-10,60792.77734375,27804954694,-3.5799920573900024,2.805252764375308,65625.652265625,50809.800234375,66.0,Greed,0,,,0
2024-05-11,60793.7109375,13842272968,0.0015356984674586016,2.805928403091036,65565.95125,50944.26115234375,53.0,Neutral,0,,,1
2024-05-12,61448.39453125,13800459405,1.076893618853214,2.7313957599764294,65513.675078125,51078.9890234375,56.0,Greed,0,,,1
2024-05-13,62901.44921875,27889181179,2.3646747788683697,2.6180632532264028,65427.020625,51222.71302734375,57.0,Greed,0,,,0
2024-05-14,61552.7890625,28186271527,-2.144084393922019,2.581800980095548,65258.90015625,51360.92796875,66.0,Greed,0,,,0
2024-05-15,66267.4921875,39815167074,7.659609250545496,2.8744630993643834,65184.49328125,51521.81755859375,64.0,Greed,0,,,0
2024-05-16,65231.58203125,31573077994,-1.563225228621834,2.89075108814139,65100.018046875,51675.28306640625,70.0,Greed,0,,,0
2024-05-17,67051.875,28031279310,2.790508695432159,2.824048809544937,65026.156484375,51838.030625,74.0,Greed,0,,,0
2024-05-18,66940.8046875,16712277406,-0.16564833198177142,2.754890215587951,64967.116015625,51999.3957421875,73.0,Greed,0,,,1
2024-05-19,66278.3671875,19249094538,-0.9895869986810912,2.762834383551152,64899.777265625,52153.60130859375,72.0,Greed,0,,,1
2024-05-20,71448.1953125,43850655717,7.800174241430358,3.084020190550501,64902.068203125,52336.15107421875,70.0,Greed,0,,,0
2024-05-21,70136.53125,46932005990,-1.8358253231772315,3.1091324659833615,64910.755859375,52513.172109375,76.0,Extreme Greed,0,,,0
2024-05-22,69122.3359375,32802561717,-1.446030042296964,3.083793919032145,64984.263125,52683.3728125,76.0,Extreme Greed,0,,,0
2024-05-23,67929.5625,41895680979,-1.7255976976508713,3.0997648528588138,65023.238125,52847.77384765625,76.0,Extreme Greed,0,,,0
2024-05-24,68526.1015625,29197308153,0.8781729788116976,3.037587376405339,65023.58328125,53015.2175,74.0,Greed,0,,,0
2024-05-25,69265.9453125,15473071741,1.0796524727518797,3.041292679602339,65052.149375,53184.3294140625,76.0,Extreme Greed,0,,,1
2024-05-26,68518.09375,15628433737,-1.0796814497022966,3.0405565572732867,65044.5890625,53348.64349609375,75.0,Greed,0,,,1
2024-05-27,69394.5546875,25870990717,1.2791671360530277,3.0418183133200083,65045.2290625,53512.15064453125,74.0,Greed,0,,,0
2024-05-28,68296.21875,32722265965,-1.5827408107827234,3.0587194060776057,64978.52625,53667.06189453125,72.0,Greed,0,,,0
2024-05-29,67578.09375,26707072906,-1.051485738366742,3.064185430502255,64947.3078125,53819.262109375,72.0,Greed,0,,,0
2024-05-30,68364.9921875,29509712534,1.1644282841286824,2.902319139003284,64902.85,53975.81447265625,73.0,Greed,0,,,0
2024-05-31,67491.4140625,27387283769,-1.2778150001159894,2.8033256823289725,64851.46609375,54130.759765625,73.0,Greed,0,,,0
2024-06-01,67706.9375,11641495604,0.31933460054698326,2.797595773281297,64861.6875,54291.60625,72.0,Greed,0,,,1
2024-06-02,67751.6015625,17110588415,0.06596674454519835,2.5679822657952274,64940.290078125,54440.96134765625,73.0,Greed,0,,,1
2024-06-03,68804.78125,32401285324,1.5544720172089965,2.567317856140807,65001.611171875,54604.21140625,73.0,Greed,0,,,0
2024-06-04,70567.765625,33149696545,2.5622992224831664,2.600879781268429,65144.442265625,54774.06681640625,73.0,Greed,0,,,0
2024-06-05,71082.8203125,32810771409,0.7298724608017615,2.581297313681724,65289.86140625,54946.55240234375,75.0,Greed,0,,,0
2024-06-06,70757.1640625,25223152007,-0.4581363662391591,2.566194513706157,65479.470859375,55113.40548828125,78.0,Extreme Greed,0,,,0
2024-06-07,69342.5859375,36188381096,-1.999201273457618,2.5712664700444434,65596.0675,55272.7336328125,77.0,Extreme Greed,0,,,0
2024-06-08,69305.7734375,14262185861,-0.05308786729295578,2.5252805015992057,65705.3115625,55440.1934375,72.0,Greed,0,,,1
2024-06-09,69647.9921875,13534028500,0.49378101278765296,2.413974437124048,65798.382578125,55601.27169921875,75.0,Greed,0,,,1
2024-06-10,69512.28125,20597699541,-0.194852619921404,2.415586963040123,65890.0953125,55762.385,72.0,Greed,0,,,0
2024-06-11,67332.03125,37116136345,-3.136496113771259,2.5003874747420745,65899.98234375,55910.44375,74.0,Greed,0,,,0
2024-06-12,68241.1875,34497940694,1.3502581655740586,2.4787530691826802,65936.660625,56062.66572265625,72.0,Greed,0,,,0
2024-06-13,66756.3984375,28955204146,-2.1757960505889518,2.479838160499236,65986.250625,56209.052109375,70.0,Greed,0,,,0
2024-06-14,66011.09375,27403884779,-1.1164543099157487,2.064553996010287,66016.838359375,56352.83673828125,74.0,Greed,0,,,0
2024-06-15,66191.0,14121265576,0.27253941690672523,2.0435001737973697,66065.551953125,56494.63630859375,74.0,Greed,0,,,1
2024-06-16,66639.046875,13281140541,0.6768999939568809,1.98192181139421,66129.950078125,56638.53908203125,71.0,Greed,0,,,1
2024-06-17,66490.296875,30006354476,-0.22321747830370553,1.9821135394182299,66197.49140625,56782.4268359375,71.0,Greed,0,,,0
2024-06-18,65140.74609375,39481285950,-2.029695827328193,2.0088641469751827,66223.48390625,56914.68681640625,74.0,Greed,0,,,0
2024-06-19,64960.296875,21103423504,-0.27701435671353414,1.3578087129049672,66309.952734375,57042.106640625,64.0,Greed,0,,,0
2024-06-20,64828.65625,25641109124,-0.202647819256907,1.326821790093935,66441.445625,57166.35796875,60.0,Greed,0,,,0
2024-06-21,64096.19921875,26188171739,-1.1298352821403679,1.3182497393887567,66540.9009375,57276.9384765625,63.0,Greed,0,,,0
2024-06-22,64252.578125,9858198793,0.24397531859308152,1.2906163339770504,66568.15578125,57377.798125,53.0,Neutral,0,,,1
2024-06-23,63180.796875,11170471802,-1.668075089399379,1.3024854446800627,66553.942265625,57474.9698828125,55.0,Greed,0,,,1
2024-06-24,60277.4140625,43152133651,-4.595356431233677,1.4982823169799178,66478.867890625,57559.8936328125,51.0,Neutral,0,,,0
2024-06-25,61804.640625,29201215431,2.5336630415439876,1.588541753784147,66451.72171875,57648.083828125,30.0,Fear,0,,,0
2024-06-26,60811.27734375,22506003064,-1.6072632592061153,1.57501931820202,66421.2509375,57733.51029296875,46.0,Fear,0,,,0
2024-06-27,61604.80078125,21231745045,1.3048951973404943,1.590120246069939,66429.588125,57822.63580078125,40.0,Fear,0,,,0
2024-06-28,60320.13671875,24952866877,-2.0853310881755127,1.6172491535450118,66374.991640625,57918.01732421875,47.0,Neutral,0,,,0
2024-06-29,60887.37890625,12652903396,0.9403861104374522,1.6104447973600635,66376.883671875,58015.20310546875,30.0,Fear,0,,,1
2024-06-30,62678.29296875,17333226409,2.9413551620566913,1.7098402011061353,66414.5753125,58114.140859375,47.0,Neutral,0,,,1
2024-07-01,62851.98046875,25468379421,0.2771094932125795,1.7093879456306968,66442.64703125,58213.2808984375,53.0,Neutral,0,,,0
2024-07-02,62029.015625,20151616992,-1.3093697885290578,1.7194924291964249,66425.198359375,58313.7771875,51.0,Neutral,0,,,0
2024-07-03,60173.921875,29756701685,-2.990687070088416,1.7522680399045476,66397.621015625,58403.4462109375,50.0,Neutral,0,,,0
2024-07-04,56977.703125,41149609230,-5.311634426354228,1.8739535059821446,66211.825234375,58481.51140625,44.0,Fear,0,,,0
2024-07-05,56662.375,55417544033,-0.5534237213954074,1.854896273680592,66040.44109375,58551.7055859375,29.0,Fear,0,,,0
2024-07-06,58303.5390625,20610320577,2.896391234041995,1.9697814940094338,65865.474375,58631.87064453125,26.0,Fear,0,,,1
2024-07-07,55849.109375,20553359505,-4.20974391429122,2.0621668060873666,65643.64046875,58692.85494140625,29.0,Fear,0,,,1
2024-07-08,56705.09765625,39766159899,1.5326802715911692,2.099256785634264,65452.175078125,58757.03466796875,28.0,Fear,0,,,0
2024-07-09,58009.2265625,27849512607,2.299844211812685,2.1581154403335083,65183.395703125,58827.0912890625,27.0,Fear,0,,,0
2024-07-10,57742.49609375,26175260526,-0.4598069730556098,2.1570060545285465,64935.515,58897.1060546875,28.0,Fear,0,,,0
2024-07-11,57344.9140625,28707803842,-0.6885432015347748,2.1031269940766957,64699.9665625,58968.7500390625,29.0,Fear,0,,,0
2024-07-12,57899.46484375,25604805221,0.9670444019596935,2.092562557228067,64499.364609375,59040.18166015625,25.0,Extreme Fear,0,,,0
2024-07-13,59231.953125,17080061806,2.3013827240820017,2.1300801538654404,64313.481640625,59123.7394140625,25.0,Extreme Fear,0,,,1
2024-07-14,60787.79296875,22223416061,2.6266900915231206,2.1938654902828483,64143.91859375,59210.4641015625,33.0,Fear,0,,,1
2024-07-15,64870.15234375,38094526099,6.715755212726138,2.5356404277606885,64070.959765625,59321.6755859375,52.0,Neutral,0,,,0
2024-07-16,65097.1484375,41617346768,0.3499237870556282,2.533171435199388,63985.011640625,59436.66431640625,65.0,Greed,0,,,0
2024-07-17,64118.79296875,32525071311,-1.502916014346345,2.5469777386619383,63901.463125,59546.47376953125,69.0,Greed,0,,,0
2024-07-18,63974.06640625,27239305337,-0.22571629283560934,2.520756047962763,63829.382578125,59655.0181640625,61.0,Greed,0,,,0
2024-07-19,66710.15625,37003855410,4.2768734230136385,2.6396501284383715,63796.285859375,59767.73228515625,60.0,Greed,0,,,0
2024-07-20,67163.6484375,19029581250,0.6797948213470129,2.6408212215307807,63789.730546875,59878.76068359375,74.0,Greed,0,,,1
2024-07-21,68154.5234375,26652190004,1.4753144342986024,2.640060889922366,63798.682265625,60005.292421875,74.0,Greed,0,,,1
2024-07-22,67585.25,42649109453,-0.835268752223095,2.6473269704372004,63795.355234375,60122.3190625,70.0,Greed,0,,,0
2024-07-23,65927.671875,35605668666,-2.452573786440093,2.670217375939971,63737.813046875,60231.14396484375,71.0,Greed,0,,,0
2024-07-24,65372.1328125,27470942309,-0.8426492953570563,2.522801344419502,63633.900390625,60338.05865234375,69.0,Greed,0,,,0
2024-07-25,65777.2265625,38315761670,0.619673448871394,2.4883711440714804,63527.788515625,60447.229296875,68.0,Greed,0,,,0
2024-07-26,67912.0625,30488630457,3.2455548053117234,2.5218104272728956,63470.886484375,60551.93708984375,68.0,Greed,0,,,0
2024-07-27,67813.3359375,34691905492,-0.14537411892032726,2.517751816949595,63440.301484375,60660.3051171875,72.0,Greed,0,,,1
2024-07-28,68255.8671875,18043166945,0.6525726007755361,2.4756609650601242,63419.303359375,60768.44556640625,71.0,Greed,0,,,1
2024-07-29,66819.9140625,40780682628,-2.1037797689324123,2.5165924280912018,63362.741796875,60870.70220703125,74.0,Greed,0,,,0
2024-07-30,66201.015625,31380492109,-0.9262185475442442,2.477543056406492,63296.516484375,60987.4414453125,67.0,Greed,0,,,0
2024-07-31,64619.25,31292785994,-2.3893373992326827,2.5225458656113053,63242.260859375,61096.32578125,61.0,Greed,0,,,0
2024-08-01,65357.5,40975554494,1.1424614182306447,2.514240316138586,63184.587109375,61214.13193359375,52.0,Neutral,0,,,0
2024-08-02,61415.06640625,43060875727,-6.032105869640059,2.701853134318428,63077.76046875,61308.647421875,57.0,Greed,0,,,0
2024-08-03,60680.09375,31753030589,-1.1967302150066583,2.515492612110736,62971.14046875,61396.2731640625,37.0,Fear,0,,,1
2024-08-04,58116.9765625,31758917219,-4.223983565450573,2.641552999768454,62809.66,61473.14478515625,34.0,Fear,0,,,1
2024-08-05,53991.45703125,108991085584,-7.098647891315101,2.8970352921278426,62556.708203125,61536.79177734375,26.0,Fear,0,,,0
2024-08-06,56034.31640625,49300484106,3.783671505322772,2.8845127867453595,62347.58859375,61608.871328125,17.0,Extreme Fear,0,,,0
2024-08-07,55027.4609375,41637562185,-1.7968550940289485,2.889607604572367,62145.322890625,61675.680703125,29.0,Fear,0,,,0
2024-08-08,61710.13671875,45298472567,12.144256099404904,3.6307080384132826,62080.3196875,61776.5024609375,20.0,Extreme Fear,0,,,0
2024-08-09,60880.11328125,33425553115,-1.3450358103773374,3.640417051930526,62001.348828125,61883.36619140625,48.0,Neutral,0,,,0
2024-08-10,60945.8125,15745822278,0.1079157301276501,3.6363200277506795,61938.34109375,61988.8675,40.0,Fear,0,,,1
2024-08-11,58719.484375,22759754812,-3.6529632368097475,3.7028164740982716,61827.67921875,62082.07955078125,39.0,Fear,0,,,1
2024-08-12,59354.515625,37078637820,1.0814659848586317,3.684594349640104,61751.15359375,62179.1830859375,25.0,Extreme Fear,0,,,0
2024-08-13,60609.56640625,30327698167,2.1144992390795814,3.673514164224396,61757.796640625,62273.1465625,31.0,Fear,0,,,0
2024-08-14,58737.26953125,29961696180,-3.08911115194338,3.49206913394941,61696.44921875,62356.23263671875,30.0,Fear,0,,,0
2024-08-15,57560.09765625,35682112440,-2.0041310813293967,3.5040206420331566,61631.425625,62433.85515625,29.0,Fear,0,,,0
2024-08-16,58894.10546875,29350938673,2.3175912946963972,3.5300530698846693,61577.21171875,62511.884453125,27.0,Fear,0,,,0
2024-08-17,59478.97265625,13589684021,0.993082725079053,3.5370387128542307,61560.3884375,62594.51626953125,25.0,Extreme Fear,0,,,1
2024-08-18,58483.96484375,17740625837,-1.6728732324455264,3.443904809129622,61512.32015625,62674.02306640625,31.0,Fear,0,,,1
2024-08-19,59493.453125,25911207712,1.726094125025579,3.4602839146795987,61448.623359375,62756.11146484375,28.0,Fear,0,,,0
2024-08-20,59012.79296875,31613400008,-0.8079210921579816,3.4438962305935554,61371.839609375,62835.2461328125,30.0,Fear,0,,,0
2024-08-21,61175.19140625,32731154072,3.664287570061453,3.5224027839333054,61354.763125,62926.16083984375,26.0,Fear,0,,,0
2024-08-22,60381.9140625,27625734377,-1.2967304646127387,3.5040127293959222,61358.92296875,63015.1525,39.0,Fear,0,,,0
2024-08-23,64094.35546875,42530509233,6.148267182135592,3.68970660804581,61501.256015625,63122.3309375,34.0,Fear,0,,,0
2024-08-24,64178.9921875,21430585163,0.13205019089592707,3.68795015230251,61651.588359375,63227.8025390625,56.0,Greed,0,,,1
2024-08-25,64333.54296875,18827683555,0.24081210374646833,3.6367186615247973,61772.1884375,63327.879140625,54.0,Neutral,0,,,1
2024-08-26,62880.66015625,27682040631,-2.2583597070127692,3.6576728099264226,61912.819453125,63415.774609375,55.0,Greed,0,,,0
2024-08-27,59504.1328125,39103882198,-5.369739018896724,3.773369233354084,61968.80015625,63477.55927734375,48.0,Neutral,0,,,0
2024-08-28,59027.625,40289564698,-0.800797843742207,3.7604268543675983,61989.168125,63533.841015625,30.0,Fear,0,,,0
2024-08-29,59388.1796875,32224990582,0.6108236397788236,3.762712124475466,62022.081796875,63589.31232421875,29.0,Fear,0,,,0
2024-08-30,59119.4765625,32292756405,-0.4524521990973862,3.742084655789069,62057.573046875,63635.11859375,34.0,Fear,0,,,0
2024-08-31,58969.8984375,12403470760,-0.2530098940268344,3.733102249977534,62078.98171875,63681.25587890625,29.0,Fear,0,,,1
2024-09-01,57325.48828125,24592449997,-2.7885585694078285,3.6054387204649876,62040.852421875,63708.74984375,26.0,Fear,0,,,1
2024-09-02,59112.48046875,27036454524,3.1172733823612075,3.6487680033675773,62007.346171875,63744.61947265625,26.0,Fear,0,,,0
2024-09-03,57431.0234375,26666961053,-2.844504270361159,3.6024154519962326,61858.56359375,63770.97357421875,26.0,Fear,0,,,0
2024-09-04,57971.5390625,35627680312,0.941156177702851,3.3442501743917767,61716.05140625,63802.5162890625,27.0,Fear,0,,,0
2024-09-05,56160.48828125,31030280656,-3.1240343288065575,3.3331723510130336,61556.8853125,63822.70599609375,29.0,Fear,0,,,0
2024-09-06,53948.75390625,49361693566,-3.938239218868078,3.396619802340049,61356.3790625,63833.55404296875,22.0,Extreme Fear,0,,,0
2024-09-07,54139.6875,19061486526,0.3539165966313096,2.5072324899479983,61104.9696875,63842.82810546875,23.0,Extreme Fear,0,,,1
2024-09-08,54841.56640625,18268287531,1.2964221602682846,2.5194326463532906,60858.528046875,63857.8400390625,29.0,Fear,0,,,1
2024-09-09,57019.53515625,34618096173,3.9713831911113884,2.6378559790907303,60635.82828125,63886.4128515625,26.0,Fear,0,,,0
2024-09-10,57648.7109375,28857630507,1.1034389872275785,2.5643399137379728,60437.0975,63920.99666015625,33.0,Fear,0,,,0
2024-09-11,57343.171875,37049062672,-0.5300015516934153,2.557131480048136,60265.4075,63949.85701171875,37.0,Fear,0,,,0
2024-09-12,58127.01171875,33835707949,1.3669279499548104,2.538550451421617,60120.505078125,63981.82587890625,31.0,Fear,0,,,0
2024-09-13,60571.30078125,32490528356,4.205082955798245,2.591953320161985,60016.3865625,64012.07037109375,32.0,Fear,0,,,0
2024-09-14,60005.12109375,16428405496,-0.934732588201681,2.56877107002326,59858.247734375,64026.66912109375,50.0,Neutral,0,,,1
2024-09-15,59182.8359375,18120960867,-1.3703582981947293,2.5506607949415443,59685.637734375,64010.05935546875,51.0,Neutral,0,,,1
2024-09-16,58192.5078125,32032822113,-1.6733367188517922,2.5630064671575368,59484.370546875,63995.02998046875,39.0,Fear,0,,,0
2024-09-17,60308.5390625,38075570118,3.63626062794542,2.6289073665662017,59354.143046875,63984.36951171875,33.0,Fear,0,,,0
2024-09-18,61649.6796875,40990702891,2.223798894564699,2.640833181386513,59263.116328125,63982.468671875,45.0,Fear,0,,,0
2024-09-19,62940.45703125,42710252573,2.0937291974474137,2.657536082241815,59229.54046875,63981.3341015625,49.0,Neutral,0,,,0
2024-09-20,63192.9765625,35177164222,0.40120384115518437,2.578536504455658,59186.25,63955.6469140625,54.0,Neutral,0,,,0
2024-09-21,63394.83984375,14408616220,0.3194394254405042,2.564322677702997,59225.84546875,63953.6151171875,54.0,Neutral,0,,,1
2024-09-22,63648.7109375,20183348802,0.4004601863112578,2.3058122836748094,59285.2178125,63941.3246484375,52.0,Neutral,0,,,1
2024-09-23,63329.80078125,31400285425,-0.5010473135318549,2.307482574443064,59389.474296875,63923.34623046875,50.0,Neutral,0,,,0
2024-09-24,64301.96875,29938335243,1.535087678718594,2.3245357632223866,59595.68453125,63903.35560546875,54.0,Neutral,0,,,0
2024-09-25,63143.14453125,25078377700,-1.8021597802944433,2.310536295621662,59737.86109375,63876.5769140625,59.0,Greed,0,,,0
2024-09-26,65181.01953125,36873129847,3.2273891570151925,2.14357911438941,59940.932265625,63857.38306640625,50.0,Neutral,0,,,0
2024-09-27,65790.6640625,32058813449,0.935309904070647,2.13551984266493,60022.5428125,63825.71685546875,61.0,Greed,0,,,0
2024-09-28,65887.6484375,15243637984,0.14741358273548943,2.1355002391127518,60122.693515625,63797.74865234375,64.0,Greed,0,,,1
2024-09-29,65635.3046875,14788214575,-0.3829909793174213,2.1346166091220073,60216.483359375,63760.50767578125,63.0,Greed,0,,,1
2024-09-30,63329.5,37112957475,-3.5130555094979754,2.2474804346100288,60308.683671875,63720.17220703125,61.0,Greed,0,,,0
2024-10-01,60837.0078125,50220923500,-3.9357521968434894,2.3100693948060065,60338.333515625,63677.33837890625,50.0,Neutral,0,,,0
2024-10-02,60632.78515625,40762722398,-0.335688199655404,2.2460866194502955,60338.797890625,63653.92671875,42.0,Fear,0,,,0
2024-10-03,60759.40234375,36106447279,0.20882627636797935,2.1757103634757007,60379.240546875,63615.77060546875,37.0,Fear,0,,,0
2024-10-04,62067.4765625,29585472513,2.1528753876634443,2.2008375919855703,60469.388125,63588.36501953125,41.0,Fear,0,,,0
2024-10-05,62089.94921875,13305410749,0.03620681473552878,2.1073572076127585,60533.305,63589.2508984375,49.0,Neutral,0,,,1
2024-10-06,62818.953125,14776233667,1.1741093613744757,1.9488211843911556,60600.104609375,63563.7773046875,50.0,Neutral,0,,,1
2024-10-07,62236.66015625,34253562610,-0.9269383518558882,1.9666926761208223,60675.158515625,63547.50365234375,50.0,Neutral,0,,,0
2024-10-08,62131.96875,28134475157,-0.1682150134457161,1.964014889657463,60727.928828125,63539.2696875,49.0,Neutral,0,,,0
2024-10-09,60582.1015625,27670982363,-2.4944762232405493,1.916820727457763,60759.315,63521.8691796875,49.0,Neutral,0,,,0
2024-10-10,60274.5,30452813570,-0.5077433013489285,1.9137824691375698,60741.301171875,63487.0708203125,39.0,Fear,0,,,0
2024-10-11,62445.08984375,30327141594,3.6011743668549645,2.0082532673100224,60782.5646875,63449.50220703125,32.0,Fear,0,,,0
2024-10-12,63193.0234375,16744110886,1.1977460447594401,2.0054009225454905,60764.538046875,63415.52814453125,49.0,Neutral,0,,,1
2024-10-13,62851.375,18177529690,-0.5406426515387475,1.86914778830329,60737.985703125,63382.50830078125,50.0,Neutral,0,,,1
2024-10-14,66046.125,43706958056,5.0830232433260125,2.06270197698497,60772.23734375,63359.01416015625,48.0,Neutral,0,,,0
2024-10-15,67041.109375,48863870879,1.5064992457922477,2.0472252859792897,60855.446328125,63344.75556640625,65.0,Greed,0,,,0
2024-10-16,67612.71875,38195189534,0.8526251733136592,2.0090423658243552,61017.618046875,63334.59263671875,73.0,Greed,0,,,0
2024-10-17,67399.8359375,32790898511,-0.31485616380424464,1.9255385090757848,61185.062265625,63314.92357421875,71.0,Greed,0,,,0
2024-10-18,68418.7890625,36857165014,1.5118035686984221,1.9064384560893768,61365.674453125,63308.50677734375,73.0,Greed,0,,,0
2024-10-19,68362.734375,14443497908,-0.08192879217548965,1.8796168449714086,61550.539609375,63323.0855859375,72.0,Greed,0,,,1
2024-10-20,69001.703125,18975847518,0.9346740674458287,1.8831972921415194,61751.175703125,63338.1900390625,73.0,Greed,0,,,1
2024-10-21,67367.8515625,37498611780,-2.3678423698328066,1.9456405549346525,61952.02296875,63332.485078125,72.0,Greed,0,,,0
2024-10-22,67361.40625,31808472566,-0.009567341618454961,1.9457770431091554,62117.001484375,63330.10390625,70.0,Greed,0,,,0
2024-10-23,66432.1953125,32263980353,-1.379441121005398,1.9633349573193042,62297.024921875,63317.7843359375,71.0,Greed,0,,,0
2024-10-24,68161.0546875,31414428647,2.602442034118191,1.9981357796888344,62500.815234375,63311.7768359375,69.0,Greed,0,,,0
2024-10-25,66642.4140625,41469984306,-2.2280180844656217,2.0143972958311878,62710.45375,63286.832109375,72.0,Greed,0,,,0
2024-10-26,67014.6953125,19588098156,0.558625096700216,1.9333688550335255,62971.772578125,63276.2105078125,,,0,,,1
2024-10-27,67929.296875,16721307878,1.364777618155344,1.941260320655995,63247.564765625,63262.917578125,74.0,Greed,0,,,1
2024-10-28,69907.7578125,38799856657,2.912529686772203,2.006902000129264,63548.88859375,63262.1533203125,72.0,Greed,0,,,0
2024-10-29,72720.4921875,58541874402,4.023493905417541,2.119563663470835,63862.907734375,63289.7764453125,72.0,Greed,0,,,0
2024-10-30,72339.5390625,40646637831,-0.5238593875544262,1.99778662051213,64156.724296875,63332.36677734375,77.0,Extreme Greed,0,,,0
2024-10-31,70215.1875,40627912076,-2.9366396164960396,1.9290657730643446,64414.164609375,63354.74908203125,77.0,Extreme Greed,0,,,0
2024-11-01,69482.46875,49989795365,-1.0435331387529279,1.9438719836690757,64641.27375,63385.03037109375,75.0,Greed,0,,,0
2024-11-02,69289.2734375,18184612091,-0.27804900426771084,1.9481834736027819,64815.633203125,63412.417421875,72.0,Greed,0,,,1
2024-11-03,68741.1171875,34868307655,-0.791112711687536,1.933909780983921,64990.353125,63449.73955078125,74.0,Greed,0,,,1
2024-11-04,67811.5078125,41184819348,-1.3523338185854272,1.9583606267963305,65162.9265625,63471.2333203125,70.0,Greed,0,,,0
2024-11-05,69359.5625,46046889204,2.282879023690776,1.985454971901438,65386.26765625,63498.81328125,70.0,Greed,0,,,0
2024-11-06,75639.078125,118592653963,9.053568676993894,2.526607943483793,65692.8784375,63552.03646484375,70.0,Greed,0,,,0
2024-11-07,75904.859375,63467654989,0.3513808689745934,2.522354291935204,65977.98203125,63606.9275390625,77.0,Extreme Greed,0,,,0
2024-11-08,76545.4765625,55176858003,0.8439738809541852,2.449160693241929,66250.082421875,63655.4665234375,75.0,Greed,0,,,0
2024-11-09,76778.8671875,29009480361,0.30490452928257916,2.4385448330036956,66521.800234375,63707.3244921875,75.0,Greed,0,,,1
2024-11-10,80474.1875,82570594495,4.8129393514959595,2.4952695122061694,66863.3871875,63788.3109375,78.0,Extreme Greed,0,,,1
2024-11-11,88701.484375,117966845037,10.223522760015435,3.0233558871259962,67364.44265625,63909.40982421875,76.0,Extreme Greed,0,,,0
2024-11-12,87955.8125,133673285375,-0.8406532091926988,3.029730206415417,67856.962890625,64030.41228515625,80.0,Extreme Greed,0,,,0
2024-11-13,90584.1640625,123559027869,2.9882636380625716,2.9597493920102567,68382.606796875,64166.23740234375,84.0,Extreme Greed,0,,,0
2024-11-14,87250.4296875,87616705248,-3.6802617869276077,3.0840286160401402,68864.7525,64286.9233984375,88.0,Extreme Greed,0,,,0
2024-11-15,91066.0078125,78243109518,4.373133907381366,3.1474488863744994,69382.452265625,64423.04783203125,80.0,Extreme Greed,0,,,0
2024-11-16,90558.4765625,44333192814,-0.5573223886622736,3.151366972900825,69877.808515625,64572.6559375,86.0,Extreme Greed,0,,,1
2024-11-17,89845.8515625,46350159305,-0.7869224693816235,3.167298680488214,70356.972578125,64730.61513671875,90.0,Extreme Greed,0,,,1
2024-11-18,90542.640625,75535775084,0.7755383808848215,3.1614436736156133,70855.119296875,64887.711171875,83.0,Extreme Greed,0,,,0
2024-11-19,92343.7890625,74521048295,1.9892819836786257,3.166692672631737,71435.405078125,65034.9809375,90.0,Extreme Greed,0,,,0
2024-11-20,94339.4921875,71730956426,2.161166598491282,3.1068639867989565,72105.454765625,65187.22103515625,83.0,Extreme Greed,0,,,0
2024-11-21,98504.7265625,106024505582,4.415154542830901,3.1534257118465177,72862.89359375,65359.58900390625,82.0,Extreme Greed,0,,,0
2024-11-22,98997.6640625,78473580551,0.5004201495724558,3.1163678526941547,73627.658828125,65538.767578125,94.0,Extreme Greed,0,,,0
2024-11-23,97777.28125,44414644677,-1.232738998497518,3.1432081283817768,74341.854921875,65715.97990234375,93.0,Extreme Greed,0,,,1
2024-11-24,98013.8203125,51712020623,0.2419161787646784,3.0805223332657294,75060.33234375,65900.109296875,80.0,Extreme Greed,0,,,1
2024-11-25,93102.296875,80909462490,-5.01105193312582,3.289864917697517,75665.99921875,66050.3709765625,82.0,Extreme Greed,0,,,0
2024-11-26,91985.3203125,91656519855,-1.1997304040733403,3.3173703145824565,76260.972421875,66206.33369140625,79.0,Extreme Greed,0,,,0
2024-11-27,95962.53125,71133452438,4.323745271515378,3.3542383193108507,76937.583671875,66382.17779296875,75.0,Greed,0,,,0
2024-11-28,95652.46875,52260008261,-0.32310787967048116,3.3179246469706123,77638.991015625,66553.1981640625,77.0,Extreme Greed,0,,,0
2024-11-29,97461.5234375,54968682476,1.8912786163713058,3.3097312299295125,78382.731484375,66725.99853515625,78.0,Extreme Greed,0,,,0
2024-11-30,96449.0546875,31634227866,-1.0388394458550332,3.2484757846604566,79062.81078125,66900.47986328125,84.0,Extreme Greed,0,,,1
2024-12-01,97279.7890625,36590695296,0.8613193542348574,3.223384764381029,79744.54609375,67055.54134765625,81.0,Extreme Greed,0,,,1
2024-12-02,95865.3046875,72680784305,-1.454037255458307,3.248737449571594,80404.8246875,67208.7099609375,80.0,Extreme Greed,0,,,0
2024-12-03,96002.1640625,67067810961,0.1427621551364444,3.234060977141918,81003.94546875,67353.46140625,76.0,Extreme Greed,0,,,0
2024-12-04,98768.53125,77199817112,2.881567529768403,3.212563561840759,81638.49390625,67512.6000390625,78.0,Extreme Greed,0,,,0
2024-12-05,96593.5703125,149218945580,-2.2020788503929523,3.2695687015611896,82218.1109375,67664.1760546875,84.0,Extreme Greed,0,,,0
2024-12-06,99920.7109375,94534772658,3.444474217316973,2.9471047773005483,82868.5284375,67806.5386328125,72.0,Greed,0,,,0
2024-12-07,99923.3359375,44177510897,0.002627082989481444,2.950328806436475,83498.619375,67955.47265625,75.0,Greed,0,,,1
2024-12-08,101236.015625,44125751925,1.3136868131795154,2.9509287559901867,84156.085,68116.0410546875,79.0,Extreme Greed,0,,,1
2024-12-09,97432.71875,110676473908,-3.7568614800964073,3.0734805794381264,84724.7053125,68263.5568359375,78.0,Extreme Greed,0,,,0
2024-12-10,96675.4296875,104823780634,-0.7772430783165474,2.992829475554412,85310.856875,68404.3034765625,78.0,Extreme Greed,0,,,0
2024-12-11,101173.03125,85391409936,4.652269534294651,2.5130541085911,85987.089375,68563.83890625,74.0,Greed,0,,,0
2024-12-12,100043.0,72073983533,-1.1169293200355757,2.5185226571372543,86659.30546875,68721.4634375,83.0,Extreme Greed,0,,,0
2024-12-13,101459.2578125,56894751583,1.4156490833941326,2.4801744783150594,87325.26953125,68881.786953125,76.0,Extreme Greed,0,,,0
2024-12-14,101372.96875,40422968793,-0.08504799301751742,2.3597408728084317,88019.880625,69047.170703125,83.0,Extreme Greed,0,,,1
2024-12-15,104298.6953125,51145914137,2.886101293644905,2.2908003055661252,88765.560625,69230.7737109375,80.0,Extreme Greed,0,,,1
2024-12-16,106029.71875,91020417816,1.6596788984881483,2.2919900376585174,89527.5690625,69419.09734375,83.0,Extreme Greed,0,,,0
2024-12-17,106140.6015625,68589364868,0.1045771070669721,2.279772207152578,90252.2259375,69612.34328125,87.0,Extreme Greed,0,,,0
2024-12-18,100041.5390625,93865656139,-5.746210601989676,2.5550282344156625,90798.646875,69774.0162890625,81.0,Extreme Greed,0,,,0
2024-12-19,97490.953125,97221662392,-2.5495268879325628,2.5896645698203575,91301.67515625,69922.713046875,75.0,Greed,0,,,0
2024-12-20,97755.9296875,105634083408,0.2717960528709318,2.563507270614306,91852.49,70067.4687890625,74.0,Greed,0,,,0
2024-12-21,97224.7265625,51765334294,-0.5433973434635808,2.435728041932085,92407.33515625,70200.75359375,73.0,Greed,0,,,1
2024-12-22,95104.9375,43147981314,-2.1802983021374844,2.465170777862765,92923.6484375,70320.8641796875,73.0,Greed,0,,,1
2024-12-23,94686.2421875,65239002919,-0.4402456102765462,2.4568918502609516,93442.5509375,70440.5095703125,70.0,Greed,0,,,0
2024-12-24,98676.09375,47114953674,4.213760595334648,2.5787050941404583,94059.84265625,70587.177109375,73.0,Greed,0,,,0
2024-12-25,99299.1953125,33700394629,0.6314615210434305,2.3957688457552404,94658.6353125,70737.14421875,73.0,Greed,0,,,0
2024-12-26,95795.515625,47054980873,-3.528406928650052,2.4803487542261546,95061.7640625,70867.8818359375,79.0,Extreme Greed,0,,,0
2024-12-27,94164.859375,52419934565,-1.7022260795415023,2.373666927530788,95426.9640625,70991.1447265625,74.0,Greed,0,,,0
2024-12-28,95163.9296875,24107436185,1.0609799867287384,2.3813270288415183,95799.333125,71130.30421875,72.0,Greed,0,,,1
2024-12-29,93530.2265625,29635885267,-1.7167251608511402,2.3741591770537065,96134.3603125,71256.7494140625,73.0,Greed,0,,,1
2024-12-30,92643.2109375,56188003691,-0.948373223930199,2.3729956937786274,96377.74078125,71386.1834765625,65.0,Greed,0,,,0
2024-12-31,93429.203125,43625106843,0.8484077565384274,2.372815211160862,96472.29515625,71523.2740234375,64.0,Greed,0,,,0
2025-01-01,94419.7578125,24519888919,1.060219561302178,2.368003622226879,96601.5740625,71664.4178125,66.0,Greed,0,,,0
2025-01-02,96886.875,46009564411,2.6129247147606893,2.416432658896003,96727.62828125,71815.656953125,70.0,Greed,0,,,0
2025-01-03,98107.4296875,35611391163,1.2597729955682757,2.368778129918291,96944.76828125,71973.7426171875,74.0,Greed,0,,,0
2025-01-04,98236.2265625,22342608078,0.13128146911018934,2.331835562806523,97088.17265625,72139.22001953125,73.0,Greed,0,,,1
2025-01-05,98314.9609375,20525254825,0.0801480042089242,2.2438176623667325,97243.30234375,72305.99333984376,72.0,Greed,0,,,1
2025-01-06,102078.0859375,51823432705,3.8276219245942267,2.351784192068712,97487.94703125,72492.24048828126,76.0,Extreme Greed,0,,,0
2025-01-07,96922.703125,58685738547,-5.050430525956884,2.519398285599046,97615.54828125,72656.3730078125,78.0,Extreme Greed,0,,,0
2025-01-08,95043.5234375,63875859171,-1.9388436629511285,2.4496568695091905,97669.54296875,72810.327734375,70.0,Greed,0,,,0
2025-01-09,92484.0390625,62777261693,-2.6929603222076492,2.4937443872936456,97632.43390625,72956.8439453125,69.0,Greed,0,,,0
2025-01-10,94701.453125,62058693684,2.3976181025154863,2.3762477313264876,97556.3684375,73128.964140625,50.0,Neutral,0,,,0
2025-01-11,94566.59375,18860894100,-0.1424047578467369,2.3698282995053215,97467.74703125,73292.77390625,69.0,Greed,0,,,1
2025-01-12,94488.4375,20885130965,-0.08264678561502592,2.351189524516325,97401.97015625,73461.15970703126,62.0,Greed,0,,,1
2025-01-13,94516.5234375,72978998252,0.029724205673309356,2.3514932856080106,97332.02421875,73625.7183203125,61.0,Greed,0,,,0
2025-01-14,96534.046875,53769675818,2.1345722040169157,2.321222396600603,97400.65921875,73806.78787109375,63.0,Greed,0,,,0
2025-01-15,100504.4921875,57805923627,4.11299996325778,2.430769035482284,97571.04265625,74004.8734375,70.0,Greed,0,,,0
2025-01-16,99756.90625,54103781805,-0.7438333563293043,2.4326457729572284,97646.93015625,74190.26650390626,75.0,Greed,0,,,0
2025-01-17,104462.0390625,71888972663,4.716598568833419,2.3555773628952346,97823.1215625,74398.316796875,75.0,Greed,0,,,0
2025-01-18,104408.0703125,50445655726,-0.051663504258914195,2.2995801985383597,97962.0525,74610.2120703125,77.0,Extreme Greed,0,,,1
2025-01-19,101089.609375,76789928525,-3.1783567377192568,2.38341745354973,98054.86359375,74814.7905078125,77.0,Extreme Greed,0,,,1
2025-01-20,102016.6640625,126279678351,0.9170622908047932,2.383908641761842,98149.60109375,75039.9853125,76.0,Extreme Greed,0,,,0
2025-01-21,106146.265625,88733878242,4.047967653568851,2.4410709987949195,98355.2203125,75287.404765625,76.0,Extreme Greed,0,,,0
2025-01-22,103653.0703125,53878181052,-2.3488299826845638,2.488023603227808,98508.2384375,75514.152421875,84.0,Extreme Greed,0,,,0
2025-01-23,103960.171875,104104515428,0.2962783076025932,2.3776151737178424,98612.07125,75754.707734375,75.0,Greed,0,,,0
2025-01-24,104819.484375,52388229265,0.8265785680243276,2.379098761860811,98776.58953125,75995.27966796875,75.0,Greed,0,,,0
2025-01-25,104714.6484375,23888996502,-0.10001569662844156,2.2734349538813157,98872.46828125,76228.80677734375,75.0,Greed,0,,,1
2025-01-26,102682.5,22543395879,-1.9406534499448846,2.281159395720176,98927.6515625,76453.506796875,73.0,Greed,0,,,1
2025-01-27,102087.6875,89006608428,-0.5792734886665207,2.282299080471032,98944.685,76677.2206640625,71.0,Greed,0,,,0
2025-01-28,101332.4765625,47180685494,-0.7397669160641884,2.2599897201674026,99022.68015625,76894.38572265625,72.0,Greed,0,,,0
2025-01-29,103703.2109375,47432049818,2.3395602825692086,2.2774176377642115,99163.23578125,77116.74201171874,72.0,Greed,0,,,0
2025-01-30,104735.3046875,41915744521,0.9952379879751394,2.278568333298392,99234.48125,77336.4795703125,70.0,Greed,0,,,0
2025-01-31,102405.0234375,45732764360,-2.2249243050878498,2.324546431393682,99281.72171875,77524.15392578125,76.0,Extreme Greed,0,,,0
2025-02-01,100655.90625,27757944848,-1.7080384621634526,2.309923635478272,99265.6546875,77701.94771484374,68.0,Greed,0,,,1
2025-02-02,97688.9765625,63091816853,-2.947596219670423,2.3674186499624352,99191.97484375,77869.7986328125,60.0,Greed,0,,,1
2025-02-03,101405.421875,115400897748,3.804365081173988,2.466659843699973,99134.109375,78056.95541015625,44.0,Fear,0,,,0
2025-02-04,97871.8203125,73002130211,-3.4846278405663456,2.5537293259310014,98970.95140625,78212.76373046875,72.0,Greed,0,,,0
2025-02-05,96615.4453125,49125911241,-1.2836943218062724,2.4594519961349275,98780.44828125,78360.02271484376,54.0,Neutral,0,,,0
2025-02-06,96593.296875,45302471947,-0.022924323774897726,2.278973152029873,98711.4834375,78502.21658203125,49.0,Neutral,0,,,0
2025-02-07,96529.0859375,55741290456,-0.06647556256734743,2.249102645396864,98692.24609375,78646.93576171875,44.0,Fear,0,,,0
2025-02-08,96482.453125,22447526395,-0.04830959709924976,2.1878237698662035,98666.7765625,78799.70966796875,44.0,Fear,0,,,1
2025-02-09,96500.09375,27732901800,0.018283765004545316,2.1468084289074394,98652.28390625,78955.34947265625,46.0,Fear,0,,,1
2025-02-10,97437.5546875,40078962391,0.9714611676219231,2.1523676401944587,98698.93625,79113.65111328124,43.0,Fear,0,,,0
2025-02-11,95747.4296875,37488783272,-1.7345724709743937,2.178751800252584,98720.16,79252.82794921874,47.0,Neutral,0,,,0
2025-02-12,97885.859375,49340445530,2.233406885677658,2.214313151714949,98704.3553125,79403.19056640625,46.0,Fear,0,,,0
2025-02-13,96623.8671875,37147280860,-1.2892487184132717,2.196144349897194,98650.84875,79545.03056640625,50.0,Neutral,0,,,0
2025-02-14,97508.96875,32697987277,0.9160278803397981,2.064626829289445,98685.1178125,79698.47583984376,48.0,Neutral,0,,,0
2025-02-15,97580.3515625,17047266288,0.07320640697474623,2.0609582929693055,98753.42765625,79855.37251953124,50.0,Neutral,0,,,1
2025-02-16,96175.03125,16536755396,-1.4401672980240199,1.867040394037444,98773.6496875,80013.15142578125,54.0,Neutral,0,,,1
2025-02-17,95773.3828125,27336550690,-0.41762236235300954,1.8668391023854678,98818.5128125,80165.23083984375,51.0,Neutral,0,,,0
2025-02-18,95539.546875,37325720482,-0.24415545387781457,1.7842777621342698,98876.43953125,80335.8532421875,47.0,Neutral,0,,,0
2025-02-19,96635.609375,28990872862,1.1472343504350446,1.7896122944501014,98940.56765625,80515.6308203125,44.0,Fear,0,,,0
2025-02-20,98333.9375,31668022771,1.7574558032842136,1.6468393390537481,99018.85125,80716.715625,49.0,Neutral,0,,,0
2025-02-21,96125.546875,49608706470,-2.245807176184722,1.6423946592296133,99003.6246875,80927.38607421875,55.0,Greed,0,,,0
2025-02-22,96577.7578125,18353824477,0.47043783073406065,1.6446543697719322,98973.03125,81130.10328125,49.0,Neutral,0,,,1
2025-02-23,96273.921875,16999478976,-0.31460239332733453,1.632474590288381,98933.78515625,81336.3355859375,50.0,Neutral,0,,,1
2025-02-24,91418.171875,44046480529,-5.043681513571874,1.8497604106586967,98795.849375,81484.87576171875,49.0,Neutral,0,,,0
2025-02-25,88736.171875,92139104128,-2.9337712021491935,1.8861639441382778,98529.01109375,81624.1560546875,25.0,Extreme Fear,0,,,0
2025-02-26,84347.0234375,64597492134,-4.94629004695274,2.0559172132077084,98277.4975,81741.162109375,21.0,Extreme Fear,0,,,0
2025-02-27,84704.2265625,52659591954,0.4234922709094535,2.0644088456613785,98070.7115625,81871.0858203125,10.0,Extreme Fear,0,,,0
2025-02-28,84373.0078125,83610570576,-0.3910297790814532,1.9903477856096625,97908.4909375,81996.17828125,16.0,Extreme Fear,0,,,0
2025-03-01,86031.9140625,29190628396,1.9661575342751147,2.025866906733743,97735.10015625,82123.29001953125,20.0,Extreme Fear,0,,,1
2025-03-02,94248.3515625,58398341092,9.550452979612857,2.7264922596776704,97728.7353125,82300.8454296875,26.0,Fear,0,,,1
2025-03-03,86065.671875,70072228536,-8.682040111941614,3.124190819585804,97560.28,82443.37330078126,33.0,Fear,0,,,0
2025-03-04,87222.1953125,68095241474,1.3437685575495406,3.1051893604958365,97414.3934375,82585.01375,15.0,Extreme Fear,0,,,0
2025-03-05,90623.5625,50498988027,3.899657851208138,3.109610467318165,97296.18375,82740.73669921875,20.0,Extreme Fear,0,,,0
2025-03-06,89961.7265625,47749810486,-0.7303133084179958,3.0533264975190515,97085.3284375,82898.1255078125,25.0,Extreme Fear,0,,,0
2025-03-07,86742.671875,65945677657,-3.57824911826653,3.1087265597399254,96825.04375,83034.3716015625,34.0,Fear,0,,,0
2025-03-08,86154.59375,18206118081,-0.6779571257010009,3.1089269649819027,96458.89484375,83170.08060546876,28.0,Fear,0,,,1
2025-03-09,80601.0390625,30899345977,-6.44603432710168,3.3021885051249185,95982.75421875,83267.20984375,27.0,Fear,0,,,1
2025-03-10,78532.0,54061099422,-2.567012890361897,3.3210519894221346,95531.60203125,83357.9602734375,20.0,Extreme Fear,0,,,0
2025-03-11,82862.2109375,54702837196,5.513944554449135,3.5045657945877653,95148.51296875,83451.79955078124,24.0,Extreme Fear,0,,,0
2025-03-12,83722.359375,40353484454,1.0380466895202334,3.505516198012475,94700.03484375,83549.51638671875,34.0,Fear,0,,,0
2025-03-13,81066.703125,31412940153,-3.17197970748182,3.5334621628639984,94248.3075,83633.1821875,45.0,Fear,0,,,0
2025-03-14,83969.1015625,29588112414,3.580259620308812,3.577577076688418,93848.48609375,83738.62439453125,27.0,Fear,0,,,0
2025-03-15,84343.109375,13650491277,0.44541123525254633,3.5775296638749694,93438.95859375,83862.81927734375,46.0,Fear,0,,,1
2025-03-16,82579.6875,21330270174,-2.0907717157540473,3.5817899403963382,92996.259375,83980.57958984375,30.0,Fear,0,,,1
2025-03-17,84075.6875,25092785558,1.8115835083536647,3.6052074192674364,92624.123125,84104.01712890626,32.0,Fear,0,,,0
2025-03-18,82718.5,24095774594,-1.6142449028442418,3.607024896529172,92236.739375,84222.01224609376,34.0,Fear,0,,,0
2025-03-19,86854.2265625,34931960257,4.9997601050550955,3.7412036974850276,91947.174375,84361.43388671875,32.0,Fear,0,,,0
2025-03-20,84167.1953125,29028988961,-3.093725379117185,3.7768527011630786,91556.4540625,84495.642421875,49.0,Neutral,0,,,0
2025-03-21,84043.2421875,19030452299,-0.14727011460912154,3.7665062619531553,91142.6128125,84620.29623046875,31.0,Fear,0,,,0
2025-03-22,83832.484375,9863214091,-0.25077306278807887,3.744699958245629,90771.16203125,84752.30353515624,32.0,Fear,0,,,1
2025-03-23,86054.375,12594615537,2.6503933905394295,3.7709134457102946,90479.13140625,84892.71771484375,30.0,Fear,0,,,1
2025-03-24,87498.9140625,34582604933,1.6786352378946434,3.78584262091631,90275.33015625,85049.40984375,45.0,Fear,0,,,0
2025-03-25,87471.703125,30005840049,-0.031098600241552532,3.786053577681198,89996.65578125,85217.02458984376,46.0,Fear,0,,,0
2025-03-26,86900.8828125,26704046038,-0.652577110204744,3.6776597263270956,89777.23703125,85380.83056640625,47.0,Neutral,0,,,0
2025-03-27,87177.1015625,24413471941,0.3178549412391707,3.6390819752810373,89588.47015625,85542.5082421875,40.0,Fear,0,,,0
2025-03-28,84353.1484375,34198619509,-3.2393289916566204,3.571718925699225,89343.6671875,85679.17630859376,44.0,Fear,0,,,0
2025-03-29,82597.5859375,16969396135,-2.0812056603918605,3.5921888935814876,89065.0371875,85803.92068359375,26.0,Fear,0,,,1
2025-03-30,82334.5234375,14763760943,-0.3184869109843613,3.591956083082259,88782.07859375,85928.87744140625,32.0,Fear,0,,,1
2025-03-31,82548.9140625,29004228247,0.26038970780313253,3.5728946747894748,88503.055,86050.986953125,34.0,Fear,0,,,0
2025-04-01,85169.171875,28175650319,3.17418810684309,3.144455315578307,88257.68734375,86173.97630859374,34.0,Fear,0,,,0
2025-04-02,82485.7109375,47584398470,-3.1507420800550134,2.7758999139925433,87992.45296875,86286.3792578125,44.0,Fear,0,,,0
2025-04-03,83102.828125,36852112080,0.7481504135517403,2.7673027949494875,87696.79234375,86405.97921875,25.0,Extreme Fear,0,,,0
2025-04-04,83843.8046875,45157640207,0.8916382019940938,2.6692396527559734,87441.19109375,86534.235703125,28.0,Fear,0,,,0
2025-04-05,83504.796875,14380803631,-0.4043325726492686,2.667772183044946,87161.10765625,86650.2169921875,30.0,Fear,0,,,1
2025-04-06,78214.484375,36294853736,-6.3353396427263675,2.830225682405352,86773.7903125,86733.041015625,34.0,Fear,0,,,1
2025-04-07,79235.3359375,91262424987,1.305195029613082,2.8443491998565964,86434.99640625,86814.51541015625,23.0,Extreme Fear,0,,,0
2025-04-08,76271.953125,48314590749,-3.739976334343409,2.678821963150085,86044.9678125,86879.91029296875,24.0,Extreme Fear,0,,,0
2025-04-09,82573.953125,84213627038,8.26253916648998,3.0462350414066752,85785.6559375,86975.805859375,18.0,Extreme Fear,0,,,0
2025-04-10,79626.140625,44718000633,-3.56990599146636,2.951015037272376,85445.4665625,87055.6930078125,39.0,Fear,0,,,0
2025-04-11,83404.8359375,41656778779,4.745546227457886,3.074953801052088,85146.88453125,87156.06818359374,25.0,Extreme Fear,0,,,0
2025-04-12,85287.109375,24258059104,2.256791727173346,3.0393939475297347,84930.11578125,87260.99388671874,43.0,Fear,0,,,1
2025-04-13,83684.9765625,28796984817,-1.878516957885823,2.993953884569077,84672.26015625,87363.703046875,45.0,Fear,0,,,1
2025-04-14,84542.390625,34090769777,1.0245734631468162,2.9985774952600277,84437.62953125,87460.50990234375,31.0,Fear,0,,,0
2025-04-15,83668.9921875,28040322885,-1.033089354397465,2.978679360734671,84282.6459375,87549.90154296876,38.0,Fear,0,,,0
2025-04-16,84033.8671875,29617804112,0.4360934564412222,2.961743778462872,84188.59984375,87640.63263671874,29.0,Fear,0,,,0
2025-04-17,84895.75,21276866029,1.025637449930672,2.950082149621733,84199.574375,87736.93486328125,30.0,Fear,0,,,0
2025-04-18,84450.8046875,12728372364,-0.5241078764249063,2.8043359755896042,84194.5059375,87842.54138671875,33.0,Fear,0,,,0
2025-04-19,85063.4140625,15259300427,0.7254038339443714,2.7477860185541085,84208.3140625,87963.67341796875,32.0,Fear,0,,,1
2025-04-20,85174.3046875,14664050812,0.13036230231544543,2.747491166041808,84191.161875,88086.381015625,37.0,Fear,0,,,1
2025-04-21,87518.90625,41396190190,2.7527099529631727,2.7893949803065206,84056.57296875,88220.17853515624,39.0,Fear,0,,,0
2025-04-22,93441.890625,55899038456,6.767662701452015,3.007822443883922,84204.09734375,88377.05060546874,47.0,Neutral,0,,,0
2025-04-23,93699.109375,41719568821,0.27527134594511615,2.9968268616061033,84333.635625,88535.09640625,72.0,Greed,0,,,0
2025-04-24,93943.796875,31483175315,0.26114175645013393,2.996284668166734,84400.0403125,88690.720625,63.0,Greed,0,,,0
2025-04-25,94720.5,40915232364,0.8267742531563593,2.9925593784766273,84495.21578125,88853.13982421876,60.0,Greed,0,,,0
2025-04-26,94646.9296875,17612825123,-0.07767095032226168,2.993487821118063,84653.3009375,89015.71462890625,65.0,Greed,0,,,1
2025-04-27,93754.84375,18090367764,-0.942540809771053,2.928045769586652,84805.3059375,89181.57833984375,61.0,Greed,0,,,1
2025-04-28,94978.75,32363449569,1.3054325526514532,2.894424988186209,85092.86015625,89355.09958984375,54.0,Neutral,0,,,0
2025-04-29,94284.7890625,25806129921,-0.7306486319308303,2.8994506867795233,85407.9159375,89514.2980859375,60.0,Greed,0,,,0
2025-04-30,94207.3125,28344679831,-0.08217291810309613,2.9010722612748467,85634.81796875,89669.36953125,56.0,Greed,0,,,0
2025-05-01,96492.3359375,32875889623,2.425526614507767,2.8802563827910093,85890.2175,89837.5743359375,53.0,Neutral,0,,,0
2025-05-02,96910.0703125,26421924677,0.43291974532626565,2.7986457689265998,86207.08484375,89991.8940625,67.0,Greed,0,,,0
2025-05-03,95891.796875,15775154889,-1.0507405827035687,2.814059752052552,86445.53875,90136.1475,65.0,Greed,15,3.8666666666666667,0.42558666666666667,1
2025-05-04,94315.9765625,18198688416,-1.6433317174712747,2.8403303066889465,86644.99609375,90269.6637890625,64.0,Greed,36,3.638888888888889,0.20071111111111112,1
2025-05-05,94748.0546875,25816260327,0.45811763897039004,2.8359391971609638,86888.3634375,90406.4048828125,52.0,Neutral,27,3.6666666666666665,0.25695555555555555,0
2025-05-06,96802.4765625,26551275827,2.168299794413664,2.543143310784485,87142.89921875,90548.3233203125,59.0,Greed,26,3.5384615384615383,0.24397692307692306,0
2025-05-07,97032.3203125,76983822462,0.23743581586117557,2.5424868743151485,87429.175625,90691.67125,67.0,Greed,35,4.2,0.4634142857142857,0
2025-05-08,103241.4609375,69895404397,6.3990437464578775,2.6039494566891483,87756.9203125,90862.8700390625,65.0,Greed,26,3.423076923076923,0.2512692307692308,0
2025-05-09,102970.8515625,58198593958,-0.2621130818400763,2.2271755712487282,88132.9934375,91040.8850390625,73.0,Greed,31,4.064516129032258,0.23874193548387096,0
2025-05-10,104696.328125,42276713994,1.6756941758927724,2.076147539764539,88546.05515625,91227.5596484375,70.0,Greed,28,3.6785714285714284,0.28149285714285716,1
2025-05-11,104106.359375,46285517406,-0.5635047193781384,1.9635175584951439,88951.53265625,91415.93046875,70.0,Greed,24,3.0416666666666665,0.27702916666666666,1
2025-05-12,102812.953125,63250475404,-1.242389281274392,1.9754252526704779,89286.70421875,91589.1899609375,70.0,Greed,41,3.5609756097560976,0.20049024390243902,0
2025-05-13,104169.8125,52608876410,1.3197358248725033,1.9201675121859747,89620.1221875,91776.826953125,70.0,Greed,36,3.9444444444444446,0.30715833333333337,0
2025-05-14,103539.4140625,45956071155,-0.6051642240404331,1.9351228561664946,89941.47640625,91959.450546875,73.0,Greed,28,4.071428571428571,0.3128964285714286,0
2025-05-15,103744.640625,50408241840,0.198211052629782,1.9100910547482755,90278.3515625,92138.527265625,70.0,Greed,45,3.2444444444444445,0.13994,0
2025-05-16,103489.2890625,44386499364,-0.24613470244020386,1.9178372756964803,90604.5953125,92306.434921875,71.0,Greed,38,3.026315789473684,0.1178842105263158,0
2025-05-17,103191.0859375,37898552742,-0.28814878109744146,1.925456456152506,90981.3540625,92458.787890625,74.0,Greed,20,3.55,0.303645,1
2025-05-18,106446.0078125,49887082058,3.154266519659865,1.9635339596460923,91458.3225,92629.320234375,74.0,Greed,32,3.6875,0.2736,1
2025-05-19,105606.1796875,61761126647,-0.7889709931436006,1.9846745249746116,91923.755625,92806.2751953125,74.0,Greed,32,3.34375,0.29729375,0
2025-05-20,106791.0859375,36515726122,1.1220046530480143,1.982390102571817,92408.5990625,92992.81828125,71.0,Greed,45,2.8666666666666667,0.14504666666666666,0
2025-05-21,109678.078125,78086364051,2.7034018449719976,1.9807137610961643,92898.7771875,93194.7623046875,70.0,Greed,25,3.48,0.29465600000000003,0
2025-05-22,111673.28125,70157575642,1.8191448638679386,1.6412936806993894,93482.52859375,93409.423125,72.0,Greed,30,3.6666666666666665,0.19541333333333333,0
2025-05-23,107287.796875,67548133399,-3.9270668202023518,1.838236257850661,93966.22796875,93606.8045703125,78.0,Extreme Greed,31,4.064516129032258,0.38968709677419355,0
2025-05-24,107791.15625,45903627163,0.4691674073487251,1.8378191970775954,94445.175,93798.9625390625,66.0,Greed,30,3.2,0.21497666666666668,1
2025-05-25,109035.390625,47518041841,1.1543009819045436,1.8409481554587162,94955.786875,93965.9441015625,74.0,Greed,22,3.6818181818181817,0.1178681818181818,1
2025-05-26,109440.3671875,45950461571,0.3714175371671846,1.8380267935908892,95580.30453125,94133.621640625,73.0,Greed,35,4.0,0.3698342857142857,0
2025-05-27,108994.640625,57450176272,-0.4072780217708405,1.826086276435332,96175.490625,94295.8674609375,74.0,Greed,27,2.740740740740741,0.2409814814814815,0
2025-05-28,107802.328125,49155377493,-1.0939184653144474,1.8429297135855327,96806.098125,94450.984765625,71.0,Greed,34,3.676470588235294,0.21326470588235294,0
2025-05-29,105641.7578125,56022752042,-2.004196337944353,1.8849949922742768,97267.45421875,94576.8226171875,74.0,Greed,24,2.7083333333333335,0.09201666666666668,0
2025-05-30,103998.5703125,57655287183,-1.5554336978341854,1.9168255500968632,97754.9028125,94653.308046875,60.0,Greed,32,3.4375,0.258028125,0
2025-05-31,104638.09375,38997843858,0.6149348357177731,1.8772418953715577,98179.56796875,94736.719453125,50.0,Neutral,29,3.0,0.03616206896551724,1
2025-06-01,105652.1015625,37397056873,0.9690618169351017,1.881223594232527,98586.8678125,94812.059140625,56.0,Greed,23,2.869565217391304,0.05239130434782608,1
2025-06-02,105881.53125,45819706290,0.21715582000447764,1.8638731327669542,99030.79890625,94905.2146484375,64.0,Greed,19,3.6842105263157894,0.24201052631578948,0
2025-06-03,105432.46875,46196508367,-0.42411787466475337,1.831987845645074,99448.60046875,94977.046953125,64.0,Greed,26,2.923076923076923,0.2552,0
2025-06-04,104731.984375,44544857105,-0.6643915136436584,1.8419445905137162,99869.8603125,95047.9144921875,62.0,Greed,25,3.28,0.021344,0
2025-06-05,101575.953125,57479298400,-3.0134359325224014,1.9074136167528326,100220.70203125,95106.565,57.0,Greed,28,3.7142857142857144,0.3265321428571429,0
2025-06-06,104390.34375,48856653697,2.7707252931573167,1.9653337455934432,100610.59390625,95175.803515625,45.0,Fear,20,2.9,0.23567999999999997,0
2025-06-07,105615.625,38365033776,1.1737496074678777,1.6003836202616517,101033.8903125,95242.1626953125,52.0,Neutral,21,3.619047619047619,0.3117809523809524,1
2025-06-08,105793.6484375,36626232328,0.16855786016509722,1.5990637288076235,101448.495,95299.4334765625,62.0,Greed,18,2.388888888888889,0.06914999999999999,1
2025-06-09,110294.1015625,55903193732,4.253991795791734,1.7488034087536113,101950.8909375,95358.3803515625,62.0,Greed,28,2.9642857142857144,0.08647142857142857,0
2025-06-10,110257.234375,54700101509,-0.03342625487465778,1.7436133475714066,102405.6575,95414.678203125,71.0,Greed,28,3.4642857142857144,0.21432857142857142,0
2025-06-11,108686.625,50842662052,-1.4244955298426398,1.7491385690139387,102710.5521875,95469.224921875,72.0,Greed,32,3.4375,0.127246875,0
2025-06-12,105929.0546875,54843867968,-2.5371753999169577,1.8048639882542319,102955.15109375,95508.80109375,71.0,Greed,25,2.76,-0.08223599999999999,0
2025-06-13,106090.96875,69550440846,0.15285141831733462,1.8003638456860802,103198.09453125,95573.744453125,61.0,Greed,32,3.6875,0.3542375,0
2025-06-14,105472.40625,38007870453,-0.5830491579897124,1.8044924173053405,103413.13265625,95641.1798828125,63.0,Greed,27,3.5555555555555554,0.14087777777777777,1
2025-06-15,105552.0234375,36744307742,0.0754862720314664,1.8034997669164181,103631.23453125,95689.12734375,60.0,Greed,23,2.782608695652174,0.030943478260869565,1
2025-06-16,106796.7578125,50366626945,1.1792615001237072,1.8130026855818646,103892.0728125,95744.8487890625,61.0,Greed,14,3.142857142857143,0.22543571428571427,0
2025-06-17,104601.1171875,55964092176,-2.0559056941174436,1.76218776767542,104084.52015625,95780.5467578125,68.0,Greed,25,2.92,0.186644,0
2025-06-18,104883.328125,47318089133,0.2697972498650669,1.7573334916828116,104296.4909375,95822.718125,52.0,Neutral,15,3.8666666666666667,0.17262666666666668,0
2025-06-19,104684.2890625,37333806920,-0.1897718789613423,1.7445212651353486,104506.03046875,95859.740625,57.0,Greed,32,3.125,0.22640625,0
2025-06-20,103309.6015625,50951862476,-1.3131746055793259,1.6786729159342864,104642.37578125,95896.962109375,54.0,Neutral,18,3.6666666666666665,0.32126666666666664,0
2025-06-21,102257.40625,38360555118,-1.0184874363913243,1.6413491022741982,104749.3225,95928.2383203125,49.0,Neutral,21,3.6666666666666665,0.2403095238095238,1
2025-06-22,100987.140625,65536997201,-1.2422235919953284,1.5030101822031638,104851.229375,95939.3313671875,42.0,Fear,24,3.4583333333333335,0.2937166666666667,1
2025-06-23,105577.7734375,65237759656,4.545759771084712,1.7316182932265456,105076.4653125,95984.2523828125,47.0,Neutral,21,2.8095238095238093,0.10871904761904763,0
2025-06-24,106045.6328125,48822986421,0.4431419225533917,1.7193196856718005,105302.416875,96014.8769921875,65.0,Greed,26,3.1923076923076925,0.10250769230769231,0
2025-06-25,107361.2578125,51624120283,1.2406215749838134,1.734420240158401,105513.5925,96052.0666015625,66.0,Greed,44,2.5454545454545454,0.12262272727272729,0
2025-06-26,106960.0,43891990613,-0.3737454466123835,1.7341925169570787,105712.14609375,96080.6865234375,74.0,Greed,64,2.515625,0.098525,0
2025-06-27,107088.4296875,45353692675,0.12007263229245613,1.7230828754293652,105789.08546875,96128.965078125,65.0,Greed,107,2.1588785046728973,0.04502056074766356,0
2025-06-28,107327.703125,30037708335,0.22343537784448309,1.6815885007375087,105876.2225,96182.2264453125,65.0,Greed,35,3.0,0.21331999999999998,1
2025-06-29,108385.5703125,35534874438,0.9856422495764683,1.6609538238293748,105950.00734375,96218.289140625,68.0,Greed,24,3.75,0.31365,1
2025-06-30,107135.3359375,42064804590,-1.1535062936840146,1.675241777367131,106010.586875,96253.7508203125,66.0,Greed,24,3.1666666666666665,0.2298375,0
2025-07-01,105698.28125,44110692247,-1.3413452013053329,1.6866033427315779,106068.2934375,96274.9459375,64.0,Greed,19,3.526315789473684,0.43284736842105265,0
2025-07-02,108859.3203125,56248657737,2.990624847553991,1.77191691076141,106162.08359375,96312.3776953125,63.0,Greed,18,3.5555555555555554,0.2863055555555556,0
2025-07-03,109647.9765625,50494742270,0.7244728772290987,1.7724425327742352,106284.25484375,96339.1241015625,73.0,Greed,31,3.6451612903225805,0.38638064516129034,0
2025-07-04,108034.3359375,42616442656,-1.4716556343200904,1.7911954830269459,106370.04875,96349.1471875,73.0,Greed,30,3.7666666666666666,0.30442,0
2025-07-05,108231.1796875,30615537520,0.18220480395592098,1.690696402664088,106464.8865625,96359.600078125,67.0,Greed,20,3.15,0.29368,1
2025-07-06,109232.0703125,36746020463,0.9247710575546852,1.6272685290572761,106585.70625,96405.552734375,66.0,Greed,29,3.1379310344827585,0.3500413793103448,1
2025-07-07,108299.8515625,45415696597,-0.8534295352390808,1.6259765684493603,106622.783125,96459.5972265625,73.0,Greed,21,3.380952380952381,0.20218571428571427,0
2025-07-08,108950.2734375,44282204127,0.6005750382996888,1.6285495595500874,106689.665,96515.5689453125,65.0,Greed,18,3.9444444444444446,0.42485555555555554,0
2025-07-09,111326.5546875,57927418065,2.1810695604753683,1.4842786483762953,106780.374375,96586.0780859375,66.0,Greed,28,3.5714285714285716,0.27423214285714287,0
2025-07-10,115987.203125,95911605728,4.1864660687494615,1.6657813873116594,106906.556875,96690.4894140625,71.0,Greed,34,3.735294117647059,0.28871176470588233,0
2025-07-11,117516.9921875,86928361085,1.3189291760499877,1.6497584573069612,107023.43109375,96804.6431640625,71.0,Greed,44,3.4545454545454546,0.23921363636363635,0
2025-07-12,117435.2265625,45524560304,-0.06957770402219454,1.5640698436545815,107226.3796875,96898.438828125,79.0,Extreme Greed,20,4.0,0.28653,1
2025-07-13,119116.1171875,49021091807,1.4313342548076147,1.5757184346470878,107452.87890625,96997.5234375,74.0,Greed,26,3.8076923076923075,0.3182115384615385,1
2025-07-14,119849.703125,181746419401,0.6158578325259345,1.5651312463559264,107669.16515625,97117.794375,74.0,Greed,43,3.441860465116279,0.28421860465116283,0
2025-07-15,117777.1875,98321661181,-1.729262210051885,1.613504291461594,107835.9015625,97235.856015625,73.0,Greed,38,3.710526315789474,0.31665263157894735,0
2025-07-16,118738.5078125,72162029070,0.816219450392297,1.6086447403753494,108030.77890625,97353.72890625,70.0,Greed,50,3.32,0.21684,0
2025-07-17,119289.84375,72363841798,0.4643278306736054,1.5422243670738367,108260.52921875,97482.5269921875,74.0,Greed,62,3.2096774193548385,0.25872741935483873,0
2025-07-18,118003.2265625,77945799785,-1.078563897020779,1.5671132903753706,108507.75859375,97609.3270703125,73.0,Greed,58,3.793103448275862,0.26825,0
2025-07-19,117939.9765625,47564562765,-0.053600229283989886,1.5655264894363325,108786.58671875,97731.8809375,74.0,Greed,40,3.975,0.39652000000000004,1
2025-07-20,117300.7890625,57515447231,-0.541960002562214,1.5424180574878334,109039.840625,97846.28609375,72.0,Greed,39,4.17948717948718,0.3146641025641026,1
2025-07-21,117439.5390625,69820091744,0.11828564931994912,1.5192532269707462,109275.589375,97949.0494140625,71.0,Greed,43,4.046511627906977,0.3952604651162791,0
2025-07-22,119995.4140625,79217583118,2.176332622218302,1.5143244133486229,109557.86703125,98058.4893359375,72.0,Greed,44,3.590909090909091,0.2241590909090909,0
2025-07-23,118754.9609375,66608604537,-1.0337504434577038,1.3445233828576186,109824.316875,98161.0830078125,74.0,Greed,38,3.5789473684210527,0.20050526315789471,0
2025-07-24,118368.0,72627318560,-0.32584822936673197,1.3510160759097363,110097.0371875,98261.348203125,71.0,Greed,42,3.0952380952380953,0.1773785714285714,0
2025-07-25,117635.8828125,104857024569,-0.6185093838706357,1.3526185959559291,110418.23578125,98339.1371875,70.0,Greed,36,3.638888888888889,0.32606111111111113,0
2025-07-26,117947.3671875,48508954046,0.2647868724685587,1.3464352449701116,110689.37625,98444.2605078125,72.0,Greed,29,3.793103448275862,0.34821724137931037,1
2025-07-27,119448.4921875,54683390892,1.2727075099638885,1.3564942920150875,110966.03359375,98566.2853515625,73.0,Greed,22,3.5,0.17515,1
2025-07-28,117924.4765625,64822943193,-1.2758768211219684,1.3894357918885656,111208.65015625,98693.4875390625,75.0,Greed,31,3.870967741935484,0.31021935483870966,0
2025-07-29,117922.1484375,68463107433,-0.0019742508661990676,1.3849012195783565,111361.21109375,98809.591015625,73.0,Greed,36,3.1666666666666665,0.26724722222222225,0
2025-07-30,117831.1875,68896148592,-0.07713643170961237,1.3599138814435614,111512.69015625,98925.913984375,74.0,Greed,29,2.8620689655172415,0.10048275862068964,0
2025-07-31,115758.203125,69370346018,-1.7592832754910526,1.3795877713002318,111654.12171875,99032.2628125,72.0,Greed,43,3.511627906976744,0.28456976744186047,0
2025-08-01,113320.0859375,91294530181,-2.1062154747402473,1.3519808956182215,111801.94234375,99126.280625,65.0,Greed,40,3.425,0.1989875,0
2025-08-02,112526.9140625,56870866000,-0.6999393518263508,1.355852370156448,111930.66125,99206.2449609375,55.0,Greed,31,3.4838709677419355,0.32360967741935487,1
2025-08-03,114217.671875,48099615826,1.5025363723748075,1.346030915812343,112105.5665625,99274.810859375,53.0,Neutral,29,4.275862068965517,0.40263103448275867,1
2025-08-04,115071.8828125,35783028986,0.7478798363486527,1.3498112540285798,112295.96375,99351.3857421875,64.0,Greed,30,4.166666666666667,0.34054,0
2025-08-05,114141.4453125,61039182286,-0.8085706753543476,1.355390109970613,112442.8575,99399.7827734375,60.0,Greed,28,3.892857142857143,0.378925,0
2025-08-06,115028.0,56379133510,0.7767158415357134,1.3461939790367567,112651.39515625,99452.882421875,54.0,Neutral,23,4.130434782608695,0.4434304347826087,0
2025-08-07,117496.8984375,64051649681,2.1463456180234486,1.3905192547787713,112903.6665625,99534.9188671875,62.0,Greed,37,3.4864864864864864,0.2806135135135135,0
2025-08-08,116688.7265625,59713005166,-0.68782400705657,1.3520594579177305,113143.7553125,99608.2791796875,74.0,Greed,24,3.3333333333333335,0.30714583333333334,0
2025-08-09,116500.359375,54004312429,-0.16142706587778388,1.1191767787015012,113407.57046875,99660.0496484375,67.0,Greed,30,3.533333333333333,0.27667,1
2025-08-10,119306.7578125,64755458694,2.408918266480664,1.178874203205454,113748.5575,99738.3180859375,69.0,Greed,24,3.4583333333333335,0.4031458333333333,1
2025-08-11,118731.4453125,90528784177,-0.4822128356753663,1.1828038103272491,114103.44359375,99812.174453125,70.0,Greed,33,3.484848484848485,0.24655757575757575,0
2025-08-12,120172.90625,72803657984,1.2140515376580119,1.1746486758353123,114395.34625,99888.9415625,68.0,Greed,31,3.774193548387097,0.3194677419354839,0
2025-08-13,123344.0625,90904808795,2.6388279596092357,1.263763461110832,114741.31484375,99982.0886328125,73.0,Greed,36,3.7777777777777777,0.3698972222222222,0
2025-08-14,118359.578125,104055627395,-4.041122267235197,1.4378709776283098,114961.28125,100060.4740234375,75.0,Greed,50,3.34,0.253824,0
2025-08-15,117398.3515625,68665353159,-0.8121240187970669,1.4377649089579212,115170.04828125,100137.02734375,60.0,Greed,27,3.185185185185185,0.2594444444444444,0
2025-08-16,117491.3515625,48036922378,0.07921746665282559,1.434935822435741,115378.10671875,100217.82171875,56.0,Greed,22,3.090909090909091,0.05983636363636364,1
2025-08-17,117453.0625,45852169525,-0.032588834829794244,1.421491481332878,115580.61390625,100286.5709765625,64.0,Greed,29,3.5172413793103448,0.29471379310344825,1
2025-08-18,116252.3125,72787808090,-1.022323279139703,1.4335667872951658,115737.94875,100344.156015625,60.0,Greed,30,3.033333333333333,0.16745000000000002,0
2025-08-19,112831.1796875,71657600353,-2.9428514056440758,1.5266597359308696,115851.865625,100396.286796875,56.0,Greed,33,3.393939393939394,0.23018181818181818,0
2025-08-20,114274.7421875,67993811526,1.2794003430595335,1.54743609814272,116023.39484375,100464.3809765625,44.0,Fear,31,3.5806451612903225,0.3185677419354839,0
2025-08-21,112419.03125,57817883700,-1.623902974513114,1.5115417869555297,116094.5890625,100538.03125,50.0,Neutral,24,3.7083333333333335,0.3605041666666667,0
2025-08-22,116874.0859375,82528088240,3.962900798880531,1.682783424821773,116239.11125,100615.3745703125,50.0,Neutral,24,3.1666666666666665,0.16640833333333335,0
2025-08-23,115374.328125,55377142586,-1.2832252765613172,1.6974150556636165,116385.91109375,100702.887109375,60.0,Greed,33,3.515151515151515,0.2412121212121212,1
2025-08-24,113458.4296875,73961489632,-1.6605933647771742,1.719515471626444,116490.45609375,100787.10203125,53.0,Neutral,23,2.8260869565217392,0.03790434782608696,1
2025-08-25,110124.3515625,85706860190,-2.9385900493979156,1.7935540953946456,116508.30171875,100854.7573046875,47.0,Neutral,21,3.0,0.22768095238095237,0
2025-08-26,111802.65625,69396320317,1.5240086898922645,1.801302124743634,116578.3578125,100931.12515625,48.0,Neutral,29,3.103448275862069,0.20325172413793102,0
2025-08-27,111222.0625,62137056409,-0.5193022862549412,1.7910530790424928,116623.79359375,101004.823203125,51.0,Neutral,29,2.793103448275862,0.1501,0
2025-08-28,112544.8046875,58860155962,1.189280397942638,1.808243950226139,116648.15859375,101085.0467578125,48.0,Neutral,23,3.5217391304347827,0.15760869565217392,0
2025-08-29,108410.8359375,77843379644,-3.6731759955323295,1.9197123642975027,116496.63125,101139.9131640625,50.0,Neutral,32,2.8125,0.071828125,0
2025-08-30,108808.0703125,51486264208,0.3664157476186425,1.9015909753370632,116322.4528125,101205.2163671875,39.0,Fear,25,3.2,0.299388,1
2025-08-31,108236.7109375,47986191770,-0.525107534173741,1.8682299765052761,116138.4825,101256.970625,48.0,Neutral,28,3.3214285714285716,0.16427857142857144,1
2025-09-01,109250.59375,66870372995,0.9367272930950854,1.8750766844110816,115941.17203125,101320.1042578125,46.0,Fear,22,3.6363636363636362,0.20654090909090914,0
2025-09-02,111200.5859375,74776999491,1.7848801737061493,1.8839883339977255,115768.1896875,101388.56234375,49.0,Neutral,28,3.0,0.19269285714285717,0
2025-09-03,111723.2109375,61119643565,0.4699840343410866,1.8804981953418467,115647.11015625,101459.276640625,55.0,Greed,26,3.5,0.31818076923076927,0
2025-09-04,110723.6015625,60131132901,-0.8947195185422974,1.8817125514050108,115486.81203125,101532.0194921875,51.0,Neutral,30,3.1,0.12882666666666667,0
2025-09-05,110650.984375,60241647677,-0.06558419928113235,1.8746961888128326,115314.03484375,101606.4075,48.0,Neutral,25,3.56,0.23020800000000002,0
2025-09-06,110224.6953125,21500719036,-0.38525555367432407,1.8258680843920019,115158.46421875,101679.8332421875,48.0,Neutral,27,3.6666666666666665,0.1759111111111111,1
2025-09-07,111167.6171875,24618007520,0.8554542812086785,1.833275665604425,115023.01703125,101752.49328125,44.0,Fear,18,4.0,0.3822611111111111,1
2025-09-08,112071.4296875,40212813407,0.8130177859939192,1.8415906686696244,114918.42984375,101821.1807421875,51.0,Neutral,25,3.84,0.331652,0
2025-09-09,111530.546875,45984480722,-0.4826232823193166,1.7796947102305543,114800.25,101898.2057421875,48.0,Neutral,19,3.4210526315789473,0.2407578947368421,0
2025-09-10,113955.359375,56377473784,2.174124101370767,1.83097596757562,114679.44890625,101985.09375,49.0,Neutral,20,3.35,0.27040000000000003,0
2025-09-11,115507.5390625,45685065332,1.3620945043858246,1.8348921131515967,114614.50046875,102081.2618359375,54.0,Neutral,27,3.7037037037037037,0.23072222222222222,0
2025-09-12,116101.578125,54785725894,0.5142859655061782,1.7645713173566,114569.17203125,102204.6788671875,57.0,Greed,33,3.1515151515151514,0.16393333333333335,0
2025-09-13,115950.5078125,34549454947,-0.13011908618274504,1.6074383351732984,114535.46453125,102340.750546875,52.0,Neutral,21,3.4761904761904763,0.10952380952380951,1
2025-09-14,115407.65625,32798036057,-0.46817523505617853,1.603080120827263,114484.6703125,102496.0537109375,55.0,Greed,23,2.869565217391304,0.13211739130434785,1
2025-09-15,115444.875,52937859416,0.03224981011604733,1.6029780164372092,114404.59796875,102649.756953125,53.0,Neutral,21,3.5714285714285716,0.1931142857142857,0
2025-09-16,116843.1875,45781744593,1.2112382641498831,1.6193420323176178,114382.9721875,102812.1078515625,52.0,Neutral,28,3.0,0.212375,0
2025-09-17,116468.5078125,60528025996,-0.32066883445814875,1.609171854528829,114353.899375,102964.2908203125,53.0,Neutral,25,3.12,0.29898,0
2025-09-18,117137.203125,49457272032,0.5741425944741474,1.5110938653166346,114340.0196875,103078.735078125,52.0,Neutral,20,2.9,0.288585,0
2025-09-19,115688.859375,38828473971,-1.2364506846338497,1.5152542496886425,114338.6328125,103226.851015625,53.0,Neutral,29,3.103448275862069,0.25569310344827584,0
2025-09-20,115721.9609375,22864449614,0.028612575730124767,1.481895016377372,114386.6703125,103369.34984375,48.0,Neutral,17,2.9411764705882355,-0.051323529411764705,1
2025-09-21,115306.09375,22495852193,-0.3593675600818802,1.292055905452947,114442.25390625,103492.7625,49.0,Neutral,11,2.8181818181818183,-0.020636363636363644,1
2025-09-22,112748.5078125,70684158591,-2.218083931492132,1.3337526111905447,114412.870625,103606.69640625,45.0,Fear,20,3.1,0.169205,0
2025-09-23,112014.5,47211853279,-0.651013327573835,1.3046025715085316,114351.72296875,103733.055546875,43.0,Fear,29,2.4827586206896552,-0.08124482758620688,0
2025-09-24,113328.6328125,48044595085,1.1731809832655538,1.2008323021838463,114335.46671875,103868.9257421875,44.0,Fear,24,3.0416666666666665,0.21893333333333334,0
2025-09-25,109049.2890625,75528654284,-3.776048156409062,1.3633861011299697,114215.8925,104011.1669921875,44.0,Fear,29,4.068965517241379,0.21638620689655172,0
2025-09-26,109712.828125,57738288949,0.608476284627324,1.366229549379584,114060.21109375,104167.0711328125,28.0,Fear,36,3.4444444444444446,0.22313055555555555,0
2025-09-27,109681.9453125,26308042910,-0.028148770775293652,1.3465058861116928,113920.07546875,104301.1698046875,33.0,Fear,19,3.263157894736842,0.15753157894736844,1
2025-09-28,112122.640625,33371048505,2.225248016477188,1.2287824192067387,113832.52109375,104443.1712109375,37.0,Fear,25,3.16,0.030528000000000003,1
2025-09-29,114400.3828125,60000147466,2.031473906432546,1.276972787934212,113734.39359375,104609.839609375,50.0,Neutral,20,3.95,0.27432,0
2025-09-30,114056.0859375,58986330258,-0.3009577997342028,1.2733851013453974,113640.88640625,104760.27453125,50.0,Neutral,25,3.56,0.24022400000000002,0
2025-10-01,118648.9296875,71328680132,4.026829179914837,1.4493147384723533,113610.406875,104931.8036328125,49.0,Neutral,21,3.3333333333333335,0.15370000000000003,0
2025-10-02,120681.2578125,71415163912,1.7128920845327356,1.446804235776376,113557.15078125,105122.311484375,64.0,Greed,27,3.7037037037037037,0.28715555555555555,0
2025-10-03,122266.53125,83941392228,1.3136036748664148,1.45870925172177,113635.28984375,105313.265703125,63.0,Greed,17,4.470588235294118,0.30310000000000004,0
2025-10-04,122425.4296875,36769171735,0.1299606980548873,1.4413894309654562,113735.83140625,105511.8003515625,71.0,Greed,32,3.5,0.144671875,1
2025-10-05,123513.4765625,73689317763,0.8887425412982486,1.4425349387139514,113856.27390625,105695.0966015625,74.0,Greed,24,3.1666666666666665,0.206425,1
2025-10-06,124752.53125,72568881188,1.0031736794915869,1.4394958389786807,114002.26328125,105898.02328125,71.0,Greed,35,3.5142857142857142,0.16089142857142857,0
2025-10-07,121451.3828125,76149412513,-2.6461574802715715,1.5416102581020366,114106.2446875,106085.063984375,70.0,Greed,25,3.4,0.33759999999999996,0
2025-10-08,123354.8671875,65354305286,1.567280940669602,1.556231282999749,114316.7184375,106282.6758984375,60.0,Greed,31,3.161290322580645,0.18366129032258066,0
2025-10-09,121705.5859375,74653009425,-1.3370216251727518,1.5793003210241512,114465.3353125,106460.931953125,70.0,Greed,34,3.6176470588235294,0.26796764705882353,0
2025-10-10,113214.3671875,153125018868,-6.976852117831744,2.026077277590067,114481.24203125,106589.50921875,64.0,Greed,31,2.806451612903226,0.11390967741935483,0
2025-10-11,110807.8828125,110236934340,-2.125599811033263,2.0451076464831637,114359.91796875,106706.1901171875,27.0,Fear,35,3.2857142857142856,0.18120571428571428,1
2025-10-12,115169.765625,93710414091,3.9364372838716077,2.1730184323041457,114355.82671875,106847.53453125,24.0,Extreme Fear,37,3.0,0.13818918918918918,1
2025-10-13,115271.078125,71582026739,0.0879679657679322,2.1729457338947453,114392.0796875,106988.0044140625,38.0,Fear,37,3.054054054054054,0.15633513513513514,0
2025-10-14,113118.6640625,92212917403,-1.8672628880645359,2.1982854843686477,114451.9659375,107131.8319921875,38.0,Fear,29,3.1724137931034484,0.22971379310344828,0
2025-10-15,110783.1640625,72574132855,-2.064646024028005,2.228930783690964,114431.57609375,107272.7598828125,34.0,Fear,30,3.7333333333333334,0.17919333333333334,0
2025-10-16,108186.0390625,87306423067,-2.3443318504017374,2.2505164589312,114370.855625,107402.0174609375,28.0,Fear,29,4.0344827586206895,0.3193931034482759,0
2025-10-17,106467.7890625,99703051669,-1.588236351834038,2.2641064711643706,114249.3153125,107521.6118359375,22.0,Extreme Fear,37,3.7027027027027026,0.12973513513513515,0
2025-10-18,107198.265625,37779905278,0.6861009972426446,2.265643982173599,114225.06390625,107631.7573046875,23.0,Extreme Fear,26,3.730769230769231,0.2934307692307692,1
2025-10-19,108666.7109375,47657008953,1.3698405510000455,2.2772472513225455,114222.23671875,107762.6623046875,29.0,Fear,21,3.2857142857142856,0.15012380952380952,1
2025-10-20,110588.9296875,63507793085,1.768912239467313,2.3048260927955395,114269.28109375,107900.0928125,29.0,Fear,21,2.9523809523809526,0.11442857142857144,0
2025-10-21,108476.890625,101194375480,-1.9098105646452646,2.3275308428551975,114253.80703125,108023.2582421875,34.0,Fear,36,3.8055555555555554,0.33474444444444446,0
2025-10-22,107688.5859375,80807013218,-0.7267028792566799,2.298170279349882,114183.56703125,108144.1771875,25.0,Extreme Fear,28,3.5714285714285716,0.2825857142857143,0
2025-10-23,110069.7265625,54944076060,2.2111355667553845,2.3347874916529725,114150.49734375,108303.4533984375,27.0,Fear,32,3.9375,0.10741250000000001,0
2025-10-24,111033.921875,48160816980,0.8759859251149305,2.330124809527337,114156.70375,108462.446328125,30.0,Fear,21,3.0952380952380953,0.20820000000000002,0
2025-10-25,111641.7265625,24707667305,0.5474045023684315,2.222398777891134,114176.51859375,108639.2951953125,37.0,Fear,22,2.6363636363636362,0.07563636363636364,1
2025-10-26,114472.4453125,41708524143,2.535538312743024,2.264968725859075,114261.47359375,108798.78765625,40.0,Fear,36,3.5555555555555554,0.19525833333333334,1
2025-10-27,114119.328125,61761358733,-0.30847352525406047,2.2663783551975163,114320.5078125,108971.25359375,51.0,Neutral,45,3.488888888888889,0.1614511111111111,0
2025-10-28,112956.1640625,64528066504,-1.019252462848308,2.2415771865406944,114338.2025,109119.010234375,50.0,Neutral,38,3.263157894736842,0.2675921052631579,0
2025-10-29,110055.3046875,62192043469,-2.5681284408657135,2.2585605170162304,114308.69765625,109242.8512109375,51.0,Neutral,41,3.926829268292683,0.3569317073170732,0
2025-10-30,108305.546875,69673964814,-1.5898895718551742,2.2746377511651716,114195.70140625,109365.9540625,34.0,Fear,31,3.4838709677419355,0.2393,0
2025-10-31,109556.1640625,60090359560,1.1547120379193476,2.1499307013313773,114076.67390625,109491.0229296875,29.0,Fear,38,3.6842105263157894,0.22713684210526316,0
2025-11-01,110064.015625,25871668762,0.4635536182247879,2.122670280771692,113955.92265625,109622.998046875,33.0,Fear,44,3.8181818181818183,0.3891409090909091,1
2025-11-02,110639.625,34284209459,0.5229768982454308,2.1069961382043187,113849.705,109756.0268359375,37.0,Fear,25,3.64,0.361416,1
2025-11-03,106547.5234375,72852006359,-3.698585893164408,2.1935495300597223,113672.50234375,109864.285703125,42.0,Fear,35,4.085714285714285,0.30687714285714285,0
2025-11-04,101590.5234375,110967184773,-4.652384063068105,2.308240943742959,113395.4153125,109949.984296875,21.0,Extreme Fear,49,3.5714285714285716,0.30249591836734696,0
2025-11-05,103891.8359375,77584934804,2.265282648549194,2.3500267400182153,113136.38828125,110044.12640625,23.0,Extreme Fear,31,3.7419354838709675,0.25751612903225807,0
2025-11-06,101301.2890625,63932752861,-2.493503798083263,2.3455619528869542,112833.04390625,110124.761328125,27.0,Fear,36,3.8055555555555554,0.33442500000000003,0
2025-11-07,103372.40625,92168030081,2.0445121741957006,2.3621580336887775,112557.74796875,110204.028828125,24.0,Extreme Fear,46,3.282608695652174,0.15944347826086955,0
2025-11-08,102282.1171875,51446691095,-1.0547196317199026,2.3595167621782798,112289.613125,110248.2299609375,20.0,Extreme Fear,54,3.6296296296296298,0.28150925925925924,1
2025-11-09,104719.640625,59679243013,2.383137448193029,2.0831181764442275,112069.56671875,110303.3326171875,22.0,Extreme Fear,46,3.6739130434782608,0.3473108695652174,1
2025-11-10,105996.59375,69585887229,1.2194017448672767,2.068100063659567,111883.37671875,110363.5966015625,29.0,Fear,35,3.7714285714285714,0.2858857142857143,0
2025-11-11,102997.46875,71130078574,-2.829454130454079,1.9765745248572222,111688.3559375,110404.9814453125,26.0,Fear,40,4.075,0.2943925,0
2025-11-12,101663.1875,64347179408,-1.2954505253314763,1.9820708954976871,111481.3296875,110440.062734375,24.0,Extreme Fear,45,3.7333333333333334,0.23312444444444447,0
2025-11-13,99697.4921875,101546815416,-1.933536967351135,1.9838002649818558,111208.706875,110469.7759765625,15.0,Extreme Fear,37,4.081081081081081,0.3304972972972973,0
2025-11-14,94397.7890625,114346441890,-5.315783786249007,2.1588933448996226,110915.676875,110466.871171875,16.0,Extreme Fear,53,3.509433962264151,0.2412,0
2025-11-15,95549.1484375,38500716654,1.2196889211437911,2.1524855286084192,110632.40328125,110473.19296875,10.0,Extreme Fear,32,4.125,0.319028125,1
2025-11-16,94177.078125,71086235862,-1.435983820826503,2.1497419518870413,110322.3059375,110473.041796875,10.0,Extreme Fear,26,3.6153846153846154,0.2123192307692308,1
2025-11-17,92093.875,94186165724,-2.212006537551514,2.164991419475491,109921.730625,110451.0494921875,14.0,Extreme Fear,46,3.652173913043478,0.2351891304347826,0
2025-11-18,92948.875,101333569062,0.9284005043766586,2.1534400822061546,109492.70046875,110431.243515625,11.0,Extreme Fear,57,4.035087719298246,0.3198964912280702,0
2025-11-19,91465.9921875,80350354656,-1.5953746750565823,2.1187030337820967,109040.89859375,110409.1144921875,15.0,Extreme Fear,34,3.9705882352941178,0.2632970588235294,0
2025-11-20,86631.8984375,97970645638,-5.28512689185111,2.2740900022393844,108400.55796875,110370.6941015625,11.0,Extreme Fear,39,3.641025641025641,0.30125384615384615,0
2025-11-21,85090.6875,129157506112,-1.7790340109098413,2.282275626484147,107688.7465625,110322.407265625,14.0,Extreme Fear,41,3.3658536585365852,0.15339268292682928,0
2025-11-22,84648.359375,40793099246,-0.5198314151592665,2.2132456408120538,106936.383125,110261.6366796875,11.0,Extreme Fear,31,3.870967741935484,0.20416774193548387,1
2025-11-23,86805.0078125,58083435576,2.5477734635657168,2.278230185578462,106223.9746875,110210.5001171875,13.0,Extreme Fear,36,3.861111111111111,0.3589805555555555,1
2025-11-24,88270.5625,74433896110,1.688329653360121,2.310648849917444,105519.11640625,110135.645625,19.0,Extreme Fear,28,3.6785714285714284,0.4165035714285715,0
2025-11-25,87341.890625,64837343545,-1.0520742688141405,2.2258219890938524,104770.90359375,110057.5008203125,20.0,Extreme Fear,33,3.5757575757575757,0.2899151515151515,0
2025-11-26,90518.3671875,66496301869,3.636830551491177,2.3720942554717928,104152.24328125,109986.611015625,15.0,Extreme Fear,43,3.558139534883721,0.24793488372093025,0
2025-11-27,91285.375,57040622845,0.8473504729832548,2.388987463986987,103510.8534375,109922.50609375,22.0,Extreme Fear,32,3.65625,0.298896875,0
2025-11-28,90919.265625,60895830289,-0.40106027389381627,2.3625323196612915,102895.12703125,109863.03765625,25.0,Extreme Fear,32,4.40625,0.516478125,0
2025-11-29,90851.7578125,37921773455,-0.07425028351905061,2.3569968144586197,102447.87484375,109796.4473828125,28.0,Fear,24,3.5,0.2037125,1
2025-11-30,90394.3125,38497902869,-0.5035073877646679,2.334813374894926,102039.6034375,109730.721875,28.0,Fear,24,3.5416666666666665,0.30950833333333333,1
2025-12-01,86321.5703125,87962894424,-4.505529247207896,2.4301800605820736,101462.63953125,109643.6065234375,24.0,Extreme Fear,32,3.4375,0.218753125,0
2025-12-02,91350.203125,78546798211,5.825464938016567,2.705302463968202,100984.22203125,109582.91109375,23.0,Extreme Fear,39,3.871794871794872,0.3956205128205128,0
2025-12-03,93527.8046875,77650204986,2.3837949867722363,2.6930458404551776,100592.40484375,109534.5946875,28.0,Fear,51,3.6862745098039214,0.3133686274509804,0
2025-12-04,92141.625,64538402681,-1.482104377550164,2.58019435339757,100219.5740625,109463.0727734375,26.0,Fear,38,3.763157894736842,0.2568815789473684,0
2025-12-05,89387.7578125,63256398633,-2.9887330373216225,2.57889825541194,99843.6084375,109381.9806640625,28.0,Fear,41,4.365853658536586,0.37850243902439024,0
2025-12-06,89272.375,37994042405,-0.12908122468182626,2.550830963620536,99499.70015625,109294.387109375,23.0,Extreme Fear,26,4.038461538461538,0.35318076923076924,1
2025-12-07,90405.640625,47394898960,1.2694471554050235,2.529167549757267,99163.84765625,109198.024921875,20.0,Extreme Fear,20,3.95,0.48422,1
2025-12-08,90640.203125,57394099056,0.25945560296725123,2.529082126344687,98803.3175,109092.85953125,20.0,Extreme Fear,20,3.6,0.27452,0
2025-12-09,92691.7109375,66861721440,2.2633530616329445,2.52467484795723,98445.373125,109019.8791015625,22.0,Extreme Fear,22,4.409090909090909,0.38193181818181815,0
2025-12-10,92020.9453125,65420694513,-0.7236522211271801,2.507225968142786,98116.25421875,108941.028046875,26.0,Fear,38,3.473684210526316,0.2652263157894737,0
2025-12-11,92511.3359375,64532834621,0.5329119618741718,2.4716156405133494,97812.70921875,108858.4077734375,29.0,Fear,38,3.4473684210526314,0.18308684210526316,0
2025-12-12,90270.4140625,80275884583,-2.422321386120674,2.495280568378166,97416.72296875,108762.5580078125,29.0,Fear,25,4.0,0.22130400000000003,0
2025-12-13,90298.7109375,64237748110,0.03134678764229459,2.478425734568003,97002.01875,108669.078359375,23.0,Extreme Fear,20,3.75,0.253635,1
2025-12-14,88175.1796875,50465972205,-2.3516739363752315,2.3259549446543173,96532.6878125,108570.9426171875,21.0,Extreme Fear,25,4.08,0.370112,1
2025-12-15,86419.78125,45559514323,-1.9908078936967,2.3321885876325847,95971.63453125,108474.832734375,16.0,Extreme Fear,24,3.875,0.4218166666666667,0
2025-12-16,87843.984375,41262178223,1.6480059361409172,2.348661461085073,95446.12765625,108394.0598046875,11.0,Extreme Fear,35,4.057142857142857,0.4310257142857143,0
2025-12-17,86143.7578125,44243392914,-1.935507109105894,2.3410446282823565,94909.87953125,108301.588125,16.0,Extreme Fear,30,3.933333333333333,0.38280666666666663,0
2025-12-18,85462.5078125,52667115348,-0.7908292107279613,2.333604207089641,94418.02359375,108200.64015625,17.0,Extreme Fear,43,3.604651162790698,0.20300697674418605,0
2025-12-19,88103.3828125,46733310561,3.090097713717843,2.3966219277975216,94013.9803125,108111.7494140625,16.0,Extreme Fear,37,3.3783783783783785,0.28238648648648645,0
2025-12-20,88344.0,14688196659,0.2731077738661547,2.1874325978844436,93589.73703125,108026.3070703125,20.0,Extreme Fear,17,3.235294117647059,0.37274117647058824,1
2025-12-21,88621.75,19845522660,0.3143959974644561,2.159017355067677,93160.89171875,107945.7558984375,20.0,Extreme Fear,27,3.925925925925926,0.29784814814814814,1
2025-12-22,88490.015625,38047472118,-0.14864790528285043,2.1560603423150373,92717.89953125,107880.3262109375,25.0,Extreme Fear,23,3.9130434782608696,0.1627913043478261,0
2025-12-23,87414.0,43683011533,-1.215974047919599,2.122191421851527,92335.2290625,107795.4444921875,24.0,Extreme Fear,28,3.392857142857143,0.30087857142857144,0
2025-12-24,87611.9609375,25550297986,0.22646365284737513,2.099820819470769,92055.6578125,107705.426171875,24.0,Extreme Fear,26,3.576923076923077,0.2759846153846154,0
2025-12-25,87234.7421875,19953216347,-0.43055622310417263,2.0921736858017925,91722.5159375,107612.631640625,23.0,Extreme Fear,17,3.588235294117647,0.2418705882352941,0
2025-12-26,87301.4296875,42455674908,0.07644603322913834,1.9775971388187095,91442.51875,107497.66828125,20.0,Extreme Fear,15,3.533333333333333,0.2638666666666667,0
2025-12-27,87802.15625,13741199310,0.5735605525503784,1.9736940255439195,91131.11375,107385.392890625,23.0,Extreme Fear,30,4.033333333333333,0.25642000000000004,1
2025-12-28,87835.8359375,15156557929,0.038358610925337544,1.9730966898774338,90842.188125,107281.1389453125,24.0,Extreme Fear,16,3.125,0.29125,1
2025-12-29,87138.140625,48411625849,-0.7943173820266769,1.977195527260282,90490.558125,107187.184375,24.0,Extreme Fear,14,2.857142857142857,0.05669999999999999,0
2025-12-30,88430.1328125,35586356225,1.4826942349620564,1.9970732425207123,90139.22890625,107098.8801953125,23.0,Extreme Fear,34,3.2941176470588234,0.16617647058823531,0
2025-12-31,87508.828125,33830210616,-1.041844740246467,1.8234181350436374,89829.45609375,107009.0623046875,21.0,Extreme Fear,21,3.9047619047619047,0.1741047619047619,0
2026-01-01,88731.984375,18849043990,1.3977518339667538,1.4893751621911484,89570.83203125,106924.962109375,20.0,Extreme Fear,28,3.857142857142857,0.35952500000000004,0
2026-01-02,89944.6953125,46398906171,1.3667122921255048,1.4420362423766722,89375.77609375,106840.701796875,28.0,Fear,22,2.9545454545454546,0.1768409090909091,0
2026-01-03,90603.1875,20774828592,0.7321078638514056,1.4265005257072858,89299.8840625,106770.7121484375,29.0,Fear,19,3.5789473684210527,0.16117368421052633,1
2026-01-04,91413.4921875,26770491368,0.8943445698309516,1.3226953944557212,89217.1709375,106703.36296875,25.0,Extreme Fear,25,3.08,0.17703600000000003,1
2026-01-05,93882.5546875,53376407252,2.7009825802690735,1.4053719593946317,89211.28046875,106649.354296875,26.0,Fear,21,3.4761904761904763,0.23261428571428572,0
2026-01-06,93729.03125,52430605257,-0.16352711961346023,1.3912606920981898,89243.98359375,106601.4514453125,44.0,Fear,28,3.75,0.31181785714285715,0
2026-01-07,91308.0546875,43461295053,-2.5829527204251357,1.4763094050162309,89211.1671875,106546.7046875,42.0,Fear,31,3.193548387096774,0.14211290322580644,0
2026-01-08,91027.125,42386697030,-0.3076724046541912,1.4158794919053723,89202.38984375,106496.904609375,28.0,Fear,20,4.15,0.38394,0
2026-01-09,90513.1015625,38305906684,-0.5646925984974294,1.4135698111188384,89280.01390625,106421.58125,27.0,Fear,24,3.9166666666666665,0.15782916666666666,0
2026-01-10,90386.6484375,12385895282,-0.1397069847536736,1.4094089691816791,89385.933125,106343.286328125,25.0,Extreme Fear,35,4.142857142857143,0.3041628571428571,1
2026-01-11,90827.4609375,17165568977,0.48769647688045037,1.3402165890041375,89509.51515625,106260.61734375,29.0,Fear,21,3.4761904761904763,0.21377619047619048,1
2026-01-12,91192.9921875,41346275358,0.4024457429802286,1.3419487595054678,89597.27484375,106181.7823046875,27.0,Fear,24,4.375,0.42599583333333335,0
2026-01-13,95321.78125,54980674354,4.527528885126264,1.4976190686596764,89738.29921875,106122.9490625,26.0,Fear,27,3.7037037037037037,0.22482962962962963,0
2026-01-14,96929.328125,60592490863,1.6864423365986925,1.4560344033024335,89930.04796875,106070.9571875,48.0,Neutral,26,3.5384615384615383,0.49893846153846155,0
2026-01-15,95551.1875,53086363027,-1.421799419905967,1.472600630489437,90030.704375,106006.7852734375,61.0,Greed,32,3.84375,0.268534375,0
2026-01-16,95525.1171875,33248170537,-0.027284132392391136,1.413118635489877,90115.49921875,105948.7341796875,49.0,Neutral,34,3.9411764705882355,0.3855529411764706,0
2026-01-17,95099.921875,16021715122,-0.4451136256293897,1.4048401196407059,90199.11234375,105895.7423828125,50.0,Neutral,23,4.391304347826087,0.36742173913043474,1
2026-01-18,93634.4296875,20809781232,-1.541002514624834,1.3485230784790192,90254.76578125,105819.6179296875,49.0,Neutral,21,3.142857142857143,0.10237619047619048,1
2026-01-19,92553.59375,39195241508,-1.1543146480490485,1.3712780145643018,90297.95140625,105734.146015625,44.0,Fear,32,3.15625,0.269325,0
2026-01-20,88310.90625,53072968031,-4.584033237499218,1.6215771673209212,90337.738125,105635.5288671875,32.0,Fear,38,3.526315789473684,0.27761842105263157,0
2026-01-21,89376.9609375,56330422434,1.2071608510981546,1.636090901428665,90298.27328125,105541.2577734375,24.0,Extreme Fear,28,3.392857142857143,0.2024,0
2026-01-22,89462.453125,35549685694,0.0956534957143873,1.6186311243698992,90216.96625,105442.4096875,20.0,Extreme Fear,34,3.6176470588235294,0.11918529411764706,0
2026-01-23,89503.875,38997586037,0.04630084862766726,1.618441251793416,90164.21125,105348.4298046875,24.0,Extreme Fear,19,4.105263157894737,0.26406315789473683,0
2026-01-24,89110.734375,14558687712,-0.439244250598092,1.6185372587304894,90158.67078125,105249.232109375,25.0,Extreme Fear,19,3.736842105263158,0.2356526315789474,1
2026-01-25,86572.21875,36124986722,-2.8487203509257375,1.7047963502689405,90104.66765625,105125.4604296875,25.0,Extreme Fear,29,3.1379310344827585,0.25207241379310347,1
2026-01-26,88267.140625,45329286974,1.9578126787931138,1.739621529778773,90061.89765625,104986.8601171875,20.0,Extreme Fear,21,3.619047619047619,0.12218095238095238,0
2026-01-27,89102.5703125,38744942267,0.9464787027023913,1.7476139414940624,90031.145,104844.7880078125,29.0,Fear,26,3.3461538461538463,0.27757692307692305,0
2026-01-28,89184.5703125,39807419296,0.09202877056453396,1.7401047994320307,89961.0021875,104703.5347265625,29.0,Fear,40,3.6,0.23535750000000003,0
2026-01-29,84561.5859375,64653083162,-5.183614563372574,1.9672203861804127,89811.815,104530.7620703125,26.0,Fear,31,3.6774193548387095,0.24066451612903228,0
2026-01-30,84128.65625,72083816087,-0.5119696877728619,1.961121692070875,89644.16140625,104352.1568359375,16.0,Extreme Fear,35,3.6857142857142855,0.4013542857142857,0
2026-01-31,78621.1171875,70479259159,-6.546567255435032,2.2632521201154128,89411.17546875,104156.376484375,20.0,Extreme Fear,42,3.5714285714285716,0.26828095238095234,1
2026-02-01,76974.4453125,53372509744,-2.094439679701987,2.259499305334315,89144.69015625,103947.556171875,14.0,Extreme Fear,29,3.2413793103448274,0.22989310344827588,1
2026-02-02,78688.765625,75140589684,2.2271291537603544,2.30350151127168,88954.961875,103744.55078125,14.0,Extreme Fear,44,4.068181818181818,0.3879931818181818,0
2026-02-03,75633.546875,68249110822,-3.882661934945053,2.37197200767568,88739.2371875,103532.7023828125,17.0,Extreme Fear,33,4.0,0.2991030303030303,0
2026-02-04,73019.703125,67215363944,-3.455931736640505,2.3425027210603666,88442.7515625,103308.101015625,14.0,Extreme Fear,37,3.7027027027027026,0.22858108108108108,0
2026-02-05,62702.09765625,125509410908,-14.129892381358545,3.371829013922199,87973.918359375,103035.10755859375,12.0,Extreme Fear,53,3.509433962264151,0.10938301886792452,0
2026-02-06,70555.390625,114674259489,12.524769126232261,4.196702087715319,87675.776015625,102800.68681640625,9.0,Extreme Fear,69,3.391304347826087,0.24638985507246378,0
2026-02-07,69281.96875,62347107663,-1.8048541205989532,4.1999247779482,87299.347734375,102547.11958984374,6.0,Extreme Fear,26,3.3846153846153846,0.22984230769230768,1
2026-02-08,70264.7265625,39721722619,1.4184900201757111,4.219629196720676,86937.762265625,102304.66841796874,7.0,Extreme Fear,31,3.7096774193548385,0.33115806451612906,1
2026-02-09,70120.78125,52081598792,-0.20486141417196402,4.219319388607926,86567.742890625,102063.43232421875,14.0,Extreme Fear,31,3.806451612903226,0.2951870967741936,0
2026-02-10,68793.9609375,40593063077,-1.8921927121284043,4.217517384007522,86173.821796875,101819.22271484375,9.0,Extreme Fear,23,3.4782608695652173,0.15880869565217393,0
2026-02-11,66991.96875,49671946030,-2.619404614799148,4.223037573761515,85765.381171875,101564.44572265625,11.0,Extreme Fear,27,4.074074074074074,0.4375777777777778,0
2026-02-12,66221.84375,44651071271,-1.1495780977477277,4.095063384234196,85337.578828125,101298.31248046875,5.0,Extreme Fear,17,3.764705882352941,0.3773764705882353,0
2026-02-13,68857.84375,40820775886,3.9805596623848194,4.170097233446945,84970.040859375,101052.97931640624,9.0,Extreme Fear,16,4.5625,0.4000375,0
2026-02-14,69767.625,36012397645,1.3212456278809848,4.19163619910565,84619.364765625,100812.20669921875,9.0,Extreme Fear,23,3.4782608695652173,0.31417391304347825,1
2026-02-15,68788.1875,40191152750,-1.4038567315427408,4.188645767084652,84239.085390625,100566.99169921875,8.0,Extreme Fear,22,3.5,0.4184590909090909,1
2026-02-16,68843.15625,33618145426,0.0799101589935125,4.192150210407369,83859.231796875,100332.41646484374,12.0,Extreme Fear,18,2.388888888888889,0.12936111111111112,0
2026-02-17,67494.21875,34866936040,-1.9594358734823403,4.1947592081082865,83466.353359375,100103.28712890625,10.0,Extreme Fear,15,3.8,0.2591533333333333,0
2026-02-18,66425.3203125,33094301643,-1.5836888807606253,4.196039959529295,83026.257109375,99872.77916015625,8.0,Extreme Fear,17,4.294117647058823,0.43927058823529413,0
2026-02-19,66957.5234375,31492987019,0.8012052068341324,4.152983214035258,82615.231015625,99636.47841796876,9.0,Extreme Fear,17,3.6470588235294117,0.4212235294117647,0
2026-02-20,68005.421875,47507867304,1.5650197075734784,4.159556176900123,82200.699765625,99401.14611328125,7.0,Extreme Fear,26,3.5,0.3911576923076923,0
2026-02-21,68003.765625,18357635642,-0.002435467576455963,4.158848624840064,81761.881171875,99170.45771484375,8.0,Extreme Fear,20,4.45,0.367185,1
2026-02-22,67659.390625,17893536012,-0.5064057803784272,4.156078641255533,81303.005234375,98933.61466796875,9.0,Extreme Fear,21,3.6666666666666665,0.3040761904761905,1
2026-02-23,64616.73828125,50953457309,-4.497014110892317,4.20817170719759,80767.07015625,98669.2138671875,5.0,Extreme Fear,31,3.7419354838709675,0.2047129032258065,0
2026-02-24,64080.04296875,40849331086,-0.8305824880296298,4.19335277298953,80171.019921875,98406.17044921876,8.0,Extreme Fear,24,3.4583333333333335,0.16934583333333333,0
2026-02-25,67960.125,53629234355,6.055055289432643,4.353683747267334,79655.641796875,98163.46927734376,11.0,Extreme Fear,28,3.5714285714285716,0.15915714285714286,0
2026-02-26,67453.7734375,42988597523,-0.7450715585058165,4.341557856589172,79178.556171875,97904.20435546876,11.0,Extreme Fear,26,3.6153846153846154,0.21791153846153846,0
2026-02-27,65881.796875,40283655942,-2.3304501473983996,4.346317935229396,78675.649609375,97639.95611328125,13.0,Extreme Fear,23,3.5217391304347827,0.35087391304347826,0
2026-02-28,66995.859375,42041497112,1.6910019957618205,4.294255146346268,78205.304765625,97374.07087890625,11.0,Extreme Fear,30,4.1,0.27154,1
2026-03-01,65738.1015625,40733141929,-1.8773664883674046,4.2996134080838875,77712.333828125,97086.04107421875,14.0,Extreme Fear,17,3.0,0.3688470588235294,1
2026-03-02,68775.8515625,56698092052,4.620988327616793,4.261785111598453,77271.301640625,96838.12244140625,10.0,Extreme Fear,17,3.235294117647059,0.20466470588235294,0
2026-03-03,68293.6484375,47947999049,-0.7011227255569463,4.249763584102243,76813.314765625,96592.59892578125,14.0,Extreme Fear,22,3.9545454545454546,0.32797272727272725,0
2026-03-04,72710.578125,75073101274,6.467555605177866,4.404741430452846,76361.090703125,96368.69505859374,10.0,Extreme Fear,19,4.105263157894737,0.36409473684210525,0
2026-03-05,70841.125,51172841727,-2.5710882421896564,4.372998680597294,75839.326640625,96135.63537109375,22.0,Extreme Fear,24,3.7916666666666665,0.34817499999999996,0
2026-03-06,68136.4921875,43776962871,-3.8178851796890623,4.38299452448752,75291.032734375,95895.05626953125,18.0,Extreme Fear,18,3.7222222222222223,0.2545166666666667,0
2026-03-07,67272.59375,23258701211,-1.267893913767526,3.508928120580962,74725.982265625,95667.26333984375,12.0,Extreme Fear,17,3.5294117647058822,0.24021764705882354,1
2026-03-08,65969.78125,33195080116,-1.936617019467901,2.661477080951836,74143.379453125,95425.73853515626,12.0,Extreme Fear,20,4.0,0.44296499999999994,1
2026-03-09,68402.3828125,49499875378,3.6874482776915407,2.7344669099799037,73638.738515625,95205.65529296875,8.0,Extreme Fear,21,4.142857142857143,0.3754571428571428,0
2026-03-10,69926.921875,54003996096,2.228780635725758,2.752971398851197,73186.205078125,94970.91947265626,13.0,Extreme Fear,20,3.15,0.10902,0
2026-03-11,70204.8828125,45236859848,0.3975020350486469,2.7534709851889567,72824.084609375,94745.07224609375,15.0,Extreme Fear,11,3.6363636363636362,0.33524545454545457,0
2026-03-12,70493.4609375,40871848129,0.4110513591636167,2.72974236896712,72446.414609375,94530.24740234375,18.0,Extreme Fear,10,3.0,0.08869,0
2026-03-13,70968.265625,61167226505,0.6735442992662266,2.6817020746287823,72076.530859375,94334.46697265626,15.0,Extreme Fear,31,3.4193548387096775,0.2717612903225806,0
2026-03-14,71214.625,22283546496,0.34714019404360474,2.6691081363338567,71710.745859375,94131.52681640624,16.0,Extreme Fear,31,2.903225806451613,0.16550967741935482,1
2026-03-15,72789.9140625,27991268669,2.212030271169718,2.603195773553074,71384.329453125,93939.36607421875,15.0,Extreme Fear,27,3.074074074074074,0.2604518518518518,1
2026-03-16,74861.0859375,55572438409,2.8454105238008953,2.6400893402008543,71150.106796875,93750.94748046875,23.0,Extreme Fear,23,3.9130434782608696,0.3232913043478261,0
2026-03-17,73922.4765625,49500721728,-1.253801442025071,2.636952112130753,70863.213515625,93578.50568359374,28.0,Fear,27,4.222222222222222,0.3430259259259259,0
2026-03-18,71245.578125,46229011155,-3.62122396594321,2.7312130359550144,70506.073671875,93390.69322265625,26.0,Fear,17,3.0588235294117645,0.10849411764705884,0
2026-03-19,69912.7890625,44631433398,-1.8706972384470388,2.728896708737281,70120.638046875,93199.07361328125,23.0,Extreme Fear,15,4.2,0.40751333333333334,0
2026-03-20,70522.5859375,38299078407,0.8722250723753211,2.711784769521615,69839.858046875,93005.43357421875,11.0,Extreme Fear,9,4.111111111111111,0.45892222222222223,0
2026-03-21,68711.5234375,21109354718,-2.5680602546325204,2.7569151436892687,69531.515390625,92792.98826171875,12.0,Extreme Fear,10,4.0,0.3078,1
2026-03-22,67845.2109375,30108051508,-1.2607965253281006,2.7542049833553643,69315.997265625,92573.59826171875,10.0,Extreme Fear,19,3.6842105263157894,0.38506315789473683,1
2026-03-23,70914.859375,51508669357,4.524488014825101,2.873869780961883,69194.805546875,92374.55455078125,8.0,Extreme Fear,12,2.9166666666666665,0.017708333333333326,0
2026-03-24,70517.859375,40181522399,-0.5598262529164066,2.8743257983086345,69031.387421875,92173.88892578126,11.0,Extreme Fear,21,3.142857142857143,0.10630476190476192,0
2026-03-25,71309.8828125,35409791747,1.1231529778693128,2.7391234425691926,68944.914140625,91979.31486328125,14.0,Extreme Fear,20,3.6,0.161045,0
2026-03-26,68791.625,38962070215,-3.531428903229905,2.822873250597934,68860.352578125,91767.43490234375,10.0,Extreme Fear,5,2.6,0.61234,0
2026-03-27,66338.375,46483453594,-3.5662044616623034,2.6867886222169908,68933.078125,91538.76962890624,13.0,Extreme Fear,6,2.3333333333333335,0.035783333333333334,0
2026-03-28,66319.6953125,20924883455,-0.02815819275042708,2.6835418690216084,68848.36421875,91312.71537109376,12.0,Extreme Fear,14,3.9285714285714284,0.41115714285714283,1
2026-03-29,65954.921875,21645889785,-0.5500227885263609,2.6502098135606422,68781.82328125,91072.71318359375,9.0,Extreme Fear,18,3.4444444444444446,0.19501111111111114,1
2026-03-30,66691.4453125,37694994180,1.116707315484189,2.6399071873730486,68710.35765625,90828.63271484376,8.0,Extreme Fear,16,3.0625,0.21760000000000002,0
2026-03-31,68233.3125,42997691338,2.311941479563351,2.646971617121624,68672.60828125,90589.29138671875,11.0,Extreme Fear,22,3.272727272727273,0.11039545454545455,0
2026-04-01,68078.5546875,36465393617,-0.22680682914228978,2.50951412719652,68658.30015625,90349.93162109375,8.0,Extreme Fear,21,4.238095238095238,0.24309523809523811,0
2026-04-02,66888.5703125,39323384518,-1.7479577533077273,2.5267640869886807,68656.2321875,90107.33619140626,12.0,Extreme Fear,21,3.1904761904761907,0.35722857142857145,0
2026-04-03,66931.1015625,22815543346,0.06358522809097877,2.208637295979333,68670.41734375,89864.76732421874,9.0,Extreme Fear,18,3.5,0.12685555555555558,0
2026-04-04,67290.515625,15878814963,0.5369911059425414,2.168642759207947,68639.07078125,89617.00396484375,11.0,Extreme Fear,15,4.0,0.27857333333333334,1
2026-04-05,68981.8984375,22972648674,2.513553056906015,2.106421988229142,68623.35625,89379.57091796875,12.0,Extreme Fear,14,3.857142857142857,0.35873571428571427,1
2026-04-06,68859.828125,39542143229,-0.17695992030517527,2.092029531121146,68624.7890625,89138.18404296874,13.0,Extreme Fear,19,3.6842105263157894,0.2068,0
2026-04-07,71940.703125,44650511480,4.474125312086663,2.20149157727513,68686.74,88919.44326171876,11.0,Extreme Fear,11,4.454545454545454,0.42910000000000004,0
2026-04-08,71123.359375,42444631703,-1.1361353371537541,2.1211900667936123,68759.3228125,88696.45025390625,17.0,Extreme Fear,14,4.5,0.1801142857142857,0
2026-04-09,71767.828125,38799581473,0.9061281070850802,2.0900489476129294,68866.17296875,88478.75892578125,14.0,Extreme Fear,13,3.4615384615384617,0.3683153846153846,0
2026-04-10,72979.046875,37722595732,1.6876904061948084,2.1094016888111478,68986.6034375,88279.91162109375,16.0,Extreme Fear,10,3.8,-0.018469999999999986,0
2026-04-11,73054.2734375,23287073965,0.10307967248304184,2.1088403941546896,69087.58046875,88085.11048828125,15.0,Extreme Fear,15,4.466666666666667,0.5392600000000001,1
2026-04-12,70753.40625,29882740487,-3.1495312720733026,2.189486407329549,69142.57328125,87872.23435546875,16.0,Extreme Fear,19,3.736842105263158,0.2166526315789474,1
2026-04-13,74484.640625,52278211554,5.273575609654846,2.3908913038710042,69279.07828125,87699.41111328125,12.0,Extreme Fear,13,3.923076923076923,0.21443846153846155,0
2026-04-14,74181.609375,53540826530,-0.40683723175310993,2.3616666573227794,69470.375703125,87521.75501953125,21.0,Extreme Fear,15,3.6,0.3494333333333334,0
2026-04-15,74805.078125,38090174312,0.8404626904874313,2.3087784946756464,69684.87640625,87347.37068359375,23.0,Extreme Fear,11,3.8181818181818183,0.2163909090909091,0
2026-04-16,75152.1328125,41312783855,0.4639453579876829,2.2972905231104885,69828.7165625,87162.51814453125,23.0,Extreme Fear,10,3.8,0.17245000000000002,0
2026-04-17,77126.875,54137194839,2.627659540184779,2.2324725461979056,70022.17859375,86976.15060546875,21.0,Extreme Fear,26,3.4615384615384617,0.20220769230769234,0
2026-04-18,75726.2109375,26014416776,-1.8160518788035929,2.2306715006312365,70219.066875,86784.50123046876,26.0,Fear,15,4.0,0.36078,1
2026-04-19,73856.3515625,30931515195,-2.4692366775663332,2.283421695888745,70356.27671875,86560.53833984376,27.0,Fear,12,3.9166666666666665,0.15845,1
2026-04-20,75872.5234375,39674447916,2.7298557704868998,2.2684512999335897,70558.96515625,86336.49466796876,29.0,Fear,19,3.5789473684210527,0.19592105263157897,0
2026-04-21,76352.7734375,36453522626,0.6329695893080522,2.2481758250769532,70710.50359375,86106.92587890624,33.0,Fear,7,3.142857142857143,0.28214285714285714,0
2026-04-22,78203.1015625,48336654537,2.4233934691509473,2.146281587050682,70908.69265625,85885.81423828125,32.0,Fear,12,3.0833333333333335,0.24123333333333333,0
2026-04-23,78268.953125,40354900916,0.08420581944230676,2.140091941401309,71019.86015625,85659.59162109374,46.0,Fear,14,3.142857142857143,0.08682142857142858,0
2026-04-24,77455.3125,32784213526,-1.0395445352393673,2.1502573113153054,71152.14390625,85423.10552734375,39.0,Fear,10,2.3,-0.018210000000000014,0
2026-04-25,77612.015625,16702933134,0.20231423764509593,2.025384434019576,71341.654375,85203.90869140625,31.0,Fear,20,2.65,0.13313999999999998,1
2026-04-26,78657.5390625,21482934750,1.3471154293320797,1.885539500439052,71569.35328125,84980.42205078126,33.0,Fear,8,3.125,0.0852875,1
2026-04-27,77366.625,38135631927,-1.641182876919478,1.926227674293753,71797.29015625,84758.72724609375,47.0,Neutral,9,3.6666666666666665,0.2480222222222222,0
2026-04-28,76350.671875,32056900880,-1.3131671764148978,1.9459565721598266,71956.2559375,84574.40876953125,33.0,Fear,7,3.4285714285714284,0.15068571428571428,0
2026-04-29,75776.1328125,41460907886,-0.7525003361340765,1.955668415962403,72073.24015625,84399.25001953125,26.0,Fear,12,2.9166666666666665,0.23888333333333334,0
2026-04-30,76304.3203125,29497862305,0.697036758667724,1.9244819605757455,72195.22890625,84204.92279296875,29.0,Fear,15,3.2666666666666666,0.11278,0
2026-05-01,78179.0,39164328894,2.456846060383411,1.9568706923824022,72348.9396875,84019.46240234375,26.0,Fear,16,2.75,0.17093750000000002,0
2026-05-02,78657.25,16761531851,0.6117371672699878,1.9110970926406052,72502.719375,83847.15533203125,39.0,Fear,11,3.4545454545454546,-0.06859090909090909,1
2026-05-03,78538.2265625,20544392639,-0.151319093281288,1.91342013864665,72649.19140625,83685.93064453125,47.0,Neutral,20,3.5,0.40984,1
2026-05-04,79827.90625,54325085296,1.6421044171065935,1.923731102193845,72789.95125,83544.13998046875,40.0,Fear,18,3.3333333333333335,0.32501111111111114,0
2026-05-05,80927.0546875,39700107376,1.3768974900303155,1.8955024565973075,72911.270625,83416.43630859375,50.0,Neutral,23,3.0,0.21246086956521743,0
2026-05-06,81427.53125,41751540000,0.6184292316489204,1.890525929632701,73061.37171875,83287.58263671875,46.0,Fear,17,3.235294117647059,0.18228235294117648,0
2026-05-07,80009.9921875,36931193154,-1.7408596831308243,1.7864600085965834,73236.66,83144.29904296875,47.0,Neutral,15,2.8,0.24687333333333333,0
2026-05-08,80186.765625,33789351540,0.22093920105095144,1.7640402983336532,73442.13953125,82992.28822265625,38.0,Fear,17,3.0588235294117645,0.2312764705882353,0
2026-05-09,80664.3671875,18102086996,0.595611456301337,1.7619722603692323,73644.97515625,82853.22560546875,38.0,Fear,12,2.5,-0.021400000000000002,1
2026-05-10,82138.9296875,26965971077,1.828022150812214,1.7656768685663478,73913.52328125,82725.47732421875,47.0,Neutral,18,3.3333333333333335,0.08365,1
2026-05-11,81728.296875,32409774919,-0.4999247178679611,1.772707939818644,74191.185,82583.77017578125,48.0,Neutral,21,3.619047619047619,0.28304285714285715,0
2026-05-12,80477.4921875,32186688600,-1.5304426194186482,1.683648599910394,74382.43765625,82430.98802734374,49.0,Neutral,18,3.4444444444444446,0.21285555555555558,0
2026-05-13,79277.1171875,34075428359,-1.4915661104390687,1.45149110456424,74557.6228125,82269.16498046875,42.0,Fear,8,4.5,0.4343625,0
2026-05-14,81051.25,43731663431,2.2378876470797504,1.4919683797852936,74752.45015625,82102.05900390625,34.0,Fear,15,3.6,0.23234000000000002,0
2026-05-15,79065.6796875,38183347368,-2.4497713637975926,1.5702343691476255,74957.93125,81926.79076171874,43.0,Fear,18,2.8333333333333335,0.1479111111111111,0
2026-05-16,78131.4375,25895799905,-1.18160267665125,1.5892041467356717,75193.7925,81752.66712890625,31.0,Fear,12,3.3333333333333335,0.1661,1
2026-05-17,77429.3515625,20900166465,-0.8985959556932488,1.5282444798955088,75415.985625,81589.53736328126,27.0,Fear,13,3.1538461538461537,-0.03335384615384615,1
2026-05-18,76954.171875,41520471808,-0.6136945201154598,1.493691442143816,75635.970625,81432.78048828125,28.0,Fear,17,3.411764705882353,0.11267058823529412,0
2026-05-19,76750.90625,26031898332,-0.2641385386229267,1.4170009207935306,75837.15984375,81268.75419921875,25.0,Extreme Fear,15,3.2666666666666666,0.3041,0
2026-05-20,77457.7734375,26668360936,0.9209887179670861,1.3392585435701827,76021.6490625,81105.72298828125,27.0,Fear,15,2.466666666666667,-0.008613333333333325,0
2026-05-21,77539.171875,27141485404,0.10508749979196708,1.3351717972860637,76210.86140625,80940.22072265625,29.0,Fear,12,4.333333333333333,0.3188916666666667,0
2026-05-22,75488.2421875,27859040109,-2.645023976792371,1.3464277455561902,76382.85484375,80784.92431640625,28.0,Fear,10,3.9,0.39369,0
2026-05-23,76673.3671875,29973220002,1.5699464786268935,1.3806660983319061,76577.70015625,80660.33853515625,28.0,Fear,10,3.8,0.36333000000000004,1
2026-05-24,76981.125,20572738918,0.4013881531345742,1.3704189617147342,76771.51234375,80525.78498046874,25.0,Extreme Fear,9,2.2222222222222223,0.03953333333333334,1
2026-05-25,77279.9296875,19808387601,0.38815318365379436,1.371837511580871,76937.47296875,80405.67818359374,30.0,Fear,18,3.4444444444444446,-0.03960555555555555,0
2026-05-26,75825.734375,35999475458,-1.881724424932052,1.3886406939170732,77076.79109375,80267.94482421875,34.0,Fear,13,3.076923076923077,0.08888461538461538,0
2026-05-27,74344.703125,33802172927,-1.9532039646005694,1.401590777290342,77124.87109375,80128.25775390625,25.0,Extreme Fear,17,3.1176470588235294,0.3252058823529412,0
2026-05-28,73536.5546875,40148145327,-1.0870289388891785,1.3955655281364245,77173.135,79972.34232421876,22.0,Extreme Fear,14,3.857142857142857,0.2786071428571429,0
2026-05-29,73372.5234375,34457929250,-0.223060831034394,1.3905733789056944,77205.22890625,79809.22197265625,23.0,Extreme Fear,20,3.4,0.216725,0
2026-05-30,73754.8359375,19563589191,0.5210567690583146,1.3874715347604287,77220.7446875,79663.00880859375,23.0,Extreme Fear,9,1.6666666666666667,-0.018811111111111087,1
2026-05-31,73579.6875,17445435650,-0.2374738351372918,1.3004734984583397,77231.25296875,79522.59130859375,28.0,Fear,10,3.3,0.23636,1
2026-06-01,71319.7734375,43378836121,-3.0713830668280595,1.3924156053338186,77242.5803125,79380.70271484375,29.0,Fear,14,3.7857142857142856,0.3791428571428571,0
2026-06-02,66703.65625,54990073882,-6.472422674681189,1.7884912770247134,77086.960625,79242.23205078125,23.0,Extreme Fear,12,2.8333333333333335,-0.11200833333333332,0
2026-06-03,64014.3671875,47411556213,-4.031696632071801,1.8501174517655774,76883.61578125,79084.55814453126,11.0,Extreme Fear,12,3.5833333333333335,0.12736666666666666,0
2026-06-04,63801.57421875,63800151780,-0.33241439086123536,1.8093014492694504,76663.545703125,78932.680625,12.0,Extreme Fear,16,3.6875,0.32000625,0
2026-06-05,60922.66796875,71465606706,-4.512280904119049,1.91274617598246,76378.95640625,78776.82458984375,12.0,Extreme Fear,16,3.25,0.2714875,0
2026-06-06,60867.4140625,30898464957,-0.09069515189049637,1.9127767415905932,76053.7671875,78616.41728515625,12.0,Extreme Fear,16,2.9375,0.18152500000000002,1
2026-06-07,63239.51953125,36006496194,3.8971681404343483,2.0953964669836727,75804.033359375,78475.284921875,12.0,Extreme Fear,17,3.6470588235294117,0.25129411764705883,1
2026-06-08,63090.58984375,34133252457,-0.23550097882448773,2.0822158087349063,75588.718125,78357.57837890626,8.0,Extreme Fear,11,2.6363636363636362,0.3053909090909091,0
2026-06-09,61643.78125,40144449754,-2.2932240724538477,2.0387262964909163,75304.14328125,78240.34384765624,10.0,Extreme Fear,11,3.272727272727273,0.2390272727272727,0
2026-06-10,61449.2890625,27493506779,-0.31550982687325035,2.0403508894838107,75006.07359375,78124.34849609375,9.0,Extreme Fear,16,3.875,0.2659875,0
2026-06-11,63561.0546875,29316677897,3.43659895373587,2.185922063119065,74713.23265625,78008.12873046874,12.0,Extreme Fear,13,2.076923076923077,0.06585384615384614,0
2026-06-12,63543.19921875,26881868307,-0.028091838371446798,2.1853657156935524,74418.717578125,77884.4919140625,12.0,Extreme Fear,15,3.066666666666667,0.11684000000000001,0
2026-06-13,64421.32421875,16956245530,1.3819338824553329,2.1508482879068733,74158.0378125,77769.88908203125,13.0,Extreme Fear,13,3.5384615384615383,0.2615461538461539,1
2026-06-14,65710.3984375,21572226975,2.0010054657876974,2.1821111167888843,73920.00546875,77645.84923828125,18.0,Extreme Fear,13,4.076923076923077,0.3113769230769231,1
2026-06-15,66289.5,32927321950,0.881293640382963,2.1953380693559192,73672.6446875,77520.86986328124,20.0,Extreme Fear,25,3.68,0.22746,0
2026-06-16,65600.640625,25063963967,-1.0391681563445165,2.1963177362638855,73437.325,77394.27673828125,23.0,Extreme Fear,22,3.3636363636363638,0.2817954545454545,0
2026-06-17,64418.4453125,31288885189,-1.802109402037566,2.2086101699858456,73198.68046875,77262.11017578124,22.0,Extreme Fear,14,3.7857142857142856,0.3585,0
2026-06-18,62896.47265625,30432454936,-2.36263487711752,2.231795190848639,72941.087265625,77124.6209765625,15.0,Extreme Fear,18,3.4444444444444446,0.20980000000000001,0
2026-06-19,63540.8359375,22361931660,1.0244823819797633,2.2343649985736995,72685.817578125,77010.7173046875,14.0,Extreme Fear,12,4.0,0.4456166666666667,0
2026-06-20,64239.67578125,17486384117,1.099827903487749,2.253007596431835,72407.03109375,76875.16466796875,23.0,Extreme Fear,7,2.7142857142857144,-0.06930000000000001,1
2026-06-21,63237.5390625,15739619591,-1.5599965388407244,2.2276192191218502,72098.636875,76723.71333984374,23.0,Extreme Fear,14,3.7857142857142856,0.4430714285714286,1
2026-06-22,63952.10546875,26561496819,1.129971875635083,2.2144937639395024,71806.914453125,76582.7657421875,20.0,Extreme Fear,12,3.8333333333333335,0.36388333333333334,0
2026-06-23,62668.01953125,29608942370,-2.007886883610832,2.2213935498636497,71463.71671875,76449.16705078125,23.0,Extreme Fear,18,4.222222222222222,0.35505000000000003,0
2026-06-24,60995.1328125,42644106535,-2.6694424544815853,2.2417325737380867,71065.07828125,76307.78083984375,17.0,Extreme Fear,22,3.409090909090909,0.21460454545454546,0
2026-06-25,59721.67578125,40625024718,-2.087801063020267,2.2455971916217505,70630.961171875,76154.361015625,12.0,Extreme Fear,17,3.6470588235294117,0.22546470588235296,0
2026-06-26,60016.4296875,41502864671,0.4935459402204856,2.2454988046557194,70231.089921875,76001.2421484375,13.0,Extreme Fear,12,2.6666666666666665,0.265175,0
2026-06-27,59940.09765625,15099836554,-0.12718522519159503,2.246432030662008,69826.1565625,75837.48408203125,15.0,Extreme Fear,12,2.8333333333333335,0.08689166666666666,1
2026-06-28,59532.33984375,16282230874,-0.6802755224698642,2.244954985568843,69403.516015625,75675.0410546875,18.0,Extreme Fear,13,2.8461538461538463,0.028800000000000006,1
2026-06-29,60138.37890625,30829983083,1.0179997360940662,2.25585091976863,68963.505,75513.17626953125,12.0,Extreme Fear,15,3.6666666666666665,0.20302,0
2026-06-30,58558.859375,32747419391,-2.6264750729518727,2.2826799087583183,68500.11625,75354.61849609375,15.0,Extreme Fear,15,3.6666666666666665,0.25991333333333333,0
2026-07-01,60003.7578125,37904450118,2.46742927188377,2.3108251865661416,68090.6415625,75203.14373046876,11.0,Extreme Fear,15,3.933333333333333,0.42329333333333335,0
2026-07-02,61485.30078125,40109297349,2.4690836420271145,2.086066988221037,67734.805234375,75069.6943359375,19.0,Extreme Fear,14,2.7857142857142856,0.1125357142857143,0
2026-07-03,62544.19921875,26131813598,1.7221977026140145,1.9886239589552168,67364.66421875,74950.31642578125,21.0,Extreme Fear,21,3.761904761904762,0.2418761904761905,0
2026-07-04,63088.3046875,18608397613,0.8699535297381988,1.9950143956068171,67045.11671875,74826.53802734375,22.0,Extreme Fear,12,3.4166666666666665,0.25328333333333336,1
2026-07-05,63547.8828125,18267466154,0.728468021571449,1.8086721258349023,66753.445625,74713.55865234375,23.0,Extreme Fear,15,3.466666666666667,0.2902666666666667,1
2026-07-06,63995.015625,36552222303,0.7036155930155497,1.8107414361214773,66484.75890625,74606.22119140625,24.0,Extreme Fear,5,3.0,0.13220000000000004,0
2026-07-07,63297.39453125,31026493556,-1.0901178582999993,1.682375105054515,66211.623359375,74482.19125,27.0,Fear,10,2.9,-0.036210000000000006,0
2026-07-08,62257.57421875,27349235354,-1.642753734494773,1.7090575730415714,65921.75671875,74351.75912109375,20.0,Extreme Fear,20,2.6,0.168645,0
2026-07-09,63193.1484375,26546256117,1.5027476262771566,1.6759311045230625,65636.46421875,74224.61611328126,22.0,Extreme Fear,12,3.75,0.2650666666666667,0
2026-07-10,64127.140625,27450201269,1.4779959704393386,1.6926379860139948,65368.22359375,74102.80173828125,23.0,Extreme Fear,14,4.142857142857143,0.44364285714285717,0
2026-07-11,63802.02734375,13954689047,-0.5069823448876076,1.5783623806700606,65134.499296875,73984.741875,26.0,Fear,13,3.4615384615384617,0.1549846153846154,1
2026-07-12,63758.21875,19043437787,-0.06866332556169086,1.578426543061687,64876.196328125,73865.4731640625,26.0,Fear,17,3.823529411764706,0.2141764705882353,1
2026-07-13,62239.12109375,37650044790,-2.3825911169295333,1.6158886091500737,64581.35625,73740.49505859375,28.0,Fear,11,3.4545454545454546,0.2772272727272727,0
2026-07-14,64956.11328125,29841287318,4.365408989962161,1.7721139923962292,64334.879921875,73628.7684765625,22.0,Extreme Fear,13,2.6923076923076925,0.09966153846153847,0
2026-07-15,64712.375,27029791676,-0.37523532264722714,1.7648298061986871,64112.612734375,73513.3195703125,25.0,Extreme Fear,25,2.72,0.10106399999999999,0
2026-07-16,63789.28125,27232426674,-1.4264562998962727,1.7735945660444292,63901.504296875,73393.086796875,25.0,Extreme Fear,17,2.9411764705882355,0.2663,0
2026-07-17,63899.4609375,27280236800,0.17272445360874134,1.7437999934002986,63708.762421875,73276.8933984375,27.0,Fear,15,3.7333333333333334,0.15679333333333334,0
2026-07-18,64796.6015625,14162542470,1.403987783054217,1.7038820540287754,63537.243984375,73158.7257421875,25.0,Extreme Fear,16,3.25,0.08748125000000001,1
2026-07-19,64690.8046875,15000653941,-0.16327534538667088,1.6957585009745082,63355.963359375,73044.635625,28.0,Fear,14,3.2857142857142856,0.4039857142857143,1
2026-07-20,65230.02734375,30988932408,0.8335383349377112,1.6908918389074878,63188.97015625,72927.12583984375,29.0,Fear,17,3.5294117647058822,0.25418823529411766,0
2026-07-21,66505.125,29554470321,1.9547709976119876,1.696189353634497,63092.6771875,72809.92798828126,25.0,Extreme Fear,12,3.8333333333333335,0.3419083333333333,0
2026-07-22,66100.796875,28142272410,-0.6079653635716054,1.6923683456716527,63080.62,72687.41603515625,33.0,Fear,20,3.4,0.063425,0
2026-07-23,65044.8125,24364433538,-1.597536527429344,1.6761237245089469,63101.22890625,72555.57263671875,31.0,Fear,12,3.3333333333333335,0.24745833333333334,0
2026-07-24,64098.49609375,25917559237,-1.454868374399576,1.6196999202316447,63107.16734375,72406.65234375,28.0,Fear,12,3.1666666666666665,0.06740833333333333,0
2026-07-25,64311.8125,13817493398,0.3327947132145015,1.5621973000764786,63174.950234375,72259.56625,27.0,Fear,24,2.4166666666666665,-0.082025,1
2026-07-26,65340.30078125,14301494281,1.59922142024842,1.5808562324526352,63264.40796875,72129.72748046875,26.0,Fear,12,3.3333333333333335,0.07747499999999999,1
2026-07-27,63724.8984375,26183821002,-2.4722909512739144,1.658559803310778,63274.115546875,71993.21634765626,30.0,Fear,9,3.2222222222222223,0.3979111111111111,0
2026-07-28,63871.36328125,24128738898,0.22983927372384194,1.6498720020227018,63289.731015625,71860.00765625,29.0,Fear,18,3.2777777777777777,0.20398333333333332,0
2026-07-29,63908.16796875,28611167472,0.05762314378343625,1.6437198227638086,63335.01875,71727.61525390625,29.0,Fear,10,3.8,0.38775000000000004,0
2026-07-30,64725.30859375,26250039650,1.2786168825862365,1.5635369755197965,63400.539140625,71597.1044921875,28.0,Fear,11,3.8181818181818183,0.12957272727272728,0
2026-07-31,62813.74609375,30439749629,-2.953346289931147,1.6220568189481686,63385.59296875,71455.20826171876,25.0,Extreme Fear,8,2.5,-0.20455,0
2026-08-01,62763.3203125,13553286543,-0.08027825816142586,1.5629049576415373,63369.995390625,71292.41595703125,27.0,Fear,11,2.8181818181818183,-0.015781818181818178,1
2026-08-02,63482.0,15901776708,1.1450632055819865,1.5454533713583845,63351.20890625,71125.17931640625,27.0,Fear,18,3.2222222222222223,0.23654444444444447,1
2026-08-03,63460.8984375,26038889824,-0.03324022951387562,1.5379328086462858,63306.21890625,70964.72787109375,28.0,Fear,13,3.4615384615384617,0.12476923076923077,0
2026-08-04,64055.953125,23662357784,0.9376713884472476,1.5416740064526215,63261.54796875,70807.38205078125,25.0,Extreme Fear,14,3.5,0.06445714285714285,0
2026-08-05,64597.5,23568584891,0.8454278620180888,1.5440009449934147,63241.48515625,70654.86994140624,27.0,Fear,12,3.75,0.20413333333333336,0
2026-08-06,64262.11328125,18529402711,-0.5191945798986075,1.5330359906933,63238.358515625,70508.008359375,25.0,Extreme Fear,8,2.5,0.17554999999999998,0
2026-08-07,64880.19140625,22165720102,0.9618079665306256,1.5067020808622122,63278.032890625,70369.64134765624,29.0,Fear,17,3.0,0.10162941176470588,0
2026-08-08,64904.6875,12350094271,0.03775589007839475,1.484881829918568,63305.309921875,70252.61025390626,30.0,Fear,8,3.125,-0.0957375,1
2026-08-09,64844.88671875,13234538380,-0.09213630564047781,1.4621242247307673,63317.414140625,70129.9498828125,31.0,Fear,10,4.0,0.29764999999999997,1
2026-08-10,63910.5859375,22384770392,-1.440824139769603,1.4841092157395177,63330.875078125,70002.190546875,30.0,Fear,11,3.272727272727273,0.034536363636363636,0
2026-08-11,63551.875,20824820662,-0.5612699871830218,1.4878019314005806,63322.87046875,69872.430546875,29.0,Fear,10,3.1,0.07655999999999999,0
2026-08-12,63402.43359375,23063864553,-0.23514869742238265,1.4193068968198064,63337.55875,69743.88904296875,27.0,Fear,11,3.909090909090909,0.37539090909090905,0
2026-08-13,63402.171875,18765583756,-0.00041278975453362676,1.1648615760322034,63385.69953125,69628.03880859374,29.0,Fear,15,3.933333333333333,0.22937333333333335,0
2026-08-14,62975.59375,20280053024,-0.6728131109467572,1.168774817133878,63450.777890625,69501.58107421875,29.0,Fear,16,3.0,0.058212499999999986,0
2026-08-15,63024.3203125,10033057106,0.07737372464233783,1.1411351447719045,63510.935703125,69371.18982421875,34.0,Fear,6,2.3333333333333335,-0.06786666666666667,1
2026-08-16,62818.65234375,9078986635,-0.32633111746420695,1.1416569031296189,63568.506796875,69239.360234375,34.0,Fear,7,2.857142857142857,0.1982714285714286,1
2026-08-17,64506.25390625,21555405073,2.686465722418352,1.2193652007365712,63667.985078125,69139.08357421875,31.0,Fear,10,2.4,-0.17931000000000002,0
2026-08-18,64680.7109375,18728001793,0.2704497946874218,1.2200288725414854,63758.83171875,69041.84384765624,41.0,Fear,11,3.5454545454545454,0.2978272727272727,0
2026-08-19,69266.1875,46228098443,7.089403465170441,1.7747485504030682,63972.97828125,68995.06919921875,46.0,Fear,11,3.0,0.3796,0
2026-08-20,73032.7578125,55444322363,5.437819589103277,1.9929821238928593,64233.55828125,68975.36076171875,62.0,Greed,10,4.1,0.31743,0
2026-08-21,78335.1875,74478039014,7.260344325368551,2.350735457979918,64570.556015625,68973.59287109374,72.0,Greed,20,2.85,0.08742000000000001,0
2026-08-22,77083.4140625,42131959963,-1.5979708193077369,2.350749418114914,64861.3403125,68980.84220703125,71.0,Greed,18,3.6666666666666665,0.32321666666666665,1
2026-08-23,77755.265625,31158396908,0.8715903034020478,2.319002264727433,65154.67953125,69004.52001953125,66.0,Greed,6,2.3333333333333335,-0.11683333333333334,1
2026-08-24,78964.484375,55502180329,1.555159949979279,2.323586680756061,65463.0115625,69085.831953125,73.0,Greed,11,3.3636363636363638,0.07093636363636363,0
2026-08-25,78564.9765625,46728068401,-0.5059335417207933,2.327649146988764,65754.41078125,69125.8798828125,74.0,Greed,19,2.6842105263157894,0.06457368421052634,0
2026-08-26,79027.421875,29329039002,0.5886150963618109,2.252309881449452,66069.011328125,69174.6071484375,65.0,Greed,4,3.5,0.3625,0
2026-08-27,80257.5390625,34033075972,1.5565700592456544,2.2548952539553366,66429.010625,69224.5712109375,71.0,Greed,7,4.0,0.3563428571428572,0
2026-08-28,77830.2890625,39362871737,-3.024326472444905,2.3572014386319013,66721.7534375,69263.11875,73.0,Greed,18,2.6666666666666665,-0.09612222222222222,0
2026-08-29,78245.8125,14053131399,0.5338839705019138,2.354656945109636,67004.126875,69310.3780078125,68.0,Greed,21,4.0,0.3541904761904762,1
2026-08-30,77667.5703125,19314839672,-0.7390071992670499,2.2706795244155176,67281.437734375,69363.756015625,69.0,Greed,77,4.7272727272727275,0.4066662337662338,1
2026-08-31,78548.6328125,30608386987,1.134402037369009,2.2664809659124363,67577.246015625,69425.3899609375,62.0,Greed,12,2.75,0.18055833333333335,0
2026-09-01,77403.625,30608796575,-1.4577055914304693,2.3013626345990286,67880.53609375,69468.1188671875,69.0,Greed,11,3.090909090909091,0.16047272727272727,0
2026-09-02,77300.4765625,26525296646,-0.13326047391191143,2.3025156155766866,68127.423359375,69505.783125,63.0,Greed,14,2.857142857142857,0.08891428571428571,0
2026-09-03,81271.7421875,40504199354,5.137440028314821,2.441886331657436,68458.610703125,69568.2008984375,65.0,Greed,10,3.4,0.16658,0
2026-09-04,79671.96875,37501874897,-1.9684251800695995,2.4945327797707844,68776.264453125,69622.3449609375,74.0,Greed,17,3.1176470588235294,0.15276470588235294,0
2026-09-05,79823.8671875,18559708494,0.1906548060543578,2.485617794798503,69094.752578125,69683.993203125,73.0,Greed,11,3.5454545454545454,0.06531818181818182,1
2026-09-06,80350.046875,19391863269,0.6591758906694389,2.48536141362526,69405.821484375,69753.6168359375,73.0,Greed,15,3.533333333333333,0.2389,1
2026-09-07,79115.8515625,23414434445,-1.5360231393766743,2.517196000471216,69694.322421875,69814.4084765625,71.0,Greed,11,3.909090909090909,0.3785363636363636,0
2026-09-08,78438.578125,34680168667,-0.856052768344362,2.5292361305598594,69958.4934375,69866.5742578125,69.0,Greed,13,2.230769230769231,0.1893923076923077,0
2026-09-09,78259.5234375,29192409298,-0.22827375480297674,2.503961798412921,70193.58140625,69917.853046875,66.0,Greed,12,2.6666666666666665,0.12155833333333334,0
2026-09-10,76568.125,30120111719,-2.1612685117496144,2.54854693990257,70402.92796875,69962.39671875,69.0,Greed,10,1.9,-0.04148,0
2026-09-11,77173.796875,37410998193,0.7910235166395996,2.5430884928854436,70645.50765625,70025.18201171875,56.0,Greed,16,2.75,0.12660625,0
2026-09-12,77270.46875,12664765797,0.1252651533480753,2.5420190692733606,70908.947109375,70091.134140625,63.0,Greed,8,2.5,0.376125,1
2026-09-13,76838.15625,13607872549,-0.5594795877305936,2.5400043371085776,71159.473984375,70135.524296875,61.0,Greed,12,2.0833333333333335,0.10463333333333334,1
2026-09-14,78163.3828125,29909358382,1.7246985445463547,2.5439788953493805,71415.935625,70189.07234375,57.0,Greed,6,2.8333333333333335,0.38306666666666667,0
2026-09-15,75612.5078125,39694675220,-3.2635166342775745,2.641505514488247,71653.6878125,70237.7258984375,69.0,Greed,11,3.090909090909091,0.021890909090909082,0
2026-09-16,76150.3203125,30053315577,0.7112745173505353,2.6135341819184217,71899.266953125,70283.498203125,51.0,Neutral,12,3.3333333333333335,0.286775,0
2026-09-17,76403.7734375,21917458567,0.3328326446427221,2.6132985393358994,72149.1790625,70336.8265625,50.0,Neutral,7,4.0,0.10634285714285714,0
2026-09-18,76403.7734375,0,0.0,2.6132985393358994,72149.1790625,70336.8265625,56.0,Greed,0,,,0
